<people xmlns="http://h2o.consulting/ns/star-wars">
   <name>Wilhuff Tarkin</name>
   <height>180</height>
   <hair_color>auburn, grey</hair_color>
   <skin_color>fair</skin_color>
   <eye_color>blue</eye_color>
   <birth_year>64BBY</birth_year>
   <gender>male</gender>
   <homeworld>http://swapi.co/api/planets/21/</homeworld>
   <films>http://swapi.co/api/films/1/</films>
   <films>http://swapi.co/api/films/6/</films>
   <species>http://swapi.co/api/species/1/</species>
   <created>2014-12-10T16:26:56.138000Z</created>
   <edited>2014-12-20T21:17:50.330000Z</edited>
   <url>http://swapi.co/api/people/12/</url>
   <desc>Governor Wilhuff "Grand Moff" Tarkin, is a fictional character in the Star Wars franchise, first portrayed by Peter Cushing in the 1977 film Star Wars. He is the commander of the Death Star, the Galactic Empire's dwarf planet-sized super weapon. The character has been called "one of the most formidable villains in Star Wars history."[1]</desc>
</people>
