<people>
   <name>Jek Tono Porkins</name>
   <height>180</height>
   <mass>110</mass>
   <hair_color>brown</hair_color>
   <skin_color>fair</skin_color>
   <eye_color>blue</eye_color>
   <gender>male</gender>
   <homeworld>http://swapi.co/api/planets/26/</homeworld>
   <films>http://swapi.co/api/films/1/</films>
   <species>http://swapi.co/api/species/1/</species>
   <starships>http://swapi.co/api/starships/12/</starships>
   <created>2014-12-12T11:16:56.569000Z</created>
   <edited>2014-12-20T21:17:50.343000Z</edited>
   <url>http://swapi.co/api/people/19/</url>
</people>
