<people>
   <name>R2-D2</name>
   <height>96</height>
   <mass>32</mass>
   <skin_color>white, blue</skin_color>
   <eye_color>red</eye_color>
   <birth_year>33BBY</birth_year>
   <homeworld>http://swapi.co/api/planets/8/</homeworld>
   <films>http://swapi.co/api/films/5/</films>
   <films>http://swapi.co/api/films/4/</films>
   <films>http://swapi.co/api/films/6/</films>
   <films>http://swapi.co/api/films/3/</films>
   <films>http://swapi.co/api/films/2/</films>
   <films>http://swapi.co/api/films/1/</films>
   <films>http://swapi.co/api/films/7/</films>
   <species>http://swapi.co/api/species/2/</species>
   <created>2014-12-10T15:11:50.376000Z</created>
   <edited>2014-12-20T21:17:50.311000Z</edited>
   <url>http://swapi.co/api/people/3/</url>
   <desc>R2-D2 is a fictional robot character in the Star Wars franchise created by George Lucas, who appears in the original trilogy, the prequel trilogy, the sequel trilogy, and Rogue One. A small astromech droid, R2-D2 is a major character and appears in all Star Wars films to date. Throughout the course of the films, he joins or supports Padmé Amidala, Anakin Skywalker, Leia Organa, Luke Skywalker, and Obi-Wan Kenobi in various points in the saga.</desc>
   <desc>English actor Kenny Baker played R2-D2 in all three original Star Wars films, and received billing credit for the character in the prequel trilogy, where Baker's role was reduced, as R2-D2 was portrayed mainly by radio controlled props and CGI models. In the sequel trilogy, Baker was credited as consultant for The Force Awakens, however Jimmy Vee also co-performed the character in some scenes. Vee later took over the role beginning in The Last Jedi.[1] R2-D2's sounds and vocal effects were created by Ben Burtt. R2-D2 was designed in artwork by Ralph McQuarrie, co-developed by John Stears and built by Tony Dyson.</desc>
</people>
