<people xmlns="http://h2o.consulting/ns/star-wars">
   <name>Nien Nunb</name>
   <height>160</height>
   <mass>68</mass>
   <hair_color>none</hair_color>
   <skin_color>grey</skin_color>
   <eye_color>black</eye_color>
   <gender>male</gender>
   <homeworld>http://swapi.co/api/planets/33/</homeworld>
   <films>http://swapi.co/api/films/3/</films>
   <species>http://swapi.co/api/species/10/</species>
   <starships>http://swapi.co/api/starships/10/</starships>
   <created>2014-12-18T11:26:18.541000Z</created>
   <edited>2014-12-20T21:17:50.371000Z</edited>
   <url>http://swapi.co/api/people/31/</url>
   <desc>Nien Nunb is a fictional character in the Star Wars franchise. Introduced in the 1983 film Return of the Jedi, he was brought to life both as a puppet and a costumed actor during the film. Nunb was puppeteered by Mike Quinn and was portrayed by Richard Bonehill in wide shots. The character was voiced by Kipsang Rotich, a Kenyan student who spoke in his native Kalenjin language, as well as in the Kikuyu language. Quinn and Rotich returned to the role for the 2015 film Star Wars: The Force Awakens, with the former confirmed for the 2017 film Star Wars: The Last Jedi.</desc>
   <desc>Within the fictional Star Wars universe, Nien Nunb was an arms dealer of the Sullustan species who joined the Alliance to Restore the Republic during the Galactic Civil War. Three decades later, Nunb was a starfighter pilot in the Resistance. He fought in the First Order–Resistance conflict, including the Battle of Starkiller Base.</desc>
</people>
