<people xmlns="http://h2o.consulting/ns/star-wars">
   <name>Nute Gunray</name>
   <height>191</height>
   <mass>90</mass>
   <hair_color>none</hair_color>
   <skin_color>mottled green</skin_color>
   <eye_color>red</eye_color>
   <gender>male</gender>
   <homeworld>http://swapi.co/api/planets/18/</homeworld>
   <films>http://swapi.co/api/films/5/</films>
   <films>http://swapi.co/api/films/4/</films>
   <films>http://swapi.co/api/films/6/</films>
   <species>http://swapi.co/api/species/11/</species>
   <created>2014-12-19T17:05:57.357000Z</created>
   <edited>2014-12-20T21:17:50.377000Z</edited>
   <url>http://swapi.co/api/people/33/</url>
</people>
