<people xmlns="http://h2o.consulting/ns/star-wars">
   <name>Finis Valorum</name>
   <height>170</height>
   <hair_color>blond</hair_color>
   <skin_color>fair</skin_color>
   <eye_color>blue</eye_color>
   <birth_year>91BBY</birth_year>
   <gender>male</gender>
   <homeworld>http://swapi.co/api/planets/9/</homeworld>
   <films>http://swapi.co/api/films/4/</films>
   <species>http://swapi.co/api/species/1/</species>
   <created>2014-12-19T17:21:45.915000Z</created>
   <edited>2014-12-20T21:17:50.379000Z</edited>
   <url>http://swapi.co/api/people/34/</url>
</people>
