<people>
   <name>Roos Tarpals</name>
   <height>224</height>
   <mass>82</mass>
   <hair_color>none</hair_color>
   <skin_color>grey</skin_color>
   <eye_color>orange</eye_color>
   <gender>male</gender>
   <homeworld>http://swapi.co/api/planets/8/</homeworld>
   <films>http://swapi.co/api/films/4/</films>
   <species>http://swapi.co/api/species/12/</species>
   <created>2014-12-19T17:32:56.741000Z</created>
   <edited>2014-12-20T21:17:50.385000Z</edited>
   <url>http://swapi.co/api/people/37/</url>
</people>
