<people>
   <name>Darth Vader</name>
   <height>202</height>
   <mass>136</mass>
   <hair_color>none</hair_color>
   <skin_color>white</skin_color>
   <eye_color>yellow</eye_color>
   <birth_year>41.9BBY</birth_year>
   <gender>male</gender>
   <homeworld>http://swapi.co/api/planets/1/</homeworld>
   <films>http://swapi.co/api/films/6/</films>
   <films>http://swapi.co/api/films/3/</films>
   <films>http://swapi.co/api/films/2/</films>
   <films>http://swapi.co/api/films/1/</films>
   <species>http://swapi.co/api/species/1/</species>
   <starships>http://swapi.co/api/starships/13/</starships>
   <created>2014-12-10T15:18:20.704000Z</created>
   <edited>2014-12-20T21:17:50.313000Z</edited>
   <url>http://swapi.co/api/people/4/</url>
   <desc>Darth Vader, also known by his birth name Anakin Skywalker, is a fictional character in the Star Wars franchise.[1][2][3] Vader appears in the original film trilogy as a pivotal antagonist whose actions drive the plot, while his past as Anakin Skywalker and the story of his corruption are central to the narrative of the prequel trilogy.</desc>
   <desc>The character was created by George Lucas and has been portrayed by numerous actors. His appearances span the first six Star Wars films, as well as Rogue One, and his character is heavily referenced in Star Wars: The Force Awakens. He is also an important character in the Star Wars expanded universe of television series, video games, novels, literature and comic books. Originally a Jedi prophesied to bring balance to the Force, he falls to the dark side of the Force and serves the evil Galactic Empire at the right hand of his Sith master, Emperor Palpatine (also known as Darth Sidious).[4] He is also the father of Luke Skywalker and Princess Leia Organa, secret husband of Padmé Amidala and grandfather of Kylo Ren.</desc>
   <desc>Darth Vader has become one of the most iconic villains in popular culture, and has been listed among the greatest villains and fictional characters ever.[5][6] The American Film Institute listed him as the third greatest movie villain in cinema history on 100 Years... 100 Heroes and Villains, behind Hannibal Lecter and Norman Bates.[7] However, other critics consider him a tragic hero, citing his original motivations for the greater good before his fall to the dark side.[8][9]</desc>
</people>
