<people xmlns="http://h2o.consulting/ns/star-wars">
   <name>Sebulba</name>
   <height>112</height>
   <mass>40</mass>
   <hair_color>none</hair_color>
   <skin_color>grey, red</skin_color>
   <eye_color>orange</eye_color>
   <gender>male</gender>
   <homeworld>http://swapi.co/api/planets/35/</homeworld>
   <films>http://swapi.co/api/films/4/</films>
   <species>http://swapi.co/api/species/14/</species>
   <created>2014-12-19T17:53:02.586000Z</created>
   <edited>2014-12-20T21:17:50.397000Z</edited>
   <url>http://swapi.co/api/people/41/</url>
</people>
