<people xmlns="http://h2o.consulting/ns/star-wars">
   <name>Quarsh Panaka</name>
   <height>183</height>
   <hair_color>black</hair_color>
   <skin_color>dark</skin_color>
   <eye_color>brown</eye_color>
   <birth_year>62BBY</birth_year>
   <gender>male</gender>
   <homeworld>http://swapi.co/api/planets/8/</homeworld>
   <films>http://swapi.co/api/films/4/</films>
   <created>2014-12-19T17:55:43.348000Z</created>
   <edited>2014-12-20T21:17:50.399000Z</edited>
   <url>http://swapi.co/api/people/42/</url>
</people>
