<people>
   <name>Darth Maul</name>
   <height>175</height>
   <mass>80</mass>
   <hair_color>none</hair_color>
   <skin_color>red</skin_color>
   <eye_color>yellow</eye_color>
   <birth_year>54BBY</birth_year>
   <gender>male</gender>
   <homeworld>http://swapi.co/api/planets/36/</homeworld>
   <films>http://swapi.co/api/films/4/</films>
   <species>http://swapi.co/api/species/22/</species>
   <vehicles>http://swapi.co/api/vehicles/42/</vehicles>
   <starships>http://swapi.co/api/starships/41/</starships>
   <created>2014-12-19T18:00:41.929000Z</created>
   <edited>2014-12-20T21:17:50.403000Z</edited>
   <url>http://swapi.co/api/people/44/</url>
   <desc>Darth Maul, later known simply as Maul, is a fictional character in the Star Wars franchise. Trained as Darth Sidious's first apprentice, he serves as a Sith Lord and a master of wielding a double-bladed lightsaber. He first appears in Star Wars: Episode I – The Phantom Menace (portrayed by Ray Park and voiced by Peter Serafinowicz), and later makes appearances in Star Wars: The Clone Wars and Star Wars Rebels, voiced by Samuel Witwer.</desc>
</people>
