<people xmlns="http://h2o.consulting/ns/star-wars">
   <name>Ayla Secura</name>
   <height>178</height>
   <mass>55</mass>
   <hair_color>none</hair_color>
   <skin_color>blue</skin_color>
   <eye_color>hazel</eye_color>
   <birth_year>48BBY</birth_year>
   <gender>female</gender>
   <homeworld>http://swapi.co/api/planets/37/</homeworld>
   <films>http://swapi.co/api/films/5/</films>
   <films>http://swapi.co/api/films/4/</films>
   <films>http://swapi.co/api/films/6/</films>
   <species>http://swapi.co/api/species/15/</species>
   <created>2014-12-20T09:48:01.172000Z</created>
   <edited>2014-12-20T21:17:50.409000Z</edited>
   <url>http://swapi.co/api/people/46/</url>
</people>
