<people xmlns="http://h2o.consulting/ns/star-wars">
   <name>Gasgano</name>
   <height>122</height>
   <hair_color>none</hair_color>
   <skin_color>white, blue</skin_color>
   <eye_color>black</eye_color>
   <gender>male</gender>
   <homeworld>http://swapi.co/api/planets/40/</homeworld>
   <films>http://swapi.co/api/films/4/</films>
   <species>http://swapi.co/api/species/18/</species>
   <created>2014-12-20T10:02:12.223000Z</created>
   <edited>2014-12-20T21:17:50.416000Z</edited>
   <url>http://swapi.co/api/people/49/</url>
</people>
