<people>
   <name>Ben Quadinaros</name>
   <height>163</height>
   <mass>65</mass>
   <hair_color>none</hair_color>
   <skin_color>grey, green, yellow</skin_color>
   <eye_color>orange</eye_color>
   <gender>male</gender>
   <homeworld>http://swapi.co/api/planets/41/</homeworld>
   <films>http://swapi.co/api/films/4/</films>
   <species>http://swapi.co/api/species/19/</species>
   <created>2014-12-20T10:08:33.777000Z</created>
   <edited>2014-12-20T21:17:50.417000Z</edited>
   <url>http://swapi.co/api/people/50/</url>
</people>
