<people>
   <name>Eeth Koth</name>
   <height>171</height>
   <hair_color>black</hair_color>
   <skin_color>brown</skin_color>
   <eye_color>brown</eye_color>
   <gender>male</gender>
   <homeworld>http://swapi.co/api/planets/45/</homeworld>
   <films>http://swapi.co/api/films/4/</films>
   <films>http://swapi.co/api/films/6/</films>
   <species>http://swapi.co/api/species/22/</species>
   <created>2014-12-20T10:26:47.902000Z</created>
   <edited>2014-12-20T21:17:50.427000Z</edited>
   <url>http://swapi.co/api/people/54/</url>
</people>
