<people xmlns="http://h2o.consulting/ns/star-wars">
   <name>Saesee Tiin</name>
   <height>188</height>
   <hair_color>none</hair_color>
   <skin_color>pale</skin_color>
   <eye_color>orange</eye_color>
   <gender>male</gender>
   <homeworld>http://swapi.co/api/planets/47/</homeworld>
   <films>http://swapi.co/api/films/4/</films>
   <films>http://swapi.co/api/films/6/</films>
   <species>http://swapi.co/api/species/24/</species>
   <created>2014-12-20T10:32:11.669000Z</created>
   <edited>2014-12-20T21:17:50.434000Z</edited>
   <url>http://swapi.co/api/people/56/</url>
</people>
