<people xmlns="http://h2o.consulting/ns/star-wars">
   <name>Yarael Poof</name>
   <height>264</height>
   <hair_color>none</hair_color>
   <skin_color>white</skin_color>
   <eye_color>yellow</eye_color>
   <gender>male</gender>
   <homeworld>http://swapi.co/api/planets/48/</homeworld>
   <films>http://swapi.co/api/films/4/</films>
   <species>http://swapi.co/api/species/25/</species>
   <created>2014-12-20T10:34:48.725000Z</created>
   <edited>2014-12-20T21:17:50.437000Z</edited>
   <url>http://swapi.co/api/people/57/</url>
</people>
