<people>
   <name>Mas Amedda</name>
   <height>196</height>
   <hair_color>none</hair_color>
   <skin_color>blue</skin_color>
   <eye_color>blue</eye_color>
   <gender>male</gender>
   <homeworld>http://swapi.co/api/planets/50/</homeworld>
   <films>http://swapi.co/api/films/5/</films>
   <films>http://swapi.co/api/films/4/</films>
   <species>http://swapi.co/api/species/27/</species>
   <created>2014-12-20T10:53:26.457000Z</created>
   <edited>2014-12-20T21:17:50.442000Z</edited>
   <url>http://swapi.co/api/people/59/</url>
</people>
