<people xmlns="http://h2o.consulting/ns/star-wars">
   <name>Gregar Typho</name>
   <height>185</height>
   <mass>85</mass>
   <hair_color>black</hair_color>
   <skin_color>dark</skin_color>
   <eye_color>brown</eye_color>
   <gender>male</gender>
   <homeworld>http://swapi.co/api/planets/8/</homeworld>
   <films>http://swapi.co/api/films/5/</films>
   <species>http://swapi.co/api/species/1/</species>
   <starships>http://swapi.co/api/starships/39/</starships>
   <created>2014-12-20T11:10:10.381000Z</created>
   <edited>2014-12-20T21:17:50.445000Z</edited>
   <url>http://swapi.co/api/people/60/</url>
</people>
