<people xmlns="http://h2o.consulting/ns/star-wars">
   <name>Cordé</name>
   <height>157</height>
   <hair_color>brown</hair_color>
   <skin_color>light</skin_color>
   <eye_color>brown</eye_color>
   <gender>female</gender>
   <homeworld>http://swapi.co/api/planets/8/</homeworld>
   <films>http://swapi.co/api/films/5/</films>
   <species>http://swapi.co/api/species/1/</species>
   <created>2014-12-20T11:11:39.630000Z</created>
   <edited>2014-12-20T21:17:50.449000Z</edited>
   <url>http://swapi.co/api/people/61/</url>
</people>
