<people xmlns="http://h2o.consulting/ns/star-wars">
   <name>Poggle the Lesser</name>
   <height>183</height>
   <mass>80</mass>
   <hair_color>none</hair_color>
   <skin_color>green</skin_color>
   <eye_color>yellow</eye_color>
   <gender>male</gender>
   <homeworld>http://swapi.co/api/planets/11/</homeworld>
   <films>http://swapi.co/api/films/5/</films>
   <films>http://swapi.co/api/films/6/</films>
   <species>http://swapi.co/api/species/28/</species>
   <created>2014-12-20T16:40:43.977000Z</created>
   <edited>2014-12-20T21:17:50.453000Z</edited>
   <url>http://swapi.co/api/people/63/</url>
</people>
