<people xmlns="http://h2o.consulting/ns/star-wars">
   <name>Beru Whitesun lars</name>
   <height>165</height>
   <mass>75</mass>
   <hair_color>brown</hair_color>
   <skin_color>light</skin_color>
   <eye_color>blue</eye_color>
   <birth_year>47BBY</birth_year>
   <gender>female</gender>
   <homeworld>http://swapi.co/api/planets/1/</homeworld>
   <films>http://swapi.co/api/films/5/</films>
   <films>http://swapi.co/api/films/6/</films>
   <films>http://swapi.co/api/films/1/</films>
   <species>http://swapi.co/api/species/1/</species>
   <created>2014-12-10T15:53:41.121000Z</created>
   <edited>2014-12-20T21:17:50.319000Z</edited>
   <url>http://swapi.co/api/people/7/</url>
</people>
