<people xmlns="http://h2o.consulting/ns/star-wars">
   <name>Taun We</name>
   <height>213</height>
   <hair_color>none</hair_color>
   <skin_color>grey</skin_color>
   <eye_color>black</eye_color>
   <gender>female</gender>
   <homeworld>http://swapi.co/api/planets/10/</homeworld>
   <films>http://swapi.co/api/films/5/</films>
   <species>http://swapi.co/api/species/32/</species>
   <created>2014-12-20T17:31:21.195000Z</created>
   <edited>2014-12-20T21:17:50.474000Z</edited>
   <url>http://swapi.co/api/people/73/</url>
</people>
