<people xmlns="http://h2o.consulting/ns/star-wars">
   <name>Wat Tambor</name>
   <height>193</height>
   <mass>48</mass>
   <hair_color>none</hair_color>
   <skin_color>green, grey</skin_color>
   <gender>male</gender>
   <homeworld>http://swapi.co/api/planets/56/</homeworld>
   <films>http://swapi.co/api/films/5/</films>
   <species>http://swapi.co/api/species/33/</species>
   <created>2014-12-20T17:53:52.607000Z</created>
   <edited>2014-12-20T21:17:50.481000Z</edited>
   <url>http://swapi.co/api/people/76/</url>
</people>
