<people xmlns="http://h2o.consulting/ns/star-wars">
   <name>San Hill</name>
   <height>191</height>
   <hair_color>none</hair_color>
   <skin_color>grey</skin_color>
   <eye_color>gold</eye_color>
   <gender>male</gender>
   <homeworld>http://swapi.co/api/planets/57/</homeworld>
   <films>http://swapi.co/api/films/5/</films>
   <species>http://swapi.co/api/species/34/</species>
   <created>2014-12-20T17:58:17.049000Z</created>
   <edited>2014-12-20T21:17:50.484000Z</edited>
   <url>http://swapi.co/api/people/77/</url>
</people>
