<people>
   <name>Grievous</name>
   <height>216</height>
   <mass>159</mass>
   <hair_color>none</hair_color>
   <skin_color>brown, white</skin_color>
   <eye_color>green, yellow</eye_color>
   <gender>male</gender>
   <homeworld>http://swapi.co/api/planets/59/</homeworld>
   <films>http://swapi.co/api/films/6/</films>
   <species>http://swapi.co/api/species/36/</species>
   <vehicles>http://swapi.co/api/vehicles/60/</vehicles>
   <starships>http://swapi.co/api/starships/74/</starships>
   <created>2014-12-20T19:43:53.348000Z</created>
   <edited>2014-12-20T21:17:50.488000Z</edited>
   <url>http://swapi.co/api/people/79/</url>
   <desc>General Grievous is a fictional character in the Star Wars franchise. A former Kaleesh warlord named Qymaen jai Sheelal, he is the Supreme Commander of the Confederacy of Independent Systems during the Clone Wars against the Galactic Republic and is trained in all lightsaber combat forms to ensure the Jedi's destruction.</desc>
   <desc>The character was originally introduced in 2004 in the animated series Star Wars: Clone Wars, before being part of the film Star Wars: Episode III – Revenge of the Sith.</desc>
</people>
