<people>
   <name>Tarfful</name>
   <height>234</height>
   <mass>136</mass>
   <hair_color>brown</hair_color>
   <skin_color>brown</skin_color>
   <eye_color>blue</eye_color>
   <gender>male</gender>
   <homeworld>http://swapi.co/api/planets/14/</homeworld>
   <films>http://swapi.co/api/films/6/</films>
   <species>http://swapi.co/api/species/3/</species>
   <created>2014-12-20T19:46:34.209000Z</created>
   <edited>2014-12-20T21:17:50.491000Z</edited>
   <url>http://swapi.co/api/people/80/</url>
</people>
