<people xmlns="http://h2o.consulting/ns/star-wars">
   <name>Raymus Antilles</name>
   <height>188</height>
   <mass>79</mass>
   <hair_color>brown</hair_color>
   <skin_color>light</skin_color>
   <eye_color>brown</eye_color>
   <gender>male</gender>
   <homeworld>http://swapi.co/api/planets/2/</homeworld>
   <films>http://swapi.co/api/films/1/</films>
   <films>http://swapi.co/api/films/6/</films>
   <species>http://swapi.co/api/species/1/</species>
   <created>2014-12-20T19:49:35.583000Z</created>
   <edited>2014-12-20T21:17:50.493000Z</edited>
   <url>http://swapi.co/api/people/81/</url>
</people>
