<people>
   <name>Sly Moore</name>
   <height>178</height>
   <mass>48</mass>
   <hair_color>none</hair_color>
   <skin_color>pale</skin_color>
   <eye_color>white</eye_color>
   <gender>female</gender>
   <homeworld>http://swapi.co/api/planets/60/</homeworld>
   <films>http://swapi.co/api/films/5/</films>
   <films>http://swapi.co/api/films/6/</films>
   <created>2014-12-20T20:18:37.619000Z</created>
   <edited>2014-12-20T21:17:50.496000Z</edited>
   <url>http://swapi.co/api/people/82/</url>
</people>
