<people xmlns="http://h2o.consulting/ns/star-wars">
   <name>Finn</name>
   <hair_color>black</hair_color>
   <skin_color>dark</skin_color>
   <eye_color>dark</eye_color>
   <gender>male</gender>
   <homeworld>http://swapi.co/api/planets/28/</homeworld>
   <films>http://swapi.co/api/films/7/</films>
   <species>http://swapi.co/api/species/1/</species>
   <created>2015-04-17T06:52:40.793621Z</created>
   <edited>2015-04-17T06:52:40.793674Z</edited>
   <url>http://swapi.co/api/people/84/</url>
   <desc>Finn, designation number FN-2187, is a fictional character in the Star Wars franchise. He first appeared in the 2015 film Star Wars: The Force Awakens in which he is a stormtrooper for the First Order who flees and turns against it after being shocked by their cruelty in his first combat mission. He is played by British actor John Boyega, who will reprise the role in Star Wars: The Last Jedi.</desc>
</people>
