{ "vehicle": {
   "name": "Snowspeeder",
   "model": "t-47 airspeeder",
   "manufacturer": "Incom corporation",
   "length": "4.5",
   "max_atmosphering_speed": "650",
   "crew": "2",
   "passengers": "0",
   "cargo_capacity": "10",
   "consumables": "none",
   "vehicle_class": "airspeeder",
   "pilots": [
      "http://swapi.co/api/people/1/",
      "http://swapi.co/api/people/18/"
   ],
   "films": [
      "http://swapi.co/api/films/2/"
   ],
   "created": "2014-12-15T12:22:12Z",
   "edited": "2014-12-22T18:21:15.623033Z",
   "url": "http://swapi.co/api/vehicles/14/"
}}
