{ "vehicle": {
   "name": "Storm IV Twin-Pod cloud car",
   "model": "Storm IV Twin-Pod",
   "manufacturer": "Bespin Motors",
   "cost_in_credits": "75000",
   "length": "7",
   "max_atmosphering_speed": "1500",
   "crew": "2",
   "passengers": "0",
   "cargo_capacity": "10",
   "consumables": "1 day",
   "vehicle_class": "repulsorcraft",
   "pilots": [],
   "films": [
      "http://swapi.co/api/films/2/"
   ],
   "created": "2014-12-15T12:58:50.530000Z",
   "edited": "2014-12-22T18:21:15.783232Z",
   "url": "http://swapi.co/api/vehicles/20/"
}}
