{ "vehicle": {
   "name": "Sail barge",
   "model": "Modified Luxury Sail Barge",
   "manufacturer": "Ubrikkian Industries Custom Vehicle Division",
   "cost_in_credits": "285000",
   "length": "30",
   "max_atmosphering_speed": "100",
   "crew": "26",
   "passengers": "500",
   "cargo_capacity": "2000000",
   "consumables": "Live food tanks",
   "vehicle_class": "sail barge",
   "pilots": [],
   "films": [
      "http://swapi.co/api/films/3/"
   ],
   "created": "2014-12-18T10:44:14.217000Z",
   "edited": "2014-12-22T18:21:15.807906Z",
   "url": "http://swapi.co/api/vehicles/24/"
}}
