{ "vehicle": {
   "name": "Imperial Speeder Bike",
   "model": "74-Z speeder bike",
   "manufacturer": "Aratech Repulsor Company",
   "cost_in_credits": "8000",
   "length": "3",
   "max_atmosphering_speed": "360",
   "crew": "1",
   "passengers": "1",
   "cargo_capacity": "4",
   "consumables": "1 day",
   "vehicle_class": "speeder",
   "pilots": [
      "http://swapi.co/api/people/1/",
      "http://swapi.co/api/people/5/"
   ],
   "films": [
      "http://swapi.co/api/films/3/"
   ],
   "created": "2014-12-18T11:20:04.625000Z",
   "edited": "2014-12-22T18:21:15.920537Z",
   "url": "http://swapi.co/api/vehicles/30/"
}}
