{ "vehicle": {
   "name": "Vulture Droid",
   "model": "Vulture-class droid starfighter",
   "manufacturer": "Haor Chall Engineering, Baktoid Armor Workshop",
   "length": "3.5",
   "max_atmosphering_speed": "1200",
   "crew": "0",
   "passengers": "0",
   "cargo_capacity": "0",
   "consumables": "none",
   "vehicle_class": "starfighter",
   "pilots": [],
   "films": [
      "http://swapi.co/api/films/4/",
      "http://swapi.co/api/films/6/"
   ],
   "created": "2014-12-19T17:09:53.584000Z",
   "edited": "2014-12-22T18:21:15.953870Z",
   "url": "http://swapi.co/api/vehicles/33/"
}}
