{ "vehicle": {
   "name": "Sith speeder",
   "model": "FC-20 speeder bike",
   "manufacturer": "Razalon",
   "cost_in_credits": "4000",
   "length": "1.5",
   "max_atmosphering_speed": "180",
   "crew": "1",
   "passengers": "0",
   "cargo_capacity": "2",
   "vehicle_class": "speeder",
   "pilots": [
      "http://swapi.co/api/people/44/"
   ],
   "films": [
      "http://swapi.co/api/films/4/"
   ],
   "created": "2014-12-20T10:09:56.095000Z",
   "edited": "2014-12-22T18:21:16.095041Z",
   "url": "http://swapi.co/api/vehicles/42/"
}}
