{ "vehicle": {
   "name": "T-16 skyhopper",
   "model": "T-16 skyhopper",
   "manufacturer": "Incom Corporation",
   "cost_in_credits": "14500",
   "length": "10.4",
   "max_atmosphering_speed": "1200",
   "crew": "1",
   "passengers": "1",
   "cargo_capacity": "50",
   "consumables": "0",
   "vehicle_class": "repulsorcraft",
   "pilots": [],
   "films": [
      "http://swapi.co/api/films/1/"
   ],
   "created": "2014-12-10T16:01:52.434000Z",
   "edited": "2014-12-22T18:21:15.552614Z",
   "url": "http://swapi.co/api/vehicles/6/"
}}
