{ "vehicle": {
   "name": "Raddaugh Gnasp fluttercraft",
   "model": "Raddaugh Gnasp fluttercraft",
   "manufacturer": "Appazanna Engineering Works",
   "cost_in_credits": "14750",
   "length": "7",
   "max_atmosphering_speed": "310",
   "crew": "2",
   "passengers": "0",
   "cargo_capacity": "20",
   "consumables": "none",
   "vehicle_class": "air speeder",
   "pilots": [],
   "films": [
      "http://swapi.co/api/films/6/"
   ],
   "created": "2014-12-20T20:21:55.648000Z",
   "edited": "2014-12-22T18:21:16.547708Z",
   "url": "http://swapi.co/api/vehicles/70/"
}}
