<triples xmlns="http://marklogic.com/semantics">
   <triple>
      <subject>http://h2o.consulting/ns/star-wars#film-1</subject>
      <predicate>http://h2o.consulting/ns/star-wars#title</predicate>
      <object datatype="http://www.w3.org/2001/XMLSchema#string">A New Hope</object>
   </triple>
   <triple>
      <subject>http://h2o.consulting/ns/star-wars#film-1</subject>
      <predicate>http://h2o.consulting/ns/star-wars#episode_id</predicate>
      <object datatype="http://www.w3.org/2001/XMLSchema#integer">4</object>
   </triple>
   <triple>
      <subject>http://h2o.consulting/ns/star-wars#film-1</subject>
      <predicate>http://h2o.consulting/ns/star-wars#opening_crawl</predicate>
      <object datatype="http://www.w3.org/2001/XMLSchema#string">It is a period of civil war.
Rebel spaceships, striking
from a hidden base, have won
their first victory against
the evil Galactic Empire.

During the battle, Rebel
spies managed to steal secret
plans to the Empire's
ultimate weapon, the DEATH
STAR, an armored space
station with enough power
to destroy an entire planet.

Pursued by the Empire's
sinister agents, Princess
Leia races home aboard her
starship, custodian of the
stolen plans that can save her
people and restore
freedom to the galaxy....</object>
   </triple>
   <triple>
      <subject>http://h2o.consulting/ns/star-wars#film-1</subject>
      <predicate>http://h2o.consulting/ns/star-wars#director</predicate>
      <object datatype="http://www.w3.org/2001/XMLSchema#string">George Lucas</object>
   </triple>
   <triple>
      <subject>http://h2o.consulting/ns/star-wars#film-1</subject>
      <predicate>http://h2o.consulting/ns/star-wars#producer</predicate>
      <object datatype="http://www.w3.org/2001/XMLSchema#string">Gary Kurtz, Rick McCallum</object>
   </triple>
   <triple>
      <subject>http://h2o.consulting/ns/star-wars#film-1</subject>
      <predicate>http://h2o.consulting/ns/star-wars#release_date</predicate>
      <object datatype="http://www.w3.org/2001/XMLSchema#date">1977-05-25</object>
   </triple>
   <triple>
      <subject>http://h2o.consulting/ns/star-wars#film-1</subject>
      <predicate>http://h2o.consulting/ns/star-wars#character</predicate>
      <object>http://h2o.consulting/ns/star-wars#people-1</object>
   </triple>
   <triple>
      <subject>http://h2o.consulting/ns/star-wars#film-1</subject>
      <predicate>http://h2o.consulting/ns/star-wars#character</predicate>
      <object>http://h2o.consulting/ns/star-wars#people-2</object>
   </triple>
   <triple>
      <subject>http://h2o.consulting/ns/star-wars#film-1</subject>
      <predicate>http://h2o.consulting/ns/star-wars#character</predicate>
      <object>http://h2o.consulting/ns/star-wars#people-3</object>
   </triple>
   <triple>
      <subject>http://h2o.consulting/ns/star-wars#film-1</subject>
      <predicate>http://h2o.consulting/ns/star-wars#character</predicate>
      <object>http://h2o.consulting/ns/star-wars#people-4</object>
   </triple>
   <triple>
      <subject>http://h2o.consulting/ns/star-wars#film-1</subject>
      <predicate>http://h2o.consulting/ns/star-wars#character</predicate>
      <object>http://h2o.consulting/ns/star-wars#people-5</object>
   </triple>
   <triple>
      <subject>http://h2o.consulting/ns/star-wars#film-1</subject>
      <predicate>http://h2o.consulting/ns/star-wars#character</predicate>
      <object>http://h2o.consulting/ns/star-wars#people-6</object>
   </triple>
   <triple>
      <subject>http://h2o.consulting/ns/star-wars#film-1</subject>
      <predicate>http://h2o.consulting/ns/star-wars#character</predicate>
      <object>http://h2o.consulting/ns/star-wars#people-7</object>
   </triple>
   <triple>
      <subject>http://h2o.consulting/ns/star-wars#film-1</subject>
      <predicate>http://h2o.consulting/ns/star-wars#character</predicate>
      <object>http://h2o.consulting/ns/star-wars#people-8</object>
   </triple>
   <triple>
      <subject>http://h2o.consulting/ns/star-wars#film-1</subject>
      <predicate>http://h2o.consulting/ns/star-wars#character</predicate>
      <object>http://h2o.consulting/ns/star-wars#people-9</object>
   </triple>
   <triple>
      <subject>http://h2o.consulting/ns/star-wars#film-1</subject>
      <predicate>http://h2o.consulting/ns/star-wars#character</predicate>
      <object>http://h2o.consulting/ns/star-wars#people-10</object>
   </triple>
   <triple>
      <subject>http://h2o.consulting/ns/star-wars#film-1</subject>
      <predicate>http://h2o.consulting/ns/star-wars#character</predicate>
      <object>http://h2o.consulting/ns/star-wars#people-12</object>
   </triple>
   <triple>
      <subject>http://h2o.consulting/ns/star-wars#film-1</subject>
      <predicate>http://h2o.consulting/ns/star-wars#character</predicate>
      <object>http://h2o.consulting/ns/star-wars#people-13</object>
   </triple>
   <triple>
      <subject>http://h2o.consulting/ns/star-wars#film-1</subject>
      <predicate>http://h2o.consulting/ns/star-wars#character</predicate>
      <object>http://h2o.consulting/ns/star-wars#people-14</object>
   </triple>
   <triple>
      <subject>http://h2o.consulting/ns/star-wars#film-1</subject>
      <predicate>http://h2o.consulting/ns/star-wars#character</predicate>
      <object>http://h2o.consulting/ns/star-wars#people-15</object>
   </triple>
   <triple>
      <subject>http://h2o.consulting/ns/star-wars#film-1</subject>
      <predicate>http://h2o.consulting/ns/star-wars#character</predicate>
      <object>http://h2o.consulting/ns/star-wars#people-16</object>
   </triple>
   <triple>
      <subject>http://h2o.consulting/ns/star-wars#film-1</subject>
      <predicate>http://h2o.consulting/ns/star-wars#character</predicate>
      <object>http://h2o.consulting/ns/star-wars#people-18</object>
   </triple>
   <triple>
      <subject>http://h2o.consulting/ns/star-wars#film-1</subject>
      <predicate>http://h2o.consulting/ns/star-wars#character</predicate>
      <object>http://h2o.consulting/ns/star-wars#people-19</object>
   </triple>
   <triple>
      <subject>http://h2o.consulting/ns/star-wars#film-1</subject>
      <predicate>http://h2o.consulting/ns/star-wars#character</predicate>
      <object>http://h2o.consulting/ns/star-wars#people-81</object>
   </triple>
   <triple>
      <subject>http://h2o.consulting/ns/star-wars#film-1</subject>
      <predicate>http://h2o.consulting/ns/star-wars#planet</predicate>
      <object>http://h2o.consulting/ns/star-wars#planet-2</object>
   </triple>
   <triple>
      <subject>http://h2o.consulting/ns/star-wars#film-1</subject>
      <predicate>http://h2o.consulting/ns/star-wars#planet</predicate>
      <object>http://h2o.consulting/ns/star-wars#planet-3</object>
   </triple>
   <triple>
      <subject>http://h2o.consulting/ns/star-wars#film-1</subject>
      <predicate>http://h2o.consulting/ns/star-wars#planet</predicate>
      <object>http://h2o.consulting/ns/star-wars#planet-1</object>
   </triple>
   <triple>
      <subject>http://h2o.consulting/ns/star-wars#film-1</subject>
      <predicate>http://h2o.consulting/ns/star-wars#starship</predicate>
      <object>http://h2o.consulting/ns/star-wars#starship-2</object>
   </triple>
   <triple>
      <subject>http://h2o.consulting/ns/star-wars#film-1</subject>
      <predicate>http://h2o.consulting/ns/star-wars#starship</predicate>
      <object>http://h2o.consulting/ns/star-wars#starship-3</object>
   </triple>
   <triple>
      <subject>http://h2o.consulting/ns/star-wars#film-1</subject>
      <predicate>http://h2o.consulting/ns/star-wars#starship</predicate>
      <object>http://h2o.consulting/ns/star-wars#starship-5</object>
   </triple>
   <triple>
      <subject>http://h2o.consulting/ns/star-wars#film-1</subject>
      <predicate>http://h2o.consulting/ns/star-wars#starship</predicate>
      <object>http://h2o.consulting/ns/star-wars#starship-9</object>
   </triple>
   <triple>
      <subject>http://h2o.consulting/ns/star-wars#film-1</subject>
      <predicate>http://h2o.consulting/ns/star-wars#starship</predicate>
      <object>http://h2o.consulting/ns/star-wars#starship-10</object>
   </triple>
   <triple>
      <subject>http://h2o.consulting/ns/star-wars#film-1</subject>
      <predicate>http://h2o.consulting/ns/star-wars#starship</predicate>
      <object>http://h2o.consulting/ns/star-wars#starship-11</object>
   </triple>
   <triple>
      <subject>http://h2o.consulting/ns/star-wars#film-1</subject>
      <predicate>http://h2o.consulting/ns/star-wars#starship</predicate>
      <object>http://h2o.consulting/ns/star-wars#starship-12</object>
   </triple>
   <triple>
      <subject>http://h2o.consulting/ns/star-wars#film-1</subject>
      <predicate>http://h2o.consulting/ns/star-wars#starship</predicate>
      <object>http://h2o.consulting/ns/star-wars#starship-13</object>
   </triple>
   <triple>
      <subject>http://h2o.consulting/ns/star-wars#film-1</subject>
      <predicate>http://h2o.consulting/ns/star-wars#vehicle</predicate>
      <object>http://h2o.consulting/ns/star-wars#vehicle-4</object>
   </triple>
   <triple>
      <subject>http://h2o.consulting/ns/star-wars#film-1</subject>
      <predicate>http://h2o.consulting/ns/star-wars#vehicle</predicate>
      <object>http://h2o.consulting/ns/star-wars#vehicle-6</object>
   </triple>
   <triple>
      <subject>http://h2o.consulting/ns/star-wars#film-1</subject>
      <predicate>http://h2o.consulting/ns/star-wars#vehicle</predicate>
      <object>http://h2o.consulting/ns/star-wars#vehicle-7</object>
   </triple>
   <triple>
      <subject>http://h2o.consulting/ns/star-wars#film-1</subject>
      <predicate>http://h2o.consulting/ns/star-wars#vehicle</predicate>
      <object>http://h2o.consulting/ns/star-wars#vehicle-8</object>
   </triple>
   <triple>
      <subject>http://h2o.consulting/ns/star-wars#film-1</subject>
      <predicate>http://h2o.consulting/ns/star-wars#species</predicate>
      <object>http://h2o.consulting/ns/star-wars#species-5</object>
   </triple>
   <triple>
      <subject>http://h2o.consulting/ns/star-wars#film-1</subject>
      <predicate>http://h2o.consulting/ns/star-wars#species</predicate>
      <object>http://h2o.consulting/ns/star-wars#species-3</object>
   </triple>
   <triple>
      <subject>http://h2o.consulting/ns/star-wars#film-1</subject>
      <predicate>http://h2o.consulting/ns/star-wars#species</predicate>
      <object>http://h2o.consulting/ns/star-wars#species-2</object>
   </triple>
   <triple>
      <subject>http://h2o.consulting/ns/star-wars#film-1</subject>
      <predicate>http://h2o.consulting/ns/star-wars#species</predicate>
      <object>http://h2o.consulting/ns/star-wars#species-1</object>
   </triple>
   <triple>
      <subject>http://h2o.consulting/ns/star-wars#film-1</subject>
      <predicate>http://h2o.consulting/ns/star-wars#species</predicate>
      <object>http://h2o.consulting/ns/star-wars#species-4</object>
   </triple>
   <triple>
      <subject>http://h2o.consulting/ns/star-wars#film-1</subject>
      <predicate>http://h2o.consulting/ns/star-wars#created</predicate>
      <object datatype="http://www.w3.org/2001/XMLSchema#dateTime">2014-12-10T14:23:31.880000Z</object>
   </triple>
   <triple>
      <subject>http://h2o.consulting/ns/star-wars#film-1</subject>
      <predicate>http://h2o.consulting/ns/star-wars#edited</predicate>
      <object datatype="http://www.w3.org/2001/XMLSchema#dateTime">2015-04-11T09:46:52.774897Z</object>
   </triple>
   <triple>
      <subject>http://h2o.consulting/ns/star-wars#film-1</subject>
      <predicate>http://h2o.consulting/ns/star-wars#url</predicate>
      <object datatype="http://www.w3.org/2001/XMLSchema#string">http://swapi.co/api/films/1/</object>
   </triple>
   <triple>
      <subject>http://h2o.consulting/ns/star-wars#film-1</subject>
      <predicate>http://h2o.consulting/ns/star-wars#desc</predicate>
      <object datatype="http://www.w3.org/2001/XMLSchema#string">Star Wars (later retitled Star Wars: Episode IV – A New Hope) is a 1977 American epic space opera film written and directed by George Lucas. It is the first film in the original Star Wars trilogy, the first Star Wars movie in general, and the beginning of the Star Wars franchise. Starring Mark Hamill, Harrison Ford, Carrie Fisher, Peter Cushing, Alec Guinness, David Prowse, James Earl Jones, Anthony Daniels, Kenny Baker, and Peter Mayhew, the film's plot focuses on the Rebel Alliance, led by Princess Leia (Fisher), and its attempt to destroy the Galactic Empire's space station, the Death Star. This conflict disrupts the isolated life of farmhand Luke Skywalker (Hamill), who inadvertently acquires a pair of droids that possess stolen architectural plans for the Death Star. When the Empire begins a destructive search for the missing droids, Skywalker accompanies Jedi Master Obi-Wan Kenobi (Guinness) on a mission to return the plans to the Rebel Alliance and rescue Leia from her imprisonment by the Empire.</object>
   </triple>
   <triple>
      <subject>http://h2o.consulting/ns/star-wars#film-1</subject>
      <predicate>http://h2o.consulting/ns/star-wars#desc</predicate>
      <object datatype="http://www.w3.org/2001/XMLSchema#string">Star Wars was released in theatres in the United States on May 25, 1977. It earned $461 million in the U.S. and $314 million overseas, totaling $775 million ($3.132 billion in 2017 dollars, adjusted for inflation). It surpassed Jaws (1975) to become the highest-grossing film of all time until the release of E.T. the Extra-Terrestrial (1982). When adjusted for inflation, Star Wars is the second-highest-grossing film in North America, and the third-highest-grossing film in the world. It received ten Academy Award nominations (including Best Picture), winning seven. It was among the first films to be selected as part of the U.S. Library of Congress' National Film Registry as being "culturally, historically, or aesthetically significant". At the time, it was the most recent film on the registry and the only one chosen from the 1970s. Its soundtrack was added to the U.S. National Recording Registry in 2004. Today, it is often regarded as one of the most important films in the history of motion pictures. It launched an industry of tie-in products, including TV series spinoffs, novels, comic books, and video games, and merchandise including toys, games and clothing.</object>
   </triple>
   <triple>
      <subject>http://h2o.consulting/ns/star-wars#film-1</subject>
      <predicate>http://h2o.consulting/ns/star-wars#desc</predicate>
      <object datatype="http://www.w3.org/2001/XMLSchema#string">The film's success led to two critically and commercially successful sequels, The Empire Strikes Back in 1980 and Return of the Jedi in 1983. Star Wars was reissued multiple times at Lucas' behest, incorporating many changes including modified computer-generated effects, altered dialogue, re-edited shots, remixed soundtracks, and added scenes. A prequel trilogy was released beginning with The Phantom Menace in 1999, continuing with Attack of the Clones in 2002, and concluding with Revenge of the Sith in 2005. The film was followed by a sequel trilogy beginning with The Force Awakens in 2015. A direct prequel, Rogue One, was released in 2016. The film's fourth sequel, The Last Jedi, will be released in December 2017.</object>
   </triple>
</triples>
