<triples xmlns="http://marklogic.com/semantics">
   <triple>
      <subject>http://h2o.consulting/ns/star-wars#film-3</subject>
      <predicate>http://h2o.consulting/ns/star-wars#title</predicate>
      <object datatype="http://www.w3.org/2001/XMLSchema#string">Return of the Jedi</object>
   </triple>
   <triple>
      <subject>http://h2o.consulting/ns/star-wars#film-3</subject>
      <predicate>http://h2o.consulting/ns/star-wars#episode_id</predicate>
      <object datatype="http://www.w3.org/2001/XMLSchema#integer">6</object>
   </triple>
   <triple>
      <subject>http://h2o.consulting/ns/star-wars#film-3</subject>
      <predicate>http://h2o.consulting/ns/star-wars#opening_crawl</predicate>
      <object datatype="http://www.w3.org/2001/XMLSchema#string">Luke Skywalker has returned to
his home planet of Tatooine in
an attempt to rescue his
friend Han Solo from the
clutches of the vile gangster
Jabba the Hutt.

Little does Luke know that the
GALACTIC EMPIRE has secretly
begun construction on a new
armored space station even
more powerful than the first
dreaded Death Star.

When completed, this ultimate
weapon will spell certain doom
for the small band of rebels
struggling to restore freedom
to the galaxy...</object>
   </triple>
   <triple>
      <subject>http://h2o.consulting/ns/star-wars#film-3</subject>
      <predicate>http://h2o.consulting/ns/star-wars#director</predicate>
      <object datatype="http://www.w3.org/2001/XMLSchema#string">Richard Marquand</object>
   </triple>
   <triple>
      <subject>http://h2o.consulting/ns/star-wars#film-3</subject>
      <predicate>http://h2o.consulting/ns/star-wars#producer</predicate>
      <object datatype="http://www.w3.org/2001/XMLSchema#string">Howard G. Kazanjian, George Lucas, Rick McCallum</object>
   </triple>
   <triple>
      <subject>http://h2o.consulting/ns/star-wars#film-3</subject>
      <predicate>http://h2o.consulting/ns/star-wars#release_date</predicate>
      <object datatype="http://www.w3.org/2001/XMLSchema#date">1983-05-25</object>
   </triple>
   <triple>
      <subject>http://h2o.consulting/ns/star-wars#film-3</subject>
      <predicate>http://h2o.consulting/ns/star-wars#character</predicate>
      <object>http://h2o.consulting/ns/star-wars#people-1</object>
   </triple>
   <triple>
      <subject>http://h2o.consulting/ns/star-wars#film-3</subject>
      <predicate>http://h2o.consulting/ns/star-wars#character</predicate>
      <object>http://h2o.consulting/ns/star-wars#people-2</object>
   </triple>
   <triple>
      <subject>http://h2o.consulting/ns/star-wars#film-3</subject>
      <predicate>http://h2o.consulting/ns/star-wars#character</predicate>
      <object>http://h2o.consulting/ns/star-wars#people-3</object>
   </triple>
   <triple>
      <subject>http://h2o.consulting/ns/star-wars#film-3</subject>
      <predicate>http://h2o.consulting/ns/star-wars#character</predicate>
      <object>http://h2o.consulting/ns/star-wars#people-4</object>
   </triple>
   <triple>
      <subject>http://h2o.consulting/ns/star-wars#film-3</subject>
      <predicate>http://h2o.consulting/ns/star-wars#character</predicate>
      <object>http://h2o.consulting/ns/star-wars#people-5</object>
   </triple>
   <triple>
      <subject>http://h2o.consulting/ns/star-wars#film-3</subject>
      <predicate>http://h2o.consulting/ns/star-wars#character</predicate>
      <object>http://h2o.consulting/ns/star-wars#people-10</object>
   </triple>
   <triple>
      <subject>http://h2o.consulting/ns/star-wars#film-3</subject>
      <predicate>http://h2o.consulting/ns/star-wars#character</predicate>
      <object>http://h2o.consulting/ns/star-wars#people-13</object>
   </triple>
   <triple>
      <subject>http://h2o.consulting/ns/star-wars#film-3</subject>
      <predicate>http://h2o.consulting/ns/star-wars#character</predicate>
      <object>http://h2o.consulting/ns/star-wars#people-14</object>
   </triple>
   <triple>
      <subject>http://h2o.consulting/ns/star-wars#film-3</subject>
      <predicate>http://h2o.consulting/ns/star-wars#character</predicate>
      <object>http://h2o.consulting/ns/star-wars#people-16</object>
   </triple>
   <triple>
      <subject>http://h2o.consulting/ns/star-wars#film-3</subject>
      <predicate>http://h2o.consulting/ns/star-wars#character</predicate>
      <object>http://h2o.consulting/ns/star-wars#people-18</object>
   </triple>
   <triple>
      <subject>http://h2o.consulting/ns/star-wars#film-3</subject>
      <predicate>http://h2o.consulting/ns/star-wars#character</predicate>
      <object>http://h2o.consulting/ns/star-wars#people-20</object>
   </triple>
   <triple>
      <subject>http://h2o.consulting/ns/star-wars#film-3</subject>
      <predicate>http://h2o.consulting/ns/star-wars#character</predicate>
      <object>http://h2o.consulting/ns/star-wars#people-21</object>
   </triple>
   <triple>
      <subject>http://h2o.consulting/ns/star-wars#film-3</subject>
      <predicate>http://h2o.consulting/ns/star-wars#character</predicate>
      <object>http://h2o.consulting/ns/star-wars#people-22</object>
   </triple>
   <triple>
      <subject>http://h2o.consulting/ns/star-wars#film-3</subject>
      <predicate>http://h2o.consulting/ns/star-wars#character</predicate>
      <object>http://h2o.consulting/ns/star-wars#people-25</object>
   </triple>
   <triple>
      <subject>http://h2o.consulting/ns/star-wars#film-3</subject>
      <predicate>http://h2o.consulting/ns/star-wars#character</predicate>
      <object>http://h2o.consulting/ns/star-wars#people-27</object>
   </triple>
   <triple>
      <subject>http://h2o.consulting/ns/star-wars#film-3</subject>
      <predicate>http://h2o.consulting/ns/star-wars#character</predicate>
      <object>http://h2o.consulting/ns/star-wars#people-28</object>
   </triple>
   <triple>
      <subject>http://h2o.consulting/ns/star-wars#film-3</subject>
      <predicate>http://h2o.consulting/ns/star-wars#character</predicate>
      <object>http://h2o.consulting/ns/star-wars#people-29</object>
   </triple>
   <triple>
      <subject>http://h2o.consulting/ns/star-wars#film-3</subject>
      <predicate>http://h2o.consulting/ns/star-wars#character</predicate>
      <object>http://h2o.consulting/ns/star-wars#people-30</object>
   </triple>
   <triple>
      <subject>http://h2o.consulting/ns/star-wars#film-3</subject>
      <predicate>http://h2o.consulting/ns/star-wars#character</predicate>
      <object>http://h2o.consulting/ns/star-wars#people-31</object>
   </triple>
   <triple>
      <subject>http://h2o.consulting/ns/star-wars#film-3</subject>
      <predicate>http://h2o.consulting/ns/star-wars#character</predicate>
      <object>http://h2o.consulting/ns/star-wars#people-45</object>
   </triple>
   <triple>
      <subject>http://h2o.consulting/ns/star-wars#film-3</subject>
      <predicate>http://h2o.consulting/ns/star-wars#planet</predicate>
      <object>http://h2o.consulting/ns/star-wars#planet-5</object>
   </triple>
   <triple>
      <subject>http://h2o.consulting/ns/star-wars#film-3</subject>
      <predicate>http://h2o.consulting/ns/star-wars#planet</predicate>
      <object>http://h2o.consulting/ns/star-wars#planet-7</object>
   </triple>
   <triple>
      <subject>http://h2o.consulting/ns/star-wars#film-3</subject>
      <predicate>http://h2o.consulting/ns/star-wars#planet</predicate>
      <object>http://h2o.consulting/ns/star-wars#planet-8</object>
   </triple>
   <triple>
      <subject>http://h2o.consulting/ns/star-wars#film-3</subject>
      <predicate>http://h2o.consulting/ns/star-wars#planet</predicate>
      <object>http://h2o.consulting/ns/star-wars#planet-9</object>
   </triple>
   <triple>
      <subject>http://h2o.consulting/ns/star-wars#film-3</subject>
      <predicate>http://h2o.consulting/ns/star-wars#planet</predicate>
      <object>http://h2o.consulting/ns/star-wars#planet-1</object>
   </triple>
   <triple>
      <subject>http://h2o.consulting/ns/star-wars#film-3</subject>
      <predicate>http://h2o.consulting/ns/star-wars#starship</predicate>
      <object>http://h2o.consulting/ns/star-wars#starship-10</object>
   </triple>
   <triple>
      <subject>http://h2o.consulting/ns/star-wars#film-3</subject>
      <predicate>http://h2o.consulting/ns/star-wars#starship</predicate>
      <object>http://h2o.consulting/ns/star-wars#starship-11</object>
   </triple>
   <triple>
      <subject>http://h2o.consulting/ns/star-wars#film-3</subject>
      <predicate>http://h2o.consulting/ns/star-wars#starship</predicate>
      <object>http://h2o.consulting/ns/star-wars#starship-12</object>
   </triple>
   <triple>
      <subject>http://h2o.consulting/ns/star-wars#film-3</subject>
      <predicate>http://h2o.consulting/ns/star-wars#starship</predicate>
      <object>http://h2o.consulting/ns/star-wars#starship-15</object>
   </triple>
   <triple>
      <subject>http://h2o.consulting/ns/star-wars#film-3</subject>
      <predicate>http://h2o.consulting/ns/star-wars#starship</predicate>
      <object>http://h2o.consulting/ns/star-wars#starship-22</object>
   </triple>
   <triple>
      <subject>http://h2o.consulting/ns/star-wars#film-3</subject>
      <predicate>http://h2o.consulting/ns/star-wars#starship</predicate>
      <object>http://h2o.consulting/ns/star-wars#starship-23</object>
   </triple>
   <triple>
      <subject>http://h2o.consulting/ns/star-wars#film-3</subject>
      <predicate>http://h2o.consulting/ns/star-wars#starship</predicate>
      <object>http://h2o.consulting/ns/star-wars#starship-27</object>
   </triple>
   <triple>
      <subject>http://h2o.consulting/ns/star-wars#film-3</subject>
      <predicate>http://h2o.consulting/ns/star-wars#starship</predicate>
      <object>http://h2o.consulting/ns/star-wars#starship-28</object>
   </triple>
   <triple>
      <subject>http://h2o.consulting/ns/star-wars#film-3</subject>
      <predicate>http://h2o.consulting/ns/star-wars#starship</predicate>
      <object>http://h2o.consulting/ns/star-wars#starship-29</object>
   </triple>
   <triple>
      <subject>http://h2o.consulting/ns/star-wars#film-3</subject>
      <predicate>http://h2o.consulting/ns/star-wars#starship</predicate>
      <object>http://h2o.consulting/ns/star-wars#starship-3</object>
   </triple>
   <triple>
      <subject>http://h2o.consulting/ns/star-wars#film-3</subject>
      <predicate>http://h2o.consulting/ns/star-wars#starship</predicate>
      <object>http://h2o.consulting/ns/star-wars#starship-17</object>
   </triple>
   <triple>
      <subject>http://h2o.consulting/ns/star-wars#film-3</subject>
      <predicate>http://h2o.consulting/ns/star-wars#starship</predicate>
      <object>http://h2o.consulting/ns/star-wars#starship-2</object>
   </triple>
   <triple>
      <subject>http://h2o.consulting/ns/star-wars#film-3</subject>
      <predicate>http://h2o.consulting/ns/star-wars#vehicle</predicate>
      <object>http://h2o.consulting/ns/star-wars#vehicle-8</object>
   </triple>
   <triple>
      <subject>http://h2o.consulting/ns/star-wars#film-3</subject>
      <predicate>http://h2o.consulting/ns/star-wars#vehicle</predicate>
      <object>http://h2o.consulting/ns/star-wars#vehicle-16</object>
   </triple>
   <triple>
      <subject>http://h2o.consulting/ns/star-wars#film-3</subject>
      <predicate>http://h2o.consulting/ns/star-wars#vehicle</predicate>
      <object>http://h2o.consulting/ns/star-wars#vehicle-18</object>
   </triple>
   <triple>
      <subject>http://h2o.consulting/ns/star-wars#film-3</subject>
      <predicate>http://h2o.consulting/ns/star-wars#vehicle</predicate>
      <object>http://h2o.consulting/ns/star-wars#vehicle-19</object>
   </triple>
   <triple>
      <subject>http://h2o.consulting/ns/star-wars#film-3</subject>
      <predicate>http://h2o.consulting/ns/star-wars#vehicle</predicate>
      <object>http://h2o.consulting/ns/star-wars#vehicle-24</object>
   </triple>
   <triple>
      <subject>http://h2o.consulting/ns/star-wars#film-3</subject>
      <predicate>http://h2o.consulting/ns/star-wars#vehicle</predicate>
      <object>http://h2o.consulting/ns/star-wars#vehicle-25</object>
   </triple>
   <triple>
      <subject>http://h2o.consulting/ns/star-wars#film-3</subject>
      <predicate>http://h2o.consulting/ns/star-wars#vehicle</predicate>
      <object>http://h2o.consulting/ns/star-wars#vehicle-26</object>
   </triple>
   <triple>
      <subject>http://h2o.consulting/ns/star-wars#film-3</subject>
      <predicate>http://h2o.consulting/ns/star-wars#vehicle</predicate>
      <object>http://h2o.consulting/ns/star-wars#vehicle-30</object>
   </triple>
   <triple>
      <subject>http://h2o.consulting/ns/star-wars#film-3</subject>
      <predicate>http://h2o.consulting/ns/star-wars#species</predicate>
      <object>http://h2o.consulting/ns/star-wars#species-5</object>
   </triple>
   <triple>
      <subject>http://h2o.consulting/ns/star-wars#film-3</subject>
      <predicate>http://h2o.consulting/ns/star-wars#species</predicate>
      <object>http://h2o.consulting/ns/star-wars#species-6</object>
   </triple>
   <triple>
      <subject>http://h2o.consulting/ns/star-wars#film-3</subject>
      <predicate>http://h2o.consulting/ns/star-wars#species</predicate>
      <object>http://h2o.consulting/ns/star-wars#species-8</object>
   </triple>
   <triple>
      <subject>http://h2o.consulting/ns/star-wars#film-3</subject>
      <predicate>http://h2o.consulting/ns/star-wars#species</predicate>
      <object>http://h2o.consulting/ns/star-wars#species-9</object>
   </triple>
   <triple>
      <subject>http://h2o.consulting/ns/star-wars#film-3</subject>
      <predicate>http://h2o.consulting/ns/star-wars#species</predicate>
      <object>http://h2o.consulting/ns/star-wars#species-10</object>
   </triple>
   <triple>
      <subject>http://h2o.consulting/ns/star-wars#film-3</subject>
      <predicate>http://h2o.consulting/ns/star-wars#species</predicate>
      <object>http://h2o.consulting/ns/star-wars#species-15</object>
   </triple>
   <triple>
      <subject>http://h2o.consulting/ns/star-wars#film-3</subject>
      <predicate>http://h2o.consulting/ns/star-wars#species</predicate>
      <object>http://h2o.consulting/ns/star-wars#species-3</object>
   </triple>
   <triple>
      <subject>http://h2o.consulting/ns/star-wars#film-3</subject>
      <predicate>http://h2o.consulting/ns/star-wars#species</predicate>
      <object>http://h2o.consulting/ns/star-wars#species-2</object>
   </triple>
   <triple>
      <subject>http://h2o.consulting/ns/star-wars#film-3</subject>
      <predicate>http://h2o.consulting/ns/star-wars#species</predicate>
      <object>http://h2o.consulting/ns/star-wars#species-1</object>
   </triple>
   <triple>
      <subject>http://h2o.consulting/ns/star-wars#film-3</subject>
      <predicate>http://h2o.consulting/ns/star-wars#created</predicate>
      <object datatype="http://www.w3.org/2001/XMLSchema#dateTime">2014-12-18T10:39:33.255000Z</object>
   </triple>
   <triple>
      <subject>http://h2o.consulting/ns/star-wars#film-3</subject>
      <predicate>http://h2o.consulting/ns/star-wars#edited</predicate>
      <object datatype="http://www.w3.org/2001/XMLSchema#dateTime">2015-04-11T09:46:05.220365Z</object>
   </triple>
   <triple>
      <subject>http://h2o.consulting/ns/star-wars#film-3</subject>
      <predicate>http://h2o.consulting/ns/star-wars#url</predicate>
      <object datatype="http://www.w3.org/2001/XMLSchema#string">http://swapi.co/api/films/3/</object>
   </triple>
   <triple>
      <subject>http://h2o.consulting/ns/star-wars#film-3</subject>
      <predicate>http://h2o.consulting/ns/star-wars#desc</predicate>
      <object datatype="http://www.w3.org/2001/XMLSchema#string">Return of the Jedi (also known as Star Wars: Episode VI – Return of the Jedi) is a 1983 American epic space opera film directed by Richard Marquand. The screenplay by Lawrence Kasdan and George Lucas was from a story by Lucas, who was also the executive producer. It is the third installment in the original Star Wars trilogy and the first film to use THX technology. The film is set one year after The Empire Strikes Back[9] and was produced by Howard Kazanjian for Lucasfilm Ltd. The film stars Mark Hamill, Harrison Ford, Carrie Fisher, Billy Dee Williams, Anthony Daniels, David Prowse, Kenny Baker, Peter Mayhew and Frank Oz.</object>
   </triple>
   <triple>
      <subject>http://h2o.consulting/ns/star-wars#film-3</subject>
      <predicate>http://h2o.consulting/ns/star-wars#desc</predicate>
      <object datatype="http://www.w3.org/2001/XMLSchema#string">The Galactic Empire, under the direction of the ruthless Emperor, is constructing a second Death Star in order to crush the Rebel Alliance once and for all. Since the Emperor plans to personally oversee the final stages of its construction, the Rebel Fleet launches a full-scale attack on the Death Star in order to prevent its completion and kill the Emperor, effectively bringing an end to the Empire's hold over the galaxy. Meanwhile, Luke Skywalker, a Jedi apprentice, struggles to bring his father Darth Vader back to the Light Side of the Force.</object>
   </triple>
   <triple>
      <subject>http://h2o.consulting/ns/star-wars#film-3</subject>
      <predicate>http://h2o.consulting/ns/star-wars#desc</predicate>
      <object datatype="http://www.w3.org/2001/XMLSchema#string">David Lynch and David Cronenberg were considered to direct the project before Marquand signed on as director. The production team relied on Lucas' storyboards during pre-production. While writing the shooting script, Lucas, Kasdan, Marquand, and producer Howard Kazanjian spent two weeks in conference discussing ideas to construct it. Kazanjian's schedule pushed shooting to begin a few weeks early to allow Industrial Light & Magic more time to work on the film's effects in post-production. Filming took place in England, California, and Arizona from January to May 1982 (1982-05). Strict secrecy surrounded the production and the film used the working title Blue Harvest to prevent price gouging.</object>
   </triple>
   <triple>
      <subject>http://h2o.consulting/ns/star-wars#film-3</subject>
      <predicate>http://h2o.consulting/ns/star-wars#desc</predicate>
      <object datatype="http://www.w3.org/2001/XMLSchema#string">The film was released in theaters on May 25, 1983, six years to the day after the release of the first film, receiving mostly positive reviews. The film grossed between $475 million[6][7] and $572 million worldwide.[8] Several home video and theatrical releases and revisions to the film followed over the next 20 years. Star Wars continued with The Phantom Menace as part of the film series' prequel trilogy.</object>
   </triple>
   <triple>
      <subject>http://h2o.consulting/ns/star-wars#film-3</subject>
      <predicate>http://h2o.consulting/ns/star-wars#desc</predicate>
      <object datatype="http://www.w3.org/2001/XMLSchema#string">A sequel, The Force Awakens, was released on December 18, 2015, as part of the new sequel trilogy.[10]</object>
   </triple>
</triples>
