<triples xmlns="http://marklogic.com/semantics">
   <triple>
      <subject>http://h2o.consulting/ns/star-wars#film-4</subject>
      <predicate>http://h2o.consulting/ns/star-wars#title</predicate>
      <object datatype="http://www.w3.org/2001/XMLSchema#string">The Phantom Menace</object>
   </triple>
   <triple>
      <subject>http://h2o.consulting/ns/star-wars#film-4</subject>
      <predicate>http://h2o.consulting/ns/star-wars#episode_id</predicate>
      <object datatype="http://www.w3.org/2001/XMLSchema#integer">1</object>
   </triple>
   <triple>
      <subject>http://h2o.consulting/ns/star-wars#film-4</subject>
      <predicate>http://h2o.consulting/ns/star-wars#opening_crawl</predicate>
      <object datatype="http://www.w3.org/2001/XMLSchema#string">Turmoil has engulfed the
Galactic Republic. The taxation
of trade routes to outlying star
systems is in dispute.

Hoping to resolve the matter
with a blockade of deadly
battleships, the greedy Trade
Federation has stopped all
shipping to the small planet
of Naboo.

While the Congress of the
Republic endlessly debates
this alarming chain of events,
the Supreme Chancellor has
secretly dispatched two Jedi
Knights, the guardians of
peace and justice in the
galaxy, to settle the conflict....</object>
   </triple>
   <triple>
      <subject>http://h2o.consulting/ns/star-wars#film-4</subject>
      <predicate>http://h2o.consulting/ns/star-wars#director</predicate>
      <object datatype="http://www.w3.org/2001/XMLSchema#string">George Lucas</object>
   </triple>
   <triple>
      <subject>http://h2o.consulting/ns/star-wars#film-4</subject>
      <predicate>http://h2o.consulting/ns/star-wars#producer</predicate>
      <object datatype="http://www.w3.org/2001/XMLSchema#string">Rick McCallum</object>
   </triple>
   <triple>
      <subject>http://h2o.consulting/ns/star-wars#film-4</subject>
      <predicate>http://h2o.consulting/ns/star-wars#release_date</predicate>
      <object datatype="http://www.w3.org/2001/XMLSchema#date">1999-05-19</object>
   </triple>
   <triple>
      <subject>http://h2o.consulting/ns/star-wars#film-4</subject>
      <predicate>http://h2o.consulting/ns/star-wars#character</predicate>
      <object>http://h2o.consulting/ns/star-wars#people-2</object>
   </triple>
   <triple>
      <subject>http://h2o.consulting/ns/star-wars#film-4</subject>
      <predicate>http://h2o.consulting/ns/star-wars#character</predicate>
      <object>http://h2o.consulting/ns/star-wars#people-3</object>
   </triple>
   <triple>
      <subject>http://h2o.consulting/ns/star-wars#film-4</subject>
      <predicate>http://h2o.consulting/ns/star-wars#character</predicate>
      <object>http://h2o.consulting/ns/star-wars#people-10</object>
   </triple>
   <triple>
      <subject>http://h2o.consulting/ns/star-wars#film-4</subject>
      <predicate>http://h2o.consulting/ns/star-wars#character</predicate>
      <object>http://h2o.consulting/ns/star-wars#people-11</object>
   </triple>
   <triple>
      <subject>http://h2o.consulting/ns/star-wars#film-4</subject>
      <predicate>http://h2o.consulting/ns/star-wars#character</predicate>
      <object>http://h2o.consulting/ns/star-wars#people-16</object>
   </triple>
   <triple>
      <subject>http://h2o.consulting/ns/star-wars#film-4</subject>
      <predicate>http://h2o.consulting/ns/star-wars#character</predicate>
      <object>http://h2o.consulting/ns/star-wars#people-20</object>
   </triple>
   <triple>
      <subject>http://h2o.consulting/ns/star-wars#film-4</subject>
      <predicate>http://h2o.consulting/ns/star-wars#character</predicate>
      <object>http://h2o.consulting/ns/star-wars#people-21</object>
   </triple>
   <triple>
      <subject>http://h2o.consulting/ns/star-wars#film-4</subject>
      <predicate>http://h2o.consulting/ns/star-wars#character</predicate>
      <object>http://h2o.consulting/ns/star-wars#people-32</object>
   </triple>
   <triple>
      <subject>http://h2o.consulting/ns/star-wars#film-4</subject>
      <predicate>http://h2o.consulting/ns/star-wars#character</predicate>
      <object>http://h2o.consulting/ns/star-wars#people-33</object>
   </triple>
   <triple>
      <subject>http://h2o.consulting/ns/star-wars#film-4</subject>
      <predicate>http://h2o.consulting/ns/star-wars#character</predicate>
      <object>http://h2o.consulting/ns/star-wars#people-34</object>
   </triple>
   <triple>
      <subject>http://h2o.consulting/ns/star-wars#film-4</subject>
      <predicate>http://h2o.consulting/ns/star-wars#character</predicate>
      <object>http://h2o.consulting/ns/star-wars#people-36</object>
   </triple>
   <triple>
      <subject>http://h2o.consulting/ns/star-wars#film-4</subject>
      <predicate>http://h2o.consulting/ns/star-wars#character</predicate>
      <object>http://h2o.consulting/ns/star-wars#people-37</object>
   </triple>
   <triple>
      <subject>http://h2o.consulting/ns/star-wars#film-4</subject>
      <predicate>http://h2o.consulting/ns/star-wars#character</predicate>
      <object>http://h2o.consulting/ns/star-wars#people-38</object>
   </triple>
   <triple>
      <subject>http://h2o.consulting/ns/star-wars#film-4</subject>
      <predicate>http://h2o.consulting/ns/star-wars#character</predicate>
      <object>http://h2o.consulting/ns/star-wars#people-39</object>
   </triple>
   <triple>
      <subject>http://h2o.consulting/ns/star-wars#film-4</subject>
      <predicate>http://h2o.consulting/ns/star-wars#character</predicate>
      <object>http://h2o.consulting/ns/star-wars#people-40</object>
   </triple>
   <triple>
      <subject>http://h2o.consulting/ns/star-wars#film-4</subject>
      <predicate>http://h2o.consulting/ns/star-wars#character</predicate>
      <object>http://h2o.consulting/ns/star-wars#people-41</object>
   </triple>
   <triple>
      <subject>http://h2o.consulting/ns/star-wars#film-4</subject>
      <predicate>http://h2o.consulting/ns/star-wars#character</predicate>
      <object>http://h2o.consulting/ns/star-wars#people-42</object>
   </triple>
   <triple>
      <subject>http://h2o.consulting/ns/star-wars#film-4</subject>
      <predicate>http://h2o.consulting/ns/star-wars#character</predicate>
      <object>http://h2o.consulting/ns/star-wars#people-43</object>
   </triple>
   <triple>
      <subject>http://h2o.consulting/ns/star-wars#film-4</subject>
      <predicate>http://h2o.consulting/ns/star-wars#character</predicate>
      <object>http://h2o.consulting/ns/star-wars#people-44</object>
   </triple>
   <triple>
      <subject>http://h2o.consulting/ns/star-wars#film-4</subject>
      <predicate>http://h2o.consulting/ns/star-wars#character</predicate>
      <object>http://h2o.consulting/ns/star-wars#people-46</object>
   </triple>
   <triple>
      <subject>http://h2o.consulting/ns/star-wars#film-4</subject>
      <predicate>http://h2o.consulting/ns/star-wars#character</predicate>
      <object>http://h2o.consulting/ns/star-wars#people-48</object>
   </triple>
   <triple>
      <subject>http://h2o.consulting/ns/star-wars#film-4</subject>
      <predicate>http://h2o.consulting/ns/star-wars#character</predicate>
      <object>http://h2o.consulting/ns/star-wars#people-49</object>
   </triple>
   <triple>
      <subject>http://h2o.consulting/ns/star-wars#film-4</subject>
      <predicate>http://h2o.consulting/ns/star-wars#character</predicate>
      <object>http://h2o.consulting/ns/star-wars#people-50</object>
   </triple>
   <triple>
      <subject>http://h2o.consulting/ns/star-wars#film-4</subject>
      <predicate>http://h2o.consulting/ns/star-wars#character</predicate>
      <object>http://h2o.consulting/ns/star-wars#people-51</object>
   </triple>
   <triple>
      <subject>http://h2o.consulting/ns/star-wars#film-4</subject>
      <predicate>http://h2o.consulting/ns/star-wars#character</predicate>
      <object>http://h2o.consulting/ns/star-wars#people-52</object>
   </triple>
   <triple>
      <subject>http://h2o.consulting/ns/star-wars#film-4</subject>
      <predicate>http://h2o.consulting/ns/star-wars#character</predicate>
      <object>http://h2o.consulting/ns/star-wars#people-53</object>
   </triple>
   <triple>
      <subject>http://h2o.consulting/ns/star-wars#film-4</subject>
      <predicate>http://h2o.consulting/ns/star-wars#character</predicate>
      <object>http://h2o.consulting/ns/star-wars#people-54</object>
   </triple>
   <triple>
      <subject>http://h2o.consulting/ns/star-wars#film-4</subject>
      <predicate>http://h2o.consulting/ns/star-wars#character</predicate>
      <object>http://h2o.consulting/ns/star-wars#people-55</object>
   </triple>
   <triple>
      <subject>http://h2o.consulting/ns/star-wars#film-4</subject>
      <predicate>http://h2o.consulting/ns/star-wars#character</predicate>
      <object>http://h2o.consulting/ns/star-wars#people-56</object>
   </triple>
   <triple>
      <subject>http://h2o.consulting/ns/star-wars#film-4</subject>
      <predicate>http://h2o.consulting/ns/star-wars#character</predicate>
      <object>http://h2o.consulting/ns/star-wars#people-57</object>
   </triple>
   <triple>
      <subject>http://h2o.consulting/ns/star-wars#film-4</subject>
      <predicate>http://h2o.consulting/ns/star-wars#character</predicate>
      <object>http://h2o.consulting/ns/star-wars#people-58</object>
   </triple>
   <triple>
      <subject>http://h2o.consulting/ns/star-wars#film-4</subject>
      <predicate>http://h2o.consulting/ns/star-wars#character</predicate>
      <object>http://h2o.consulting/ns/star-wars#people-59</object>
   </triple>
   <triple>
      <subject>http://h2o.consulting/ns/star-wars#film-4</subject>
      <predicate>http://h2o.consulting/ns/star-wars#character</predicate>
      <object>http://h2o.consulting/ns/star-wars#people-47</object>
   </triple>
   <triple>
      <subject>http://h2o.consulting/ns/star-wars#film-4</subject>
      <predicate>http://h2o.consulting/ns/star-wars#character</predicate>
      <object>http://h2o.consulting/ns/star-wars#people-35</object>
   </triple>
   <triple>
      <subject>http://h2o.consulting/ns/star-wars#film-4</subject>
      <predicate>http://h2o.consulting/ns/star-wars#planet</predicate>
      <object>http://h2o.consulting/ns/star-wars#planet-8</object>
   </triple>
   <triple>
      <subject>http://h2o.consulting/ns/star-wars#film-4</subject>
      <predicate>http://h2o.consulting/ns/star-wars#planet</predicate>
      <object>http://h2o.consulting/ns/star-wars#planet-9</object>
   </triple>
   <triple>
      <subject>http://h2o.consulting/ns/star-wars#film-4</subject>
      <predicate>http://h2o.consulting/ns/star-wars#planet</predicate>
      <object>http://h2o.consulting/ns/star-wars#planet-1</object>
   </triple>
   <triple>
      <subject>http://h2o.consulting/ns/star-wars#film-4</subject>
      <predicate>http://h2o.consulting/ns/star-wars#starship</predicate>
      <object>http://h2o.consulting/ns/star-wars#starship-40</object>
   </triple>
   <triple>
      <subject>http://h2o.consulting/ns/star-wars#film-4</subject>
      <predicate>http://h2o.consulting/ns/star-wars#starship</predicate>
      <object>http://h2o.consulting/ns/star-wars#starship-41</object>
   </triple>
   <triple>
      <subject>http://h2o.consulting/ns/star-wars#film-4</subject>
      <predicate>http://h2o.consulting/ns/star-wars#starship</predicate>
      <object>http://h2o.consulting/ns/star-wars#starship-31</object>
   </triple>
   <triple>
      <subject>http://h2o.consulting/ns/star-wars#film-4</subject>
      <predicate>http://h2o.consulting/ns/star-wars#starship</predicate>
      <object>http://h2o.consulting/ns/star-wars#starship-32</object>
   </triple>
   <triple>
      <subject>http://h2o.consulting/ns/star-wars#film-4</subject>
      <predicate>http://h2o.consulting/ns/star-wars#starship</predicate>
      <object>http://h2o.consulting/ns/star-wars#starship-39</object>
   </triple>
   <triple>
      <subject>http://h2o.consulting/ns/star-wars#film-4</subject>
      <predicate>http://h2o.consulting/ns/star-wars#vehicle</predicate>
      <object>http://h2o.consulting/ns/star-wars#vehicle-33</object>
   </triple>
   <triple>
      <subject>http://h2o.consulting/ns/star-wars#film-4</subject>
      <predicate>http://h2o.consulting/ns/star-wars#vehicle</predicate>
      <object>http://h2o.consulting/ns/star-wars#vehicle-34</object>
   </triple>
   <triple>
      <subject>http://h2o.consulting/ns/star-wars#film-4</subject>
      <predicate>http://h2o.consulting/ns/star-wars#vehicle</predicate>
      <object>http://h2o.consulting/ns/star-wars#vehicle-35</object>
   </triple>
   <triple>
      <subject>http://h2o.consulting/ns/star-wars#film-4</subject>
      <predicate>http://h2o.consulting/ns/star-wars#vehicle</predicate>
      <object>http://h2o.consulting/ns/star-wars#vehicle-36</object>
   </triple>
   <triple>
      <subject>http://h2o.consulting/ns/star-wars#film-4</subject>
      <predicate>http://h2o.consulting/ns/star-wars#vehicle</predicate>
      <object>http://h2o.consulting/ns/star-wars#vehicle-37</object>
   </triple>
   <triple>
      <subject>http://h2o.consulting/ns/star-wars#film-4</subject>
      <predicate>http://h2o.consulting/ns/star-wars#vehicle</predicate>
      <object>http://h2o.consulting/ns/star-wars#vehicle-38</object>
   </triple>
   <triple>
      <subject>http://h2o.consulting/ns/star-wars#film-4</subject>
      <predicate>http://h2o.consulting/ns/star-wars#vehicle</predicate>
      <object>http://h2o.consulting/ns/star-wars#vehicle-42</object>
   </triple>
   <triple>
      <subject>http://h2o.consulting/ns/star-wars#film-4</subject>
      <predicate>http://h2o.consulting/ns/star-wars#species</predicate>
      <object>http://h2o.consulting/ns/star-wars#species-1</object>
   </triple>
   <triple>
      <subject>http://h2o.consulting/ns/star-wars#film-4</subject>
      <predicate>http://h2o.consulting/ns/star-wars#species</predicate>
      <object>http://h2o.consulting/ns/star-wars#species-2</object>
   </triple>
   <triple>
      <subject>http://h2o.consulting/ns/star-wars#film-4</subject>
      <predicate>http://h2o.consulting/ns/star-wars#species</predicate>
      <object>http://h2o.consulting/ns/star-wars#species-6</object>
   </triple>
   <triple>
      <subject>http://h2o.consulting/ns/star-wars#film-4</subject>
      <predicate>http://h2o.consulting/ns/star-wars#species</predicate>
      <object>http://h2o.consulting/ns/star-wars#species-11</object>
   </triple>
   <triple>
      <subject>http://h2o.consulting/ns/star-wars#film-4</subject>
      <predicate>http://h2o.consulting/ns/star-wars#species</predicate>
      <object>http://h2o.consulting/ns/star-wars#species-12</object>
   </triple>
   <triple>
      <subject>http://h2o.consulting/ns/star-wars#film-4</subject>
      <predicate>http://h2o.consulting/ns/star-wars#species</predicate>
      <object>http://h2o.consulting/ns/star-wars#species-13</object>
   </triple>
   <triple>
      <subject>http://h2o.consulting/ns/star-wars#film-4</subject>
      <predicate>http://h2o.consulting/ns/star-wars#species</predicate>
      <object>http://h2o.consulting/ns/star-wars#species-14</object>
   </triple>
   <triple>
      <subject>http://h2o.consulting/ns/star-wars#film-4</subject>
      <predicate>http://h2o.consulting/ns/star-wars#species</predicate>
      <object>http://h2o.consulting/ns/star-wars#species-15</object>
   </triple>
   <triple>
      <subject>http://h2o.consulting/ns/star-wars#film-4</subject>
      <predicate>http://h2o.consulting/ns/star-wars#species</predicate>
      <object>http://h2o.consulting/ns/star-wars#species-16</object>
   </triple>
   <triple>
      <subject>http://h2o.consulting/ns/star-wars#film-4</subject>
      <predicate>http://h2o.consulting/ns/star-wars#species</predicate>
      <object>http://h2o.consulting/ns/star-wars#species-17</object>
   </triple>
   <triple>
      <subject>http://h2o.consulting/ns/star-wars#film-4</subject>
      <predicate>http://h2o.consulting/ns/star-wars#species</predicate>
      <object>http://h2o.consulting/ns/star-wars#species-18</object>
   </triple>
   <triple>
      <subject>http://h2o.consulting/ns/star-wars#film-4</subject>
      <predicate>http://h2o.consulting/ns/star-wars#species</predicate>
      <object>http://h2o.consulting/ns/star-wars#species-19</object>
   </triple>
   <triple>
      <subject>http://h2o.consulting/ns/star-wars#film-4</subject>
      <predicate>http://h2o.consulting/ns/star-wars#species</predicate>
      <object>http://h2o.consulting/ns/star-wars#species-20</object>
   </triple>
   <triple>
      <subject>http://h2o.consulting/ns/star-wars#film-4</subject>
      <predicate>http://h2o.consulting/ns/star-wars#species</predicate>
      <object>http://h2o.consulting/ns/star-wars#species-21</object>
   </triple>
   <triple>
      <subject>http://h2o.consulting/ns/star-wars#film-4</subject>
      <predicate>http://h2o.consulting/ns/star-wars#species</predicate>
      <object>http://h2o.consulting/ns/star-wars#species-22</object>
   </triple>
   <triple>
      <subject>http://h2o.consulting/ns/star-wars#film-4</subject>
      <predicate>http://h2o.consulting/ns/star-wars#species</predicate>
      <object>http://h2o.consulting/ns/star-wars#species-23</object>
   </triple>
   <triple>
      <subject>http://h2o.consulting/ns/star-wars#film-4</subject>
      <predicate>http://h2o.consulting/ns/star-wars#species</predicate>
      <object>http://h2o.consulting/ns/star-wars#species-24</object>
   </triple>
   <triple>
      <subject>http://h2o.consulting/ns/star-wars#film-4</subject>
      <predicate>http://h2o.consulting/ns/star-wars#species</predicate>
      <object>http://h2o.consulting/ns/star-wars#species-25</object>
   </triple>
   <triple>
      <subject>http://h2o.consulting/ns/star-wars#film-4</subject>
      <predicate>http://h2o.consulting/ns/star-wars#species</predicate>
      <object>http://h2o.consulting/ns/star-wars#species-26</object>
   </triple>
   <triple>
      <subject>http://h2o.consulting/ns/star-wars#film-4</subject>
      <predicate>http://h2o.consulting/ns/star-wars#species</predicate>
      <object>http://h2o.consulting/ns/star-wars#species-27</object>
   </triple>
   <triple>
      <subject>http://h2o.consulting/ns/star-wars#film-4</subject>
      <predicate>http://h2o.consulting/ns/star-wars#created</predicate>
      <object datatype="http://www.w3.org/2001/XMLSchema#dateTime">2014-12-19T16:52:55.740000Z</object>
   </triple>
   <triple>
      <subject>http://h2o.consulting/ns/star-wars#film-4</subject>
      <predicate>http://h2o.consulting/ns/star-wars#edited</predicate>
      <object datatype="http://www.w3.org/2001/XMLSchema#dateTime">2015-04-11T09:45:18.689301Z</object>
   </triple>
   <triple>
      <subject>http://h2o.consulting/ns/star-wars#film-4</subject>
      <predicate>http://h2o.consulting/ns/star-wars#url</predicate>
      <object datatype="http://www.w3.org/2001/XMLSchema#string">http://swapi.co/api/films/4/</object>
   </triple>
</triples>
