<triples xmlns="http://marklogic.com/semantics">
   <triple>
      <subject>http://h2o.consulting/ns/star-wars#film-5</subject>
      <predicate>http://www.w3.org/1999/02/22-rdf-syntax-ns#type</predicate>
      <object>http://h2o.consulting/ns/star-wars#Film</object>
   </triple>
   <triple>
      <subject>http://h2o.consulting/ns/star-wars#film-5</subject>
      <predicate>http://www.w3.org/2000/01/rdf-schema#label</predicate>
      <object datatype="http://www.w3.org/2001/XMLSchema#string">Attack of the Clones</object>
   </triple>
   <triple>
      <subject>http://h2o.consulting/ns/star-wars#film-5</subject>
      <predicate>http://h2o.consulting/ns/star-wars#episode_id</predicate>
      <object datatype="http://www.w3.org/2001/XMLSchema#integer">2</object>
   </triple>
   <triple>
      <subject>http://h2o.consulting/ns/star-wars#film-5</subject>
      <predicate>http://h2o.consulting/ns/star-wars#opening_crawl</predicate>
      <object datatype="http://www.w3.org/2001/XMLSchema#string">There is unrest in the Galactic
Senate. Several thousand solar
systems have declared their
intentions to leave the Republic.

This separatist movement,
under the leadership of the
mysterious Count Dooku, has
made it difficult for the limited
number of Jedi Knights to maintain 
peace and order in the galaxy.

Senator Amidala, the former
Queen of Naboo, is returning
to the Galactic Senate to vote
on the critical issue of creating
an ARMY OF THE REPUBLIC
to assist the overwhelmed
Jedi....</object>
   </triple>
   <triple>
      <subject>http://h2o.consulting/ns/star-wars#film-5</subject>
      <predicate>http://h2o.consulting/ns/star-wars#director</predicate>
      <object datatype="http://www.w3.org/2001/XMLSchema#string">George Lucas</object>
   </triple>
   <triple>
      <subject>http://h2o.consulting/ns/star-wars#film-5</subject>
      <predicate>http://h2o.consulting/ns/star-wars#producer</predicate>
      <object datatype="http://www.w3.org/2001/XMLSchema#string">Rick McCallum</object>
   </triple>
   <triple>
      <subject>http://h2o.consulting/ns/star-wars#film-5</subject>
      <predicate>http://h2o.consulting/ns/star-wars#release_date</predicate>
      <object datatype="http://www.w3.org/2001/XMLSchema#date">2002-05-16</object>
   </triple>
   <triple>
      <subject>http://h2o.consulting/ns/star-wars#film-5</subject>
      <predicate>http://h2o.consulting/ns/star-wars#character</predicate>
      <object>http://h2o.consulting/ns/star-wars#people-2</object>
   </triple>
   <triple>
      <subject>http://h2o.consulting/ns/star-wars#film-5</subject>
      <predicate>http://h2o.consulting/ns/star-wars#character</predicate>
      <object>http://h2o.consulting/ns/star-wars#people-3</object>
   </triple>
   <triple>
      <subject>http://h2o.consulting/ns/star-wars#film-5</subject>
      <predicate>http://h2o.consulting/ns/star-wars#character</predicate>
      <object>http://h2o.consulting/ns/star-wars#people-6</object>
   </triple>
   <triple>
      <subject>http://h2o.consulting/ns/star-wars#film-5</subject>
      <predicate>http://h2o.consulting/ns/star-wars#character</predicate>
      <object>http://h2o.consulting/ns/star-wars#people-7</object>
   </triple>
   <triple>
      <subject>http://h2o.consulting/ns/star-wars#film-5</subject>
      <predicate>http://h2o.consulting/ns/star-wars#character</predicate>
      <object>http://h2o.consulting/ns/star-wars#people-10</object>
   </triple>
   <triple>
      <subject>http://h2o.consulting/ns/star-wars#film-5</subject>
      <predicate>http://h2o.consulting/ns/star-wars#character</predicate>
      <object>http://h2o.consulting/ns/star-wars#people-11</object>
   </triple>
   <triple>
      <subject>http://h2o.consulting/ns/star-wars#film-5</subject>
      <predicate>http://h2o.consulting/ns/star-wars#character</predicate>
      <object>http://h2o.consulting/ns/star-wars#people-20</object>
   </triple>
   <triple>
      <subject>http://h2o.consulting/ns/star-wars#film-5</subject>
      <predicate>http://h2o.consulting/ns/star-wars#character</predicate>
      <object>http://h2o.consulting/ns/star-wars#people-21</object>
   </triple>
   <triple>
      <subject>http://h2o.consulting/ns/star-wars#film-5</subject>
      <predicate>http://h2o.consulting/ns/star-wars#character</predicate>
      <object>http://h2o.consulting/ns/star-wars#people-22</object>
   </triple>
   <triple>
      <subject>http://h2o.consulting/ns/star-wars#film-5</subject>
      <predicate>http://h2o.consulting/ns/star-wars#character</predicate>
      <object>http://h2o.consulting/ns/star-wars#people-33</object>
   </triple>
   <triple>
      <subject>http://h2o.consulting/ns/star-wars#film-5</subject>
      <predicate>http://h2o.consulting/ns/star-wars#character</predicate>
      <object>http://h2o.consulting/ns/star-wars#people-36</object>
   </triple>
   <triple>
      <subject>http://h2o.consulting/ns/star-wars#film-5</subject>
      <predicate>http://h2o.consulting/ns/star-wars#character</predicate>
      <object>http://h2o.consulting/ns/star-wars#people-40</object>
   </triple>
   <triple>
      <subject>http://h2o.consulting/ns/star-wars#film-5</subject>
      <predicate>http://h2o.consulting/ns/star-wars#character</predicate>
      <object>http://h2o.consulting/ns/star-wars#people-43</object>
   </triple>
   <triple>
      <subject>http://h2o.consulting/ns/star-wars#film-5</subject>
      <predicate>http://h2o.consulting/ns/star-wars#character</predicate>
      <object>http://h2o.consulting/ns/star-wars#people-46</object>
   </triple>
   <triple>
      <subject>http://h2o.consulting/ns/star-wars#film-5</subject>
      <predicate>http://h2o.consulting/ns/star-wars#character</predicate>
      <object>http://h2o.consulting/ns/star-wars#people-51</object>
   </triple>
   <triple>
      <subject>http://h2o.consulting/ns/star-wars#film-5</subject>
      <predicate>http://h2o.consulting/ns/star-wars#character</predicate>
      <object>http://h2o.consulting/ns/star-wars#people-52</object>
   </triple>
   <triple>
      <subject>http://h2o.consulting/ns/star-wars#film-5</subject>
      <predicate>http://h2o.consulting/ns/star-wars#character</predicate>
      <object>http://h2o.consulting/ns/star-wars#people-53</object>
   </triple>
   <triple>
      <subject>http://h2o.consulting/ns/star-wars#film-5</subject>
      <predicate>http://h2o.consulting/ns/star-wars#character</predicate>
      <object>http://h2o.consulting/ns/star-wars#people-58</object>
   </triple>
   <triple>
      <subject>http://h2o.consulting/ns/star-wars#film-5</subject>
      <predicate>http://h2o.consulting/ns/star-wars#character</predicate>
      <object>http://h2o.consulting/ns/star-wars#people-59</object>
   </triple>
   <triple>
      <subject>http://h2o.consulting/ns/star-wars#film-5</subject>
      <predicate>http://h2o.consulting/ns/star-wars#character</predicate>
      <object>http://h2o.consulting/ns/star-wars#people-60</object>
   </triple>
   <triple>
      <subject>http://h2o.consulting/ns/star-wars#film-5</subject>
      <predicate>http://h2o.consulting/ns/star-wars#character</predicate>
      <object>http://h2o.consulting/ns/star-wars#people-61</object>
   </triple>
   <triple>
      <subject>http://h2o.consulting/ns/star-wars#film-5</subject>
      <predicate>http://h2o.consulting/ns/star-wars#character</predicate>
      <object>http://h2o.consulting/ns/star-wars#people-62</object>
   </triple>
   <triple>
      <subject>http://h2o.consulting/ns/star-wars#film-5</subject>
      <predicate>http://h2o.consulting/ns/star-wars#character</predicate>
      <object>http://h2o.consulting/ns/star-wars#people-63</object>
   </triple>
   <triple>
      <subject>http://h2o.consulting/ns/star-wars#film-5</subject>
      <predicate>http://h2o.consulting/ns/star-wars#character</predicate>
      <object>http://h2o.consulting/ns/star-wars#people-64</object>
   </triple>
   <triple>
      <subject>http://h2o.consulting/ns/star-wars#film-5</subject>
      <predicate>http://h2o.consulting/ns/star-wars#character</predicate>
      <object>http://h2o.consulting/ns/star-wars#people-65</object>
   </triple>
   <triple>
      <subject>http://h2o.consulting/ns/star-wars#film-5</subject>
      <predicate>http://h2o.consulting/ns/star-wars#character</predicate>
      <object>http://h2o.consulting/ns/star-wars#people-66</object>
   </triple>
   <triple>
      <subject>http://h2o.consulting/ns/star-wars#film-5</subject>
      <predicate>http://h2o.consulting/ns/star-wars#character</predicate>
      <object>http://h2o.consulting/ns/star-wars#people-67</object>
   </triple>
   <triple>
      <subject>http://h2o.consulting/ns/star-wars#film-5</subject>
      <predicate>http://h2o.consulting/ns/star-wars#character</predicate>
      <object>http://h2o.consulting/ns/star-wars#people-68</object>
   </triple>
   <triple>
      <subject>http://h2o.consulting/ns/star-wars#film-5</subject>
      <predicate>http://h2o.consulting/ns/star-wars#character</predicate>
      <object>http://h2o.consulting/ns/star-wars#people-69</object>
   </triple>
   <triple>
      <subject>http://h2o.consulting/ns/star-wars#film-5</subject>
      <predicate>http://h2o.consulting/ns/star-wars#character</predicate>
      <object>http://h2o.consulting/ns/star-wars#people-70</object>
   </triple>
   <triple>
      <subject>http://h2o.consulting/ns/star-wars#film-5</subject>
      <predicate>http://h2o.consulting/ns/star-wars#character</predicate>
      <object>http://h2o.consulting/ns/star-wars#people-71</object>
   </triple>
   <triple>
      <subject>http://h2o.consulting/ns/star-wars#film-5</subject>
      <predicate>http://h2o.consulting/ns/star-wars#character</predicate>
      <object>http://h2o.consulting/ns/star-wars#people-72</object>
   </triple>
   <triple>
      <subject>http://h2o.consulting/ns/star-wars#film-5</subject>
      <predicate>http://h2o.consulting/ns/star-wars#character</predicate>
      <object>http://h2o.consulting/ns/star-wars#people-73</object>
   </triple>
   <triple>
      <subject>http://h2o.consulting/ns/star-wars#film-5</subject>
      <predicate>http://h2o.consulting/ns/star-wars#character</predicate>
      <object>http://h2o.consulting/ns/star-wars#people-74</object>
   </triple>
   <triple>
      <subject>http://h2o.consulting/ns/star-wars#film-5</subject>
      <predicate>http://h2o.consulting/ns/star-wars#character</predicate>
      <object>http://h2o.consulting/ns/star-wars#people-75</object>
   </triple>
   <triple>
      <subject>http://h2o.consulting/ns/star-wars#film-5</subject>
      <predicate>http://h2o.consulting/ns/star-wars#character</predicate>
      <object>http://h2o.consulting/ns/star-wars#people-76</object>
   </triple>
   <triple>
      <subject>http://h2o.consulting/ns/star-wars#film-5</subject>
      <predicate>http://h2o.consulting/ns/star-wars#character</predicate>
      <object>http://h2o.consulting/ns/star-wars#people-77</object>
   </triple>
   <triple>
      <subject>http://h2o.consulting/ns/star-wars#film-5</subject>
      <predicate>http://h2o.consulting/ns/star-wars#character</predicate>
      <object>http://h2o.consulting/ns/star-wars#people-78</object>
   </triple>
   <triple>
      <subject>http://h2o.consulting/ns/star-wars#film-5</subject>
      <predicate>http://h2o.consulting/ns/star-wars#character</predicate>
      <object>http://h2o.consulting/ns/star-wars#people-82</object>
   </triple>
   <triple>
      <subject>http://h2o.consulting/ns/star-wars#film-5</subject>
      <predicate>http://h2o.consulting/ns/star-wars#character</predicate>
      <object>http://h2o.consulting/ns/star-wars#people-35</object>
   </triple>
   <triple>
      <subject>http://h2o.consulting/ns/star-wars#film-5</subject>
      <predicate>http://h2o.consulting/ns/star-wars#planet</predicate>
      <object>http://h2o.consulting/ns/star-wars#planet-8</object>
   </triple>
   <triple>
      <subject>http://h2o.consulting/ns/star-wars#film-5</subject>
      <predicate>http://h2o.consulting/ns/star-wars#planet</predicate>
      <object>http://h2o.consulting/ns/star-wars#planet-9</object>
   </triple>
   <triple>
      <subject>http://h2o.consulting/ns/star-wars#film-5</subject>
      <predicate>http://h2o.consulting/ns/star-wars#planet</predicate>
      <object>http://h2o.consulting/ns/star-wars#planet-10</object>
   </triple>
   <triple>
      <subject>http://h2o.consulting/ns/star-wars#film-5</subject>
      <predicate>http://h2o.consulting/ns/star-wars#planet</predicate>
      <object>http://h2o.consulting/ns/star-wars#planet-11</object>
   </triple>
   <triple>
      <subject>http://h2o.consulting/ns/star-wars#film-5</subject>
      <predicate>http://h2o.consulting/ns/star-wars#planet</predicate>
      <object>http://h2o.consulting/ns/star-wars#planet-1</object>
   </triple>
   <triple>
      <subject>http://h2o.consulting/ns/star-wars#film-5</subject>
      <predicate>http://h2o.consulting/ns/star-wars#starship</predicate>
      <object>http://h2o.consulting/ns/star-wars#starship-21</object>
   </triple>
   <triple>
      <subject>http://h2o.consulting/ns/star-wars#film-5</subject>
      <predicate>http://h2o.consulting/ns/star-wars#starship</predicate>
      <object>http://h2o.consulting/ns/star-wars#starship-39</object>
   </triple>
   <triple>
      <subject>http://h2o.consulting/ns/star-wars#film-5</subject>
      <predicate>http://h2o.consulting/ns/star-wars#starship</predicate>
      <object>http://h2o.consulting/ns/star-wars#starship-43</object>
   </triple>
   <triple>
      <subject>http://h2o.consulting/ns/star-wars#film-5</subject>
      <predicate>http://h2o.consulting/ns/star-wars#starship</predicate>
      <object>http://h2o.consulting/ns/star-wars#starship-47</object>
   </triple>
   <triple>
      <subject>http://h2o.consulting/ns/star-wars#film-5</subject>
      <predicate>http://h2o.consulting/ns/star-wars#starship</predicate>
      <object>http://h2o.consulting/ns/star-wars#starship-48</object>
   </triple>
   <triple>
      <subject>http://h2o.consulting/ns/star-wars#film-5</subject>
      <predicate>http://h2o.consulting/ns/star-wars#starship</predicate>
      <object>http://h2o.consulting/ns/star-wars#starship-49</object>
   </triple>
   <triple>
      <subject>http://h2o.consulting/ns/star-wars#film-5</subject>
      <predicate>http://h2o.consulting/ns/star-wars#starship</predicate>
      <object>http://h2o.consulting/ns/star-wars#starship-32</object>
   </triple>
   <triple>
      <subject>http://h2o.consulting/ns/star-wars#film-5</subject>
      <predicate>http://h2o.consulting/ns/star-wars#starship</predicate>
      <object>http://h2o.consulting/ns/star-wars#starship-52</object>
   </triple>
   <triple>
      <subject>http://h2o.consulting/ns/star-wars#film-5</subject>
      <predicate>http://h2o.consulting/ns/star-wars#starship</predicate>
      <object>http://h2o.consulting/ns/star-wars#starship-58</object>
   </triple>
   <triple>
      <subject>http://h2o.consulting/ns/star-wars#film-5</subject>
      <predicate>http://h2o.consulting/ns/star-wars#vehicle</predicate>
      <object>http://h2o.consulting/ns/star-wars#vehicle-4</object>
   </triple>
   <triple>
      <subject>http://h2o.consulting/ns/star-wars#film-5</subject>
      <predicate>http://h2o.consulting/ns/star-wars#vehicle</predicate>
      <object>http://h2o.consulting/ns/star-wars#vehicle-44</object>
   </triple>
   <triple>
      <subject>http://h2o.consulting/ns/star-wars#film-5</subject>
      <predicate>http://h2o.consulting/ns/star-wars#vehicle</predicate>
      <object>http://h2o.consulting/ns/star-wars#vehicle-45</object>
   </triple>
   <triple>
      <subject>http://h2o.consulting/ns/star-wars#film-5</subject>
      <predicate>http://h2o.consulting/ns/star-wars#vehicle</predicate>
      <object>http://h2o.consulting/ns/star-wars#vehicle-46</object>
   </triple>
   <triple>
      <subject>http://h2o.consulting/ns/star-wars#film-5</subject>
      <predicate>http://h2o.consulting/ns/star-wars#vehicle</predicate>
      <object>http://h2o.consulting/ns/star-wars#vehicle-50</object>
   </triple>
   <triple>
      <subject>http://h2o.consulting/ns/star-wars#film-5</subject>
      <predicate>http://h2o.consulting/ns/star-wars#vehicle</predicate>
      <object>http://h2o.consulting/ns/star-wars#vehicle-51</object>
   </triple>
   <triple>
      <subject>http://h2o.consulting/ns/star-wars#film-5</subject>
      <predicate>http://h2o.consulting/ns/star-wars#vehicle</predicate>
      <object>http://h2o.consulting/ns/star-wars#vehicle-53</object>
   </triple>
   <triple>
      <subject>http://h2o.consulting/ns/star-wars#film-5</subject>
      <predicate>http://h2o.consulting/ns/star-wars#vehicle</predicate>
      <object>http://h2o.consulting/ns/star-wars#vehicle-54</object>
   </triple>
   <triple>
      <subject>http://h2o.consulting/ns/star-wars#film-5</subject>
      <predicate>http://h2o.consulting/ns/star-wars#vehicle</predicate>
      <object>http://h2o.consulting/ns/star-wars#vehicle-55</object>
   </triple>
   <triple>
      <subject>http://h2o.consulting/ns/star-wars#film-5</subject>
      <predicate>http://h2o.consulting/ns/star-wars#vehicle</predicate>
      <object>http://h2o.consulting/ns/star-wars#vehicle-56</object>
   </triple>
   <triple>
      <subject>http://h2o.consulting/ns/star-wars#film-5</subject>
      <predicate>http://h2o.consulting/ns/star-wars#vehicle</predicate>
      <object>http://h2o.consulting/ns/star-wars#vehicle-57</object>
   </triple>
   <triple>
      <subject>http://h2o.consulting/ns/star-wars#film-5</subject>
      <predicate>http://h2o.consulting/ns/star-wars#species</predicate>
      <object>http://h2o.consulting/ns/star-wars#species-32</object>
   </triple>
   <triple>
      <subject>http://h2o.consulting/ns/star-wars#film-5</subject>
      <predicate>http://h2o.consulting/ns/star-wars#species</predicate>
      <object>http://h2o.consulting/ns/star-wars#species-33</object>
   </triple>
   <triple>
      <subject>http://h2o.consulting/ns/star-wars#film-5</subject>
      <predicate>http://h2o.consulting/ns/star-wars#species</predicate>
      <object>http://h2o.consulting/ns/star-wars#species-2</object>
   </triple>
   <triple>
      <subject>http://h2o.consulting/ns/star-wars#film-5</subject>
      <predicate>http://h2o.consulting/ns/star-wars#species</predicate>
      <object>http://h2o.consulting/ns/star-wars#species-35</object>
   </triple>
   <triple>
      <subject>http://h2o.consulting/ns/star-wars#film-5</subject>
      <predicate>http://h2o.consulting/ns/star-wars#species</predicate>
      <object>http://h2o.consulting/ns/star-wars#species-6</object>
   </triple>
   <triple>
      <subject>http://h2o.consulting/ns/star-wars#film-5</subject>
      <predicate>http://h2o.consulting/ns/star-wars#species</predicate>
      <object>http://h2o.consulting/ns/star-wars#species-1</object>
   </triple>
   <triple>
      <subject>http://h2o.consulting/ns/star-wars#film-5</subject>
      <predicate>http://h2o.consulting/ns/star-wars#species</predicate>
      <object>http://h2o.consulting/ns/star-wars#species-12</object>
   </triple>
   <triple>
      <subject>http://h2o.consulting/ns/star-wars#film-5</subject>
      <predicate>http://h2o.consulting/ns/star-wars#species</predicate>
      <object>http://h2o.consulting/ns/star-wars#species-34</object>
   </triple>
   <triple>
      <subject>http://h2o.consulting/ns/star-wars#film-5</subject>
      <predicate>http://h2o.consulting/ns/star-wars#species</predicate>
      <object>http://h2o.consulting/ns/star-wars#species-13</object>
   </triple>
   <triple>
      <subject>http://h2o.consulting/ns/star-wars#film-5</subject>
      <predicate>http://h2o.consulting/ns/star-wars#species</predicate>
      <object>http://h2o.consulting/ns/star-wars#species-15</object>
   </triple>
   <triple>
      <subject>http://h2o.consulting/ns/star-wars#film-5</subject>
      <predicate>http://h2o.consulting/ns/star-wars#species</predicate>
      <object>http://h2o.consulting/ns/star-wars#species-28</object>
   </triple>
   <triple>
      <subject>http://h2o.consulting/ns/star-wars#film-5</subject>
      <predicate>http://h2o.consulting/ns/star-wars#species</predicate>
      <object>http://h2o.consulting/ns/star-wars#species-29</object>
   </triple>
   <triple>
      <subject>http://h2o.consulting/ns/star-wars#film-5</subject>
      <predicate>http://h2o.consulting/ns/star-wars#species</predicate>
      <object>http://h2o.consulting/ns/star-wars#species-30</object>
   </triple>
   <triple>
      <subject>http://h2o.consulting/ns/star-wars#film-5</subject>
      <predicate>http://h2o.consulting/ns/star-wars#species</predicate>
      <object>http://h2o.consulting/ns/star-wars#species-31</object>
   </triple>
   <triple>
      <subject>http://h2o.consulting/ns/star-wars#film-5</subject>
      <predicate>http://h2o.consulting/ns/star-wars#created</predicate>
      <object datatype="http://www.w3.org/2001/XMLSchema#dateTime">2014-12-20T10:57:57.886000Z</object>
   </triple>
   <triple>
      <subject>http://h2o.consulting/ns/star-wars#film-5</subject>
      <predicate>http://h2o.consulting/ns/star-wars#edited</predicate>
      <object datatype="http://www.w3.org/2001/XMLSchema#dateTime">2015-04-11T09:45:01.623982Z</object>
   </triple>
   <triple>
      <subject>http://h2o.consulting/ns/star-wars#film-5</subject>
      <predicate>http://h2o.consulting/ns/star-wars#url</predicate>
      <object datatype="http://www.w3.org/2001/XMLSchema#string">http://swapi.co/api/films/5/</object>
   </triple>
   <triple>
      <subject>http://h2o.consulting/ns/star-wars#film-5</subject>
      <predicate>http://h2o.consulting/ns/star-wars#desc</predicate>
      <object datatype="http://www.w3.org/2001/XMLSchema#string">Star Wars: Episode II – Attack of the Clones is a 2002 American epic space opera film directed by George Lucas and written by Lucas and Jonathan Hales. It is the second installment of the Star Wars prequel trilogy, and stars Ewan McGregor, Natalie Portman, Hayden Christensen, Ian McDiarmid, Samuel L. Jackson, Christopher Lee, Temuera Morrison, Anthony Daniels, Kenny Baker and Frank Oz.</object>
   </triple>
   <triple>
      <subject>http://h2o.consulting/ns/star-wars#film-5</subject>
      <predicate>http://h2o.consulting/ns/star-wars#desc</predicate>
      <object datatype="http://www.w3.org/2001/XMLSchema#string">Set ten years after the events in The Phantom Menace, the galaxy is on the brink of civil war. Led by a former Jedi named Count Dooku, thousands of planetary systems threaten to secede from the Galactic Republic. After Senator Padmé Amidala evades assassination, Jedi apprentice Anakin Skywalker becomes her protector, while his mentor Obi-Wan Kenobi investigates the attempt on Padmé's life. Soon Anakin, Padmé and Obi-Wan witness the onset of a new threat to the galaxy, the Clone Wars.</object>
   </triple>
   <triple>
      <subject>http://h2o.consulting/ns/star-wars#film-5</subject>
      <predicate>http://h2o.consulting/ns/star-wars#desc</predicate>
      <object datatype="http://www.w3.org/2001/XMLSchema#string">Development of Attack of the Clones began in March 2000, after the release of The Phantom Menace. By June 2000, Lucas and Hales completed a draft of the script and principal photography took place from June to September 2000. The film crew primarily shot at Fox Studios Australia in Sydney, Australia, with additional footage filmed in Tunisia, Spain and Italy. It was one of the first motion pictures shot completely on a high-definition digital 24-frame system.</object>
   </triple>
   <triple>
      <subject>http://h2o.consulting/ns/star-wars#film-5</subject>
      <predicate>http://h2o.consulting/ns/star-wars#desc</predicate>
      <object datatype="http://www.w3.org/2001/XMLSchema#string">The film was released in the United States on May 16, 2002. Some critics hailed it as an improvement over The Phantom Menace, while others called it the worst entry of the franchise.[5][6] The visual effects, costume design, musical score, action scenes and Ewan McGregor’s performance as Obi-Wan Kenobi were all praised, however the romance of Anakin and Padmé, the dialogue and the film's long runtime were all criticized. The film was a financial success, making over $649 million worldwide; however, it also became the first Star Wars film to be outgrossed in its year of release, placing third domestically and fourth internationally. The film was released on VHS and DVD on November 12, 2002 and was later released on Blu-ray on September 16, 2011. Following Attack of the Clones, the third and final film of the prequel trilogy, Revenge of the Sith, premiered in 2005.</object>
   </triple>
</triples>
