<triples xmlns="http://marklogic.com/semantics">
   <triple>
      <subject>http://h2o.consulting/ns/star-wars#starship-13</subject>
      <predicate>http://www.w3.org/1999/02/22-rdf-syntax-ns#type</predicate>
      <object>http://h2o.consulting/ns/star-wars#Starship</object>
   </triple>
   <triple>
      <subject>http://h2o.consulting/ns/star-wars#starship-13</subject>
      <predicate>http://www.w3.org/2000/01/rdf-schema#label</predicate>
      <object datatype="http://www.w3.org/2001/XMLSchema#string">TIE Advanced x1</object>
   </triple>
   <triple>
      <subject>http://h2o.consulting/ns/star-wars#starship-13</subject>
      <predicate>http://h2o.consulting/ns/star-wars#model</predicate>
      <object datatype="http://www.w3.org/2001/XMLSchema#string">Twin Ion Engine Advanced x1</object>
   </triple>
   <triple>
      <subject>http://h2o.consulting/ns/star-wars#starship-13</subject>
      <predicate>http://h2o.consulting/ns/star-wars#manufacturer</predicate>
      <object datatype="http://www.w3.org/2001/XMLSchema#string">Sienar Fleet Systems</object>
   </triple>
   <triple>
      <subject>http://h2o.consulting/ns/star-wars#starship-13</subject>
      <predicate>http://h2o.consulting/ns/star-wars#length</predicate>
      <object datatype="http://www.w3.org/2001/XMLSchema#decimal">9.2</object>
   </triple>
   <triple>
      <subject>http://h2o.consulting/ns/star-wars#starship-13</subject>
      <predicate>http://h2o.consulting/ns/star-wars#max_atmosphering_speed</predicate>
      <object datatype="http://www.w3.org/2001/XMLSchema#integer">1200</object>
   </triple>
   <triple>
      <subject>http://h2o.consulting/ns/star-wars#starship-13</subject>
      <predicate>http://h2o.consulting/ns/star-wars#crew</predicate>
      <object datatype="http://www.w3.org/2001/XMLSchema#integer">1</object>
   </triple>
   <triple>
      <subject>http://h2o.consulting/ns/star-wars#starship-13</subject>
      <predicate>http://h2o.consulting/ns/star-wars#passengers</predicate>
      <object datatype="http://www.w3.org/2001/XMLSchema#integer">0</object>
   </triple>
   <triple>
      <subject>http://h2o.consulting/ns/star-wars#starship-13</subject>
      <predicate>http://h2o.consulting/ns/star-wars#cargo_capacity</predicate>
      <object datatype="http://www.w3.org/2001/XMLSchema#integer">150</object>
   </triple>
   <triple>
      <subject>http://h2o.consulting/ns/star-wars#starship-13</subject>
      <predicate>http://h2o.consulting/ns/star-wars#consumables</predicate>
      <object datatype="http://www.w3.org/2001/XMLSchema#string">5 days</object>
   </triple>
   <triple>
      <subject>http://h2o.consulting/ns/star-wars#starship-13</subject>
      <predicate>http://h2o.consulting/ns/star-wars#hyperdrive_rating</predicate>
      <object datatype="http://www.w3.org/2001/XMLSchema#decimal">1.0</object>
   </triple>
   <triple>
      <subject>http://h2o.consulting/ns/star-wars#starship-13</subject>
      <predicate>http://h2o.consulting/ns/star-wars#MGLT</predicate>
      <object datatype="http://www.w3.org/2001/XMLSchema#string">105</object>
   </triple>
   <triple>
      <subject>http://h2o.consulting/ns/star-wars#starship-13</subject>
      <predicate>http://h2o.consulting/ns/star-wars#starship_class</predicate>
      <object datatype="http://www.w3.org/2001/XMLSchema#string">Starfighter</object>
   </triple>
   <triple>
      <subject>http://h2o.consulting/ns/star-wars#starship-13</subject>
      <predicate>http://h2o.consulting/ns/star-wars#pilot</predicate>
      <object>http://h2o.consulting/ns/star-wars#people-4</object>
   </triple>
   <triple>
      <subject>http://h2o.consulting/ns/star-wars#starship-13</subject>
      <predicate>http://h2o.consulting/ns/star-wars#film</predicate>
      <object>http://h2o.consulting/ns/star-wars#film-1</object>
   </triple>
   <triple>
      <subject>http://h2o.consulting/ns/star-wars#starship-13</subject>
      <predicate>http://h2o.consulting/ns/star-wars#created</predicate>
      <object datatype="http://www.w3.org/2001/XMLSchema#dateTime">2014-12-12T11:21:32.991000Z</object>
   </triple>
   <triple>
      <subject>http://h2o.consulting/ns/star-wars#starship-13</subject>
      <predicate>http://h2o.consulting/ns/star-wars#edited</predicate>
      <object datatype="http://www.w3.org/2001/XMLSchema#dateTime">2014-12-22T17:35:44.549047Z</object>
   </triple>
   <triple>
      <subject>http://h2o.consulting/ns/star-wars#starship-13</subject>
      <predicate>http://h2o.consulting/ns/star-wars#url</predicate>
      <object datatype="http://www.w3.org/2001/XMLSchema#string">http://swapi.co/api/starships/13/</object>
   </triple>
</triples>
