<triples xmlns="http://marklogic.com/semantics">
   <triple>
      <subject>http://h2o.consulting/ns/star-wars#starship-2</subject>
      <predicate>http://www.w3.org/1999/02/22-rdf-syntax-ns#type</predicate>
      <object>http://h2o.consulting/ns/star-wars#Starship</object>
   </triple>
   <triple>
      <subject>http://h2o.consulting/ns/star-wars#starship-2</subject>
      <predicate>http://www.w3.org/2000/01/rdf-schema#label</predicate>
      <object datatype="http://www.w3.org/2001/XMLSchema#string">CR90 corvette</object>
   </triple>
   <triple>
      <subject>http://h2o.consulting/ns/star-wars#starship-2</subject>
      <predicate>http://h2o.consulting/ns/star-wars#model</predicate>
      <object datatype="http://www.w3.org/2001/XMLSchema#string">CR90 corvette</object>
   </triple>
   <triple>
      <subject>http://h2o.consulting/ns/star-wars#starship-2</subject>
      <predicate>http://h2o.consulting/ns/star-wars#manufacturer</predicate>
      <object datatype="http://www.w3.org/2001/XMLSchema#string">Corellian Engineering Corporation</object>
   </triple>
   <triple>
      <subject>http://h2o.consulting/ns/star-wars#starship-2</subject>
      <predicate>http://h2o.consulting/ns/star-wars#cost_in_credits</predicate>
      <object datatype="http://www.w3.org/2001/XMLSchema#integer">3500000</object>
   </triple>
   <triple>
      <subject>http://h2o.consulting/ns/star-wars#starship-2</subject>
      <predicate>http://h2o.consulting/ns/star-wars#length</predicate>
      <object datatype="http://www.w3.org/2001/XMLSchema#integer">150</object>
   </triple>
   <triple>
      <subject>http://h2o.consulting/ns/star-wars#starship-2</subject>
      <predicate>http://h2o.consulting/ns/star-wars#max_atmosphering_speed</predicate>
      <object datatype="http://www.w3.org/2001/XMLSchema#integer">950</object>
   </triple>
   <triple>
      <subject>http://h2o.consulting/ns/star-wars#starship-2</subject>
      <predicate>http://h2o.consulting/ns/star-wars#crew</predicate>
      <object datatype="http://www.w3.org/2001/XMLSchema#integer">165</object>
   </triple>
   <triple>
      <subject>http://h2o.consulting/ns/star-wars#starship-2</subject>
      <predicate>http://h2o.consulting/ns/star-wars#passengers</predicate>
      <object datatype="http://www.w3.org/2001/XMLSchema#integer">600</object>
   </triple>
   <triple>
      <subject>http://h2o.consulting/ns/star-wars#starship-2</subject>
      <predicate>http://h2o.consulting/ns/star-wars#cargo_capacity</predicate>
      <object datatype="http://www.w3.org/2001/XMLSchema#integer">3000000</object>
   </triple>
   <triple>
      <subject>http://h2o.consulting/ns/star-wars#starship-2</subject>
      <predicate>http://h2o.consulting/ns/star-wars#consumables</predicate>
      <object datatype="http://www.w3.org/2001/XMLSchema#string">1 year</object>
   </triple>
   <triple>
      <subject>http://h2o.consulting/ns/star-wars#starship-2</subject>
      <predicate>http://h2o.consulting/ns/star-wars#hyperdrive_rating</predicate>
      <object datatype="http://www.w3.org/2001/XMLSchema#decimal">2.0</object>
   </triple>
   <triple>
      <subject>http://h2o.consulting/ns/star-wars#starship-2</subject>
      <predicate>http://h2o.consulting/ns/star-wars#MGLT</predicate>
      <object datatype="http://www.w3.org/2001/XMLSchema#string">60</object>
   </triple>
   <triple>
      <subject>http://h2o.consulting/ns/star-wars#starship-2</subject>
      <predicate>http://h2o.consulting/ns/star-wars#starship_class</predicate>
      <object datatype="http://www.w3.org/2001/XMLSchema#string">corvette</object>
   </triple>
   <triple>
      <subject>http://h2o.consulting/ns/star-wars#starship-2</subject>
      <predicate>http://h2o.consulting/ns/star-wars#film</predicate>
      <object>http://h2o.consulting/ns/star-wars#film-6</object>
   </triple>
   <triple>
      <subject>http://h2o.consulting/ns/star-wars#starship-2</subject>
      <predicate>http://h2o.consulting/ns/star-wars#film</predicate>
      <object>http://h2o.consulting/ns/star-wars#film-3</object>
   </triple>
   <triple>
      <subject>http://h2o.consulting/ns/star-wars#starship-2</subject>
      <predicate>http://h2o.consulting/ns/star-wars#film</predicate>
      <object>http://h2o.consulting/ns/star-wars#film-1</object>
   </triple>
   <triple>
      <subject>http://h2o.consulting/ns/star-wars#starship-2</subject>
      <predicate>http://h2o.consulting/ns/star-wars#created</predicate>
      <object datatype="http://www.w3.org/2001/XMLSchema#dateTime">2014-12-10T14:20:33.369000Z</object>
   </triple>
   <triple>
      <subject>http://h2o.consulting/ns/star-wars#starship-2</subject>
      <predicate>http://h2o.consulting/ns/star-wars#edited</predicate>
      <object datatype="http://www.w3.org/2001/XMLSchema#dateTime">2014-12-22T17:35:45.408368Z</object>
   </triple>
   <triple>
      <subject>http://h2o.consulting/ns/star-wars#starship-2</subject>
      <predicate>http://h2o.consulting/ns/star-wars#url</predicate>
      <object datatype="http://www.w3.org/2001/XMLSchema#string">http://swapi.co/api/starships/2/</object>
   </triple>
</triples>
