<triples xmlns="http://marklogic.com/semantics">
   <triple>
      <subject>http://h2o.consulting/ns/star-wars#starship-22</subject>
      <predicate>http://www.w3.org/1999/02/22-rdf-syntax-ns#type</predicate>
      <object>http://h2o.consulting/ns/star-wars#Starship</object>
   </triple>
   <triple>
      <subject>http://h2o.consulting/ns/star-wars#starship-22</subject>
      <predicate>http://www.w3.org/2000/01/rdf-schema#label</predicate>
      <object datatype="http://www.w3.org/2001/XMLSchema#string">Imperial shuttle</object>
   </triple>
   <triple>
      <subject>http://h2o.consulting/ns/star-wars#starship-22</subject>
      <predicate>http://h2o.consulting/ns/star-wars#model</predicate>
      <object datatype="http://www.w3.org/2001/XMLSchema#string">Lambda-class T-4a shuttle</object>
   </triple>
   <triple>
      <subject>http://h2o.consulting/ns/star-wars#starship-22</subject>
      <predicate>http://h2o.consulting/ns/star-wars#manufacturer</predicate>
      <object datatype="http://www.w3.org/2001/XMLSchema#string">Sienar Fleet Systems</object>
   </triple>
   <triple>
      <subject>http://h2o.consulting/ns/star-wars#starship-22</subject>
      <predicate>http://h2o.consulting/ns/star-wars#cost_in_credits</predicate>
      <object datatype="http://www.w3.org/2001/XMLSchema#integer">240000</object>
   </triple>
   <triple>
      <subject>http://h2o.consulting/ns/star-wars#starship-22</subject>
      <predicate>http://h2o.consulting/ns/star-wars#length</predicate>
      <object datatype="http://www.w3.org/2001/XMLSchema#integer">20</object>
   </triple>
   <triple>
      <subject>http://h2o.consulting/ns/star-wars#starship-22</subject>
      <predicate>http://h2o.consulting/ns/star-wars#max_atmosphering_speed</predicate>
      <object datatype="http://www.w3.org/2001/XMLSchema#integer">850</object>
   </triple>
   <triple>
      <subject>http://h2o.consulting/ns/star-wars#starship-22</subject>
      <predicate>http://h2o.consulting/ns/star-wars#crew</predicate>
      <object datatype="http://www.w3.org/2001/XMLSchema#integer">6</object>
   </triple>
   <triple>
      <subject>http://h2o.consulting/ns/star-wars#starship-22</subject>
      <predicate>http://h2o.consulting/ns/star-wars#passengers</predicate>
      <object datatype="http://www.w3.org/2001/XMLSchema#integer">20</object>
   </triple>
   <triple>
      <subject>http://h2o.consulting/ns/star-wars#starship-22</subject>
      <predicate>http://h2o.consulting/ns/star-wars#cargo_capacity</predicate>
      <object datatype="http://www.w3.org/2001/XMLSchema#integer">80000</object>
   </triple>
   <triple>
      <subject>http://h2o.consulting/ns/star-wars#starship-22</subject>
      <predicate>http://h2o.consulting/ns/star-wars#consumables</predicate>
      <object datatype="http://www.w3.org/2001/XMLSchema#string">2 months</object>
   </triple>
   <triple>
      <subject>http://h2o.consulting/ns/star-wars#starship-22</subject>
      <predicate>http://h2o.consulting/ns/star-wars#hyperdrive_rating</predicate>
      <object datatype="http://www.w3.org/2001/XMLSchema#decimal">1.0</object>
   </triple>
   <triple>
      <subject>http://h2o.consulting/ns/star-wars#starship-22</subject>
      <predicate>http://h2o.consulting/ns/star-wars#MGLT</predicate>
      <object datatype="http://www.w3.org/2001/XMLSchema#string">50</object>
   </triple>
   <triple>
      <subject>http://h2o.consulting/ns/star-wars#starship-22</subject>
      <predicate>http://h2o.consulting/ns/star-wars#starship_class</predicate>
      <object datatype="http://www.w3.org/2001/XMLSchema#string">Armed government transport</object>
   </triple>
   <triple>
      <subject>http://h2o.consulting/ns/star-wars#starship-22</subject>
      <predicate>http://h2o.consulting/ns/star-wars#pilot</predicate>
      <object>http://h2o.consulting/ns/star-wars#people-1</object>
   </triple>
   <triple>
      <subject>http://h2o.consulting/ns/star-wars#starship-22</subject>
      <predicate>http://h2o.consulting/ns/star-wars#pilot</predicate>
      <object>http://h2o.consulting/ns/star-wars#people-13</object>
   </triple>
   <triple>
      <subject>http://h2o.consulting/ns/star-wars#starship-22</subject>
      <predicate>http://h2o.consulting/ns/star-wars#pilot</predicate>
      <object>http://h2o.consulting/ns/star-wars#people-14</object>
   </triple>
   <triple>
      <subject>http://h2o.consulting/ns/star-wars#starship-22</subject>
      <predicate>http://h2o.consulting/ns/star-wars#film</predicate>
      <object>http://h2o.consulting/ns/star-wars#film-3</object>
   </triple>
   <triple>
      <subject>http://h2o.consulting/ns/star-wars#starship-22</subject>
      <predicate>http://h2o.consulting/ns/star-wars#film</predicate>
      <object>http://h2o.consulting/ns/star-wars#film-2</object>
   </triple>
   <triple>
      <subject>http://h2o.consulting/ns/star-wars#starship-22</subject>
      <predicate>http://h2o.consulting/ns/star-wars#created</predicate>
      <object datatype="http://www.w3.org/2001/XMLSchema#dateTime">2014-12-15T13:04:47.235000Z</object>
   </triple>
   <triple>
      <subject>http://h2o.consulting/ns/star-wars#starship-22</subject>
      <predicate>http://h2o.consulting/ns/star-wars#edited</predicate>
      <object datatype="http://www.w3.org/2001/XMLSchema#dateTime">2014-12-22T17:35:44.795405Z</object>
   </triple>
   <triple>
      <subject>http://h2o.consulting/ns/star-wars#starship-22</subject>
      <predicate>http://h2o.consulting/ns/star-wars#url</predicate>
      <object datatype="http://www.w3.org/2001/XMLSchema#string">http://swapi.co/api/starships/22/</object>
   </triple>
</triples>
