<triples xmlns="http://marklogic.com/semantics">
   <triple>
      <subject>http://h2o.consulting/ns/star-wars#starship-23</subject>
      <predicate>http://h2o.consulting/ns/star-wars#name</predicate>
      <object datatype="http://www.w3.org/2001/XMLSchema#string">EF76 Nebulon-B escort frigate</object>
   </triple>
   <triple>
      <subject>http://h2o.consulting/ns/star-wars#starship-23</subject>
      <predicate>http://h2o.consulting/ns/star-wars#model</predicate>
      <object datatype="http://www.w3.org/2001/XMLSchema#string">EF76 Nebulon-B escort frigate</object>
   </triple>
   <triple>
      <subject>http://h2o.consulting/ns/star-wars#starship-23</subject>
      <predicate>http://h2o.consulting/ns/star-wars#manufacturer</predicate>
      <object datatype="http://www.w3.org/2001/XMLSchema#string">Kuat Drive Yards</object>
   </triple>
   <triple>
      <subject>http://h2o.consulting/ns/star-wars#starship-23</subject>
      <predicate>http://h2o.consulting/ns/star-wars#cost_in_credits</predicate>
      <object datatype="http://www.w3.org/2001/XMLSchema#integer">8500000</object>
   </triple>
   <triple>
      <subject>http://h2o.consulting/ns/star-wars#starship-23</subject>
      <predicate>http://h2o.consulting/ns/star-wars#length</predicate>
      <object datatype="http://www.w3.org/2001/XMLSchema#integer">300</object>
   </triple>
   <triple>
      <subject>http://h2o.consulting/ns/star-wars#starship-23</subject>
      <predicate>http://h2o.consulting/ns/star-wars#max_atmosphering_speed</predicate>
      <object datatype="http://www.w3.org/2001/XMLSchema#integer">800</object>
   </triple>
   <triple>
      <subject>http://h2o.consulting/ns/star-wars#starship-23</subject>
      <predicate>http://h2o.consulting/ns/star-wars#crew</predicate>
      <object datatype="http://www.w3.org/2001/XMLSchema#integer">854</object>
   </triple>
   <triple>
      <subject>http://h2o.consulting/ns/star-wars#starship-23</subject>
      <predicate>http://h2o.consulting/ns/star-wars#passengers</predicate>
      <object datatype="http://www.w3.org/2001/XMLSchema#integer">75</object>
   </triple>
   <triple>
      <subject>http://h2o.consulting/ns/star-wars#starship-23</subject>
      <predicate>http://h2o.consulting/ns/star-wars#cargo_capacity</predicate>
      <object datatype="http://www.w3.org/2001/XMLSchema#integer">6000000</object>
   </triple>
   <triple>
      <subject>http://h2o.consulting/ns/star-wars#starship-23</subject>
      <predicate>http://h2o.consulting/ns/star-wars#consumables</predicate>
      <object datatype="http://www.w3.org/2001/XMLSchema#string">2 years</object>
   </triple>
   <triple>
      <subject>http://h2o.consulting/ns/star-wars#starship-23</subject>
      <predicate>http://h2o.consulting/ns/star-wars#hyperdrive_rating</predicate>
      <object datatype="http://www.w3.org/2001/XMLSchema#decimal">2.0</object>
   </triple>
   <triple>
      <subject>http://h2o.consulting/ns/star-wars#starship-23</subject>
      <predicate>http://h2o.consulting/ns/star-wars#MGLT</predicate>
      <object datatype="http://www.w3.org/2001/XMLSchema#string">40</object>
   </triple>
   <triple>
      <subject>http://h2o.consulting/ns/star-wars#starship-23</subject>
      <predicate>http://h2o.consulting/ns/star-wars#starship_class</predicate>
      <object datatype="http://www.w3.org/2001/XMLSchema#string">Escort ship</object>
   </triple>
   <triple>
      <subject>http://h2o.consulting/ns/star-wars#starship-23</subject>
      <predicate>http://h2o.consulting/ns/star-wars#film</predicate>
      <object>http://h2o.consulting/ns/star-wars#film-3</object>
   </triple>
   <triple>
      <subject>http://h2o.consulting/ns/star-wars#starship-23</subject>
      <predicate>http://h2o.consulting/ns/star-wars#film</predicate>
      <object>http://h2o.consulting/ns/star-wars#film-2</object>
   </triple>
   <triple>
      <subject>http://h2o.consulting/ns/star-wars#starship-23</subject>
      <predicate>http://h2o.consulting/ns/star-wars#created</predicate>
      <object datatype="http://www.w3.org/2001/XMLSchema#dateTime">2014-12-15T13:06:30.813000Z</object>
   </triple>
   <triple>
      <subject>http://h2o.consulting/ns/star-wars#starship-23</subject>
      <predicate>http://h2o.consulting/ns/star-wars#edited</predicate>
      <object datatype="http://www.w3.org/2001/XMLSchema#dateTime">2014-12-22T17:35:44.848329Z</object>
   </triple>
   <triple>
      <subject>http://h2o.consulting/ns/star-wars#starship-23</subject>
      <predicate>http://h2o.consulting/ns/star-wars#url</predicate>
      <object datatype="http://www.w3.org/2001/XMLSchema#string">http://swapi.co/api/starships/23/</object>
   </triple>
</triples>
