<triples xmlns="http://marklogic.com/semantics">
   <triple>
      <subject>http://h2o.consulting/ns/star-wars#starship-27</subject>
      <predicate>http://h2o.consulting/ns/star-wars#name</predicate>
      <object datatype="http://www.w3.org/2001/XMLSchema#string">Calamari Cruiser</object>
   </triple>
   <triple>
      <subject>http://h2o.consulting/ns/star-wars#starship-27</subject>
      <predicate>http://h2o.consulting/ns/star-wars#model</predicate>
      <object datatype="http://www.w3.org/2001/XMLSchema#string">MC80 Liberty type Star Cruiser</object>
   </triple>
   <triple>
      <subject>http://h2o.consulting/ns/star-wars#starship-27</subject>
      <predicate>http://h2o.consulting/ns/star-wars#manufacturer</predicate>
      <object datatype="http://www.w3.org/2001/XMLSchema#string">Mon Calamari shipyards</object>
   </triple>
   <triple>
      <subject>http://h2o.consulting/ns/star-wars#starship-27</subject>
      <predicate>http://h2o.consulting/ns/star-wars#cost_in_credits</predicate>
      <object datatype="http://www.w3.org/2001/XMLSchema#integer">104000000</object>
   </triple>
   <triple>
      <subject>http://h2o.consulting/ns/star-wars#starship-27</subject>
      <predicate>http://h2o.consulting/ns/star-wars#length</predicate>
      <object datatype="http://www.w3.org/2001/XMLSchema#integer">1200</object>
   </triple>
   <triple>
      <subject>http://h2o.consulting/ns/star-wars#starship-27</subject>
      <predicate>http://h2o.consulting/ns/star-wars#crew</predicate>
      <object datatype="http://www.w3.org/2001/XMLSchema#integer">5400</object>
   </triple>
   <triple>
      <subject>http://h2o.consulting/ns/star-wars#starship-27</subject>
      <predicate>http://h2o.consulting/ns/star-wars#passengers</predicate>
      <object datatype="http://www.w3.org/2001/XMLSchema#integer">1200</object>
   </triple>
   <triple>
      <subject>http://h2o.consulting/ns/star-wars#starship-27</subject>
      <predicate>http://h2o.consulting/ns/star-wars#consumables</predicate>
      <object datatype="http://www.w3.org/2001/XMLSchema#string">2 years</object>
   </triple>
   <triple>
      <subject>http://h2o.consulting/ns/star-wars#starship-27</subject>
      <predicate>http://h2o.consulting/ns/star-wars#hyperdrive_rating</predicate>
      <object datatype="http://www.w3.org/2001/XMLSchema#decimal">1.0</object>
   </triple>
   <triple>
      <subject>http://h2o.consulting/ns/star-wars#starship-27</subject>
      <predicate>http://h2o.consulting/ns/star-wars#MGLT</predicate>
      <object datatype="http://www.w3.org/2001/XMLSchema#string">60</object>
   </triple>
   <triple>
      <subject>http://h2o.consulting/ns/star-wars#starship-27</subject>
      <predicate>http://h2o.consulting/ns/star-wars#starship_class</predicate>
      <object datatype="http://www.w3.org/2001/XMLSchema#string">Star Cruiser</object>
   </triple>
   <triple>
      <subject>http://h2o.consulting/ns/star-wars#starship-27</subject>
      <predicate>http://h2o.consulting/ns/star-wars#film</predicate>
      <object>http://h2o.consulting/ns/star-wars#film-3</object>
   </triple>
   <triple>
      <subject>http://h2o.consulting/ns/star-wars#starship-27</subject>
      <predicate>http://h2o.consulting/ns/star-wars#created</predicate>
      <object datatype="http://www.w3.org/2001/XMLSchema#dateTime">2014-12-18T10:54:57.804000Z</object>
   </triple>
   <triple>
      <subject>http://h2o.consulting/ns/star-wars#starship-27</subject>
      <predicate>http://h2o.consulting/ns/star-wars#edited</predicate>
      <object datatype="http://www.w3.org/2001/XMLSchema#dateTime">2014-12-22T17:35:44.957852Z</object>
   </triple>
   <triple>
      <subject>http://h2o.consulting/ns/star-wars#starship-27</subject>
      <predicate>http://h2o.consulting/ns/star-wars#url</predicate>
      <object datatype="http://www.w3.org/2001/XMLSchema#string">http://swapi.co/api/starships/27/</object>
   </triple>
</triples>
