<triples xmlns="http://marklogic.com/semantics">
   <triple>
      <subject>http://h2o.consulting/ns/star-wars#starship-28</subject>
      <predicate>http://h2o.consulting/ns/star-wars#name</predicate>
      <object datatype="http://www.w3.org/2001/XMLSchema#string">A-wing</object>
   </triple>
   <triple>
      <subject>http://h2o.consulting/ns/star-wars#starship-28</subject>
      <predicate>http://h2o.consulting/ns/star-wars#model</predicate>
      <object datatype="http://www.w3.org/2001/XMLSchema#string">RZ-1 A-wing Interceptor</object>
   </triple>
   <triple>
      <subject>http://h2o.consulting/ns/star-wars#starship-28</subject>
      <predicate>http://h2o.consulting/ns/star-wars#manufacturer</predicate>
      <object datatype="http://www.w3.org/2001/XMLSchema#string">Alliance Underground Engineering, Incom Corporation</object>
   </triple>
   <triple>
      <subject>http://h2o.consulting/ns/star-wars#starship-28</subject>
      <predicate>http://h2o.consulting/ns/star-wars#cost_in_credits</predicate>
      <object datatype="http://www.w3.org/2001/XMLSchema#integer">175000</object>
   </triple>
   <triple>
      <subject>http://h2o.consulting/ns/star-wars#starship-28</subject>
      <predicate>http://h2o.consulting/ns/star-wars#length</predicate>
      <object datatype="http://www.w3.org/2001/XMLSchema#decimal">9.6</object>
   </triple>
   <triple>
      <subject>http://h2o.consulting/ns/star-wars#starship-28</subject>
      <predicate>http://h2o.consulting/ns/star-wars#max_atmosphering_speed</predicate>
      <object datatype="http://www.w3.org/2001/XMLSchema#integer">1300</object>
   </triple>
   <triple>
      <subject>http://h2o.consulting/ns/star-wars#starship-28</subject>
      <predicate>http://h2o.consulting/ns/star-wars#crew</predicate>
      <object datatype="http://www.w3.org/2001/XMLSchema#integer">1</object>
   </triple>
   <triple>
      <subject>http://h2o.consulting/ns/star-wars#starship-28</subject>
      <predicate>http://h2o.consulting/ns/star-wars#passengers</predicate>
      <object datatype="http://www.w3.org/2001/XMLSchema#integer">0</object>
   </triple>
   <triple>
      <subject>http://h2o.consulting/ns/star-wars#starship-28</subject>
      <predicate>http://h2o.consulting/ns/star-wars#cargo_capacity</predicate>
      <object datatype="http://www.w3.org/2001/XMLSchema#integer">40</object>
   </triple>
   <triple>
      <subject>http://h2o.consulting/ns/star-wars#starship-28</subject>
      <predicate>http://h2o.consulting/ns/star-wars#consumables</predicate>
      <object datatype="http://www.w3.org/2001/XMLSchema#string">1 week</object>
   </triple>
   <triple>
      <subject>http://h2o.consulting/ns/star-wars#starship-28</subject>
      <predicate>http://h2o.consulting/ns/star-wars#hyperdrive_rating</predicate>
      <object datatype="http://www.w3.org/2001/XMLSchema#decimal">1.0</object>
   </triple>
   <triple>
      <subject>http://h2o.consulting/ns/star-wars#starship-28</subject>
      <predicate>http://h2o.consulting/ns/star-wars#MGLT</predicate>
      <object datatype="http://www.w3.org/2001/XMLSchema#string">120</object>
   </triple>
   <triple>
      <subject>http://h2o.consulting/ns/star-wars#starship-28</subject>
      <predicate>http://h2o.consulting/ns/star-wars#starship_class</predicate>
      <object datatype="http://www.w3.org/2001/XMLSchema#string">Starfighter</object>
   </triple>
   <triple>
      <subject>http://h2o.consulting/ns/star-wars#starship-28</subject>
      <predicate>http://h2o.consulting/ns/star-wars#pilot</predicate>
      <object>http://h2o.consulting/ns/star-wars#people-29</object>
   </triple>
   <triple>
      <subject>http://h2o.consulting/ns/star-wars#starship-28</subject>
      <predicate>http://h2o.consulting/ns/star-wars#film</predicate>
      <object>http://h2o.consulting/ns/star-wars#film-3</object>
   </triple>
   <triple>
      <subject>http://h2o.consulting/ns/star-wars#starship-28</subject>
      <predicate>http://h2o.consulting/ns/star-wars#created</predicate>
      <object datatype="http://www.w3.org/2001/XMLSchema#dateTime">2014-12-18T11:16:34.542000Z</object>
   </triple>
   <triple>
      <subject>http://h2o.consulting/ns/star-wars#starship-28</subject>
      <predicate>http://h2o.consulting/ns/star-wars#edited</predicate>
      <object datatype="http://www.w3.org/2001/XMLSchema#dateTime">2014-12-22T17:35:44.978754Z</object>
   </triple>
   <triple>
      <subject>http://h2o.consulting/ns/star-wars#starship-28</subject>
      <predicate>http://h2o.consulting/ns/star-wars#url</predicate>
      <object datatype="http://www.w3.org/2001/XMLSchema#string">http://swapi.co/api/starships/28/</object>
   </triple>
   <triple>
      <subject>http://h2o.consulting/ns/star-wars#starship-28</subject>
      <predicate>http://h2o.consulting/ns/star-wars#desc</predicate>
      <object datatype="http://www.w3.org/2001/XMLSchema#string">A-wings are fictional starfighters in the Star Wars franchise. They first appear in Return of the Jedi (1983) and later in numerous Star Wars materials and productions. It gained popularity through its depiction in several video games, and since 1985 the A-wing has been merchandised by several companies.</object>
   </triple>
</triples>
