<triples xmlns="http://marklogic.com/semantics">
   <triple>
      <subject>http://h2o.consulting/ns/star-wars#starship-32</subject>
      <predicate>http://h2o.consulting/ns/star-wars#name</predicate>
      <object datatype="http://www.w3.org/2001/XMLSchema#string">Droid control ship</object>
   </triple>
   <triple>
      <subject>http://h2o.consulting/ns/star-wars#starship-32</subject>
      <predicate>http://h2o.consulting/ns/star-wars#model</predicate>
      <object datatype="http://www.w3.org/2001/XMLSchema#string">Lucrehulk-class Droid Control Ship</object>
   </triple>
   <triple>
      <subject>http://h2o.consulting/ns/star-wars#starship-32</subject>
      <predicate>http://h2o.consulting/ns/star-wars#manufacturer</predicate>
      <object datatype="http://www.w3.org/2001/XMLSchema#string">Hoersch-Kessel Drive, Inc.</object>
   </triple>
   <triple>
      <subject>http://h2o.consulting/ns/star-wars#starship-32</subject>
      <predicate>http://h2o.consulting/ns/star-wars#length</predicate>
      <object datatype="http://www.w3.org/2001/XMLSchema#integer">3170</object>
   </triple>
   <triple>
      <subject>http://h2o.consulting/ns/star-wars#starship-32</subject>
      <predicate>http://h2o.consulting/ns/star-wars#crew</predicate>
      <object datatype="http://www.w3.org/2001/XMLSchema#integer">175</object>
   </triple>
   <triple>
      <subject>http://h2o.consulting/ns/star-wars#starship-32</subject>
      <predicate>http://h2o.consulting/ns/star-wars#passengers</predicate>
      <object datatype="http://www.w3.org/2001/XMLSchema#integer">139000</object>
   </triple>
   <triple>
      <subject>http://h2o.consulting/ns/star-wars#starship-32</subject>
      <predicate>http://h2o.consulting/ns/star-wars#cargo_capacity</predicate>
      <object datatype="http://www.w3.org/2001/XMLSchema#integer">4000000000</object>
   </triple>
   <triple>
      <subject>http://h2o.consulting/ns/star-wars#starship-32</subject>
      <predicate>http://h2o.consulting/ns/star-wars#consumables</predicate>
      <object datatype="http://www.w3.org/2001/XMLSchema#string">500 days</object>
   </triple>
   <triple>
      <subject>http://h2o.consulting/ns/star-wars#starship-32</subject>
      <predicate>http://h2o.consulting/ns/star-wars#hyperdrive_rating</predicate>
      <object datatype="http://www.w3.org/2001/XMLSchema#decimal">2.0</object>
   </triple>
   <triple>
      <subject>http://h2o.consulting/ns/star-wars#starship-32</subject>
      <predicate>http://h2o.consulting/ns/star-wars#starship_class</predicate>
      <object datatype="http://www.w3.org/2001/XMLSchema#string">Droid control ship</object>
   </triple>
   <triple>
      <subject>http://h2o.consulting/ns/star-wars#starship-32</subject>
      <predicate>http://h2o.consulting/ns/star-wars#film</predicate>
      <object>http://h2o.consulting/ns/star-wars#film-5</object>
   </triple>
   <triple>
      <subject>http://h2o.consulting/ns/star-wars#starship-32</subject>
      <predicate>http://h2o.consulting/ns/star-wars#film</predicate>
      <object>http://h2o.consulting/ns/star-wars#film-4</object>
   </triple>
   <triple>
      <subject>http://h2o.consulting/ns/star-wars#starship-32</subject>
      <predicate>http://h2o.consulting/ns/star-wars#film</predicate>
      <object>http://h2o.consulting/ns/star-wars#film-6</object>
   </triple>
   <triple>
      <subject>http://h2o.consulting/ns/star-wars#starship-32</subject>
      <predicate>http://h2o.consulting/ns/star-wars#created</predicate>
      <object datatype="http://www.w3.org/2001/XMLSchema#dateTime">2014-12-19T17:04:06.323000Z</object>
   </triple>
   <triple>
      <subject>http://h2o.consulting/ns/star-wars#starship-32</subject>
      <predicate>http://h2o.consulting/ns/star-wars#edited</predicate>
      <object datatype="http://www.w3.org/2001/XMLSchema#dateTime">2014-12-22T17:35:45.042900Z</object>
   </triple>
   <triple>
      <subject>http://h2o.consulting/ns/star-wars#starship-32</subject>
      <predicate>http://h2o.consulting/ns/star-wars#url</predicate>
      <object datatype="http://www.w3.org/2001/XMLSchema#string">http://swapi.co/api/starships/32/</object>
   </triple>
</triples>
