<triples xmlns="http://marklogic.com/semantics">
   <triple>
      <subject>http://h2o.consulting/ns/star-wars#starship-39</subject>
      <predicate>http://www.w3.org/1999/02/22-rdf-syntax-ns#type</predicate>
      <object>http://h2o.consulting/ns/star-wars#Starship</object>
   </triple>
   <triple>
      <subject>http://h2o.consulting/ns/star-wars#starship-39</subject>
      <predicate>http://www.w3.org/2000/01/rdf-schema#label</predicate>
      <object datatype="http://www.w3.org/2001/XMLSchema#string">Naboo fighter</object>
   </triple>
   <triple>
      <subject>http://h2o.consulting/ns/star-wars#starship-39</subject>
      <predicate>http://h2o.consulting/ns/star-wars#model</predicate>
      <object datatype="http://www.w3.org/2001/XMLSchema#string">N-1 starfighter</object>
   </triple>
   <triple>
      <subject>http://h2o.consulting/ns/star-wars#starship-39</subject>
      <predicate>http://h2o.consulting/ns/star-wars#manufacturer</predicate>
      <object datatype="http://www.w3.org/2001/XMLSchema#string">Theed Palace Space Vessel Engineering Corps</object>
   </triple>
   <triple>
      <subject>http://h2o.consulting/ns/star-wars#starship-39</subject>
      <predicate>http://h2o.consulting/ns/star-wars#cost_in_credits</predicate>
      <object datatype="http://www.w3.org/2001/XMLSchema#integer">200000</object>
   </triple>
   <triple>
      <subject>http://h2o.consulting/ns/star-wars#starship-39</subject>
      <predicate>http://h2o.consulting/ns/star-wars#length</predicate>
      <object datatype="http://www.w3.org/2001/XMLSchema#integer">11</object>
   </triple>
   <triple>
      <subject>http://h2o.consulting/ns/star-wars#starship-39</subject>
      <predicate>http://h2o.consulting/ns/star-wars#max_atmosphering_speed</predicate>
      <object datatype="http://www.w3.org/2001/XMLSchema#integer">1100</object>
   </triple>
   <triple>
      <subject>http://h2o.consulting/ns/star-wars#starship-39</subject>
      <predicate>http://h2o.consulting/ns/star-wars#crew</predicate>
      <object datatype="http://www.w3.org/2001/XMLSchema#integer">1</object>
   </triple>
   <triple>
      <subject>http://h2o.consulting/ns/star-wars#starship-39</subject>
      <predicate>http://h2o.consulting/ns/star-wars#passengers</predicate>
      <object datatype="http://www.w3.org/2001/XMLSchema#integer">0</object>
   </triple>
   <triple>
      <subject>http://h2o.consulting/ns/star-wars#starship-39</subject>
      <predicate>http://h2o.consulting/ns/star-wars#cargo_capacity</predicate>
      <object datatype="http://www.w3.org/2001/XMLSchema#integer">65</object>
   </triple>
   <triple>
      <subject>http://h2o.consulting/ns/star-wars#starship-39</subject>
      <predicate>http://h2o.consulting/ns/star-wars#consumables</predicate>
      <object datatype="http://www.w3.org/2001/XMLSchema#string">7 days</object>
   </triple>
   <triple>
      <subject>http://h2o.consulting/ns/star-wars#starship-39</subject>
      <predicate>http://h2o.consulting/ns/star-wars#hyperdrive_rating</predicate>
      <object datatype="http://www.w3.org/2001/XMLSchema#decimal">1.0</object>
   </triple>
   <triple>
      <subject>http://h2o.consulting/ns/star-wars#starship-39</subject>
      <predicate>http://h2o.consulting/ns/star-wars#starship_class</predicate>
      <object datatype="http://www.w3.org/2001/XMLSchema#string">Starfighter</object>
   </triple>
   <triple>
      <subject>http://h2o.consulting/ns/star-wars#starship-39</subject>
      <predicate>http://h2o.consulting/ns/star-wars#pilot</predicate>
      <object>http://h2o.consulting/ns/star-wars#people-11</object>
   </triple>
   <triple>
      <subject>http://h2o.consulting/ns/star-wars#starship-39</subject>
      <predicate>http://h2o.consulting/ns/star-wars#pilot</predicate>
      <object>http://h2o.consulting/ns/star-wars#people-60</object>
   </triple>
   <triple>
      <subject>http://h2o.consulting/ns/star-wars#starship-39</subject>
      <predicate>http://h2o.consulting/ns/star-wars#pilot</predicate>
      <object>http://h2o.consulting/ns/star-wars#people-35</object>
   </triple>
   <triple>
      <subject>http://h2o.consulting/ns/star-wars#starship-39</subject>
      <predicate>http://h2o.consulting/ns/star-wars#film</predicate>
      <object>http://h2o.consulting/ns/star-wars#film-5</object>
   </triple>
   <triple>
      <subject>http://h2o.consulting/ns/star-wars#starship-39</subject>
      <predicate>http://h2o.consulting/ns/star-wars#film</predicate>
      <object>http://h2o.consulting/ns/star-wars#film-4</object>
   </triple>
   <triple>
      <subject>http://h2o.consulting/ns/star-wars#starship-39</subject>
      <predicate>http://h2o.consulting/ns/star-wars#created</predicate>
      <object datatype="http://www.w3.org/2001/XMLSchema#dateTime">2014-12-19T17:39:17.582000Z</object>
   </triple>
   <triple>
      <subject>http://h2o.consulting/ns/star-wars#starship-39</subject>
      <predicate>http://h2o.consulting/ns/star-wars#edited</predicate>
      <object datatype="http://www.w3.org/2001/XMLSchema#dateTime">2014-12-22T17:35:45.079452Z</object>
   </triple>
   <triple>
      <subject>http://h2o.consulting/ns/star-wars#starship-39</subject>
      <predicate>http://h2o.consulting/ns/star-wars#url</predicate>
      <object datatype="http://www.w3.org/2001/XMLSchema#string">http://swapi.co/api/starships/39/</object>
   </triple>
</triples>
