<triples xmlns="http://marklogic.com/semantics">
   <triple>
      <subject>http://h2o.consulting/ns/star-wars#starship-40</subject>
      <predicate>http://h2o.consulting/ns/star-wars#name</predicate>
      <object datatype="http://www.w3.org/2001/XMLSchema#string">Naboo Royal Starship</object>
   </triple>
   <triple>
      <subject>http://h2o.consulting/ns/star-wars#starship-40</subject>
      <predicate>http://h2o.consulting/ns/star-wars#model</predicate>
      <object datatype="http://www.w3.org/2001/XMLSchema#string">J-type 327 Nubian royal starship</object>
   </triple>
   <triple>
      <subject>http://h2o.consulting/ns/star-wars#starship-40</subject>
      <predicate>http://h2o.consulting/ns/star-wars#manufacturer</predicate>
      <object datatype="http://www.w3.org/2001/XMLSchema#string">Theed Palace Space Vessel Engineering Corps, Nubia Star Drives</object>
   </triple>
   <triple>
      <subject>http://h2o.consulting/ns/star-wars#starship-40</subject>
      <predicate>http://h2o.consulting/ns/star-wars#length</predicate>
      <object datatype="http://www.w3.org/2001/XMLSchema#integer">76</object>
   </triple>
   <triple>
      <subject>http://h2o.consulting/ns/star-wars#starship-40</subject>
      <predicate>http://h2o.consulting/ns/star-wars#max_atmosphering_speed</predicate>
      <object datatype="http://www.w3.org/2001/XMLSchema#integer">920</object>
   </triple>
   <triple>
      <subject>http://h2o.consulting/ns/star-wars#starship-40</subject>
      <predicate>http://h2o.consulting/ns/star-wars#crew</predicate>
      <object datatype="http://www.w3.org/2001/XMLSchema#integer">8</object>
   </triple>
   <triple>
      <subject>http://h2o.consulting/ns/star-wars#starship-40</subject>
      <predicate>http://h2o.consulting/ns/star-wars#hyperdrive_rating</predicate>
      <object datatype="http://www.w3.org/2001/XMLSchema#decimal">1.8</object>
   </triple>
   <triple>
      <subject>http://h2o.consulting/ns/star-wars#starship-40</subject>
      <predicate>http://h2o.consulting/ns/star-wars#starship_class</predicate>
      <object datatype="http://www.w3.org/2001/XMLSchema#string">yacht</object>
   </triple>
   <triple>
      <subject>http://h2o.consulting/ns/star-wars#starship-40</subject>
      <predicate>http://h2o.consulting/ns/star-wars#pilot</predicate>
      <object>http://h2o.consulting/ns/star-wars#people-39</object>
   </triple>
   <triple>
      <subject>http://h2o.consulting/ns/star-wars#starship-40</subject>
      <predicate>http://h2o.consulting/ns/star-wars#film</predicate>
      <object>http://h2o.consulting/ns/star-wars#film-4</object>
   </triple>
   <triple>
      <subject>http://h2o.consulting/ns/star-wars#starship-40</subject>
      <predicate>http://h2o.consulting/ns/star-wars#created</predicate>
      <object datatype="http://www.w3.org/2001/XMLSchema#dateTime">2014-12-19T17:45:03.506000Z</object>
   </triple>
   <triple>
      <subject>http://h2o.consulting/ns/star-wars#starship-40</subject>
      <predicate>http://h2o.consulting/ns/star-wars#edited</predicate>
      <object datatype="http://www.w3.org/2001/XMLSchema#dateTime">2014-12-22T17:35:45.091925Z</object>
   </triple>
   <triple>
      <subject>http://h2o.consulting/ns/star-wars#starship-40</subject>
      <predicate>http://h2o.consulting/ns/star-wars#url</predicate>
      <object datatype="http://www.w3.org/2001/XMLSchema#string">http://swapi.co/api/starships/40/</object>
   </triple>
</triples>
