<triples xmlns="http://marklogic.com/semantics">
   <triple>
      <subject>http://h2o.consulting/ns/star-wars#starship-47</subject>
      <predicate>http://www.w3.org/1999/02/22-rdf-syntax-ns#type</predicate>
      <object>http://h2o.consulting/ns/star-wars#Starship</object>
   </triple>
   <triple>
      <subject>http://h2o.consulting/ns/star-wars#starship-47</subject>
      <predicate>http://www.w3.org/2000/01/rdf-schema#label</predicate>
      <object datatype="http://www.w3.org/2001/XMLSchema#string">AA-9 Coruscant freighter</object>
   </triple>
   <triple>
      <subject>http://h2o.consulting/ns/star-wars#starship-47</subject>
      <predicate>http://h2o.consulting/ns/star-wars#model</predicate>
      <object datatype="http://www.w3.org/2001/XMLSchema#string">Botajef AA-9 Freighter-Liner</object>
   </triple>
   <triple>
      <subject>http://h2o.consulting/ns/star-wars#starship-47</subject>
      <predicate>http://h2o.consulting/ns/star-wars#manufacturer</predicate>
      <object datatype="http://www.w3.org/2001/XMLSchema#string">Botajef Shipyards</object>
   </triple>
   <triple>
      <subject>http://h2o.consulting/ns/star-wars#starship-47</subject>
      <predicate>http://h2o.consulting/ns/star-wars#length</predicate>
      <object datatype="http://www.w3.org/2001/XMLSchema#integer">390</object>
   </triple>
   <triple>
      <subject>http://h2o.consulting/ns/star-wars#starship-47</subject>
      <predicate>http://h2o.consulting/ns/star-wars#passengers</predicate>
      <object datatype="http://www.w3.org/2001/XMLSchema#integer">30000</object>
   </triple>
   <triple>
      <subject>http://h2o.consulting/ns/star-wars#starship-47</subject>
      <predicate>http://h2o.consulting/ns/star-wars#starship_class</predicate>
      <object datatype="http://www.w3.org/2001/XMLSchema#string">freighter</object>
   </triple>
   <triple>
      <subject>http://h2o.consulting/ns/star-wars#starship-47</subject>
      <predicate>http://h2o.consulting/ns/star-wars#film</predicate>
      <object>http://h2o.consulting/ns/star-wars#film-5</object>
   </triple>
   <triple>
      <subject>http://h2o.consulting/ns/star-wars#starship-47</subject>
      <predicate>http://h2o.consulting/ns/star-wars#created</predicate>
      <object datatype="http://www.w3.org/2001/XMLSchema#dateTime">2014-12-20T17:24:23.509000Z</object>
   </triple>
   <triple>
      <subject>http://h2o.consulting/ns/star-wars#starship-47</subject>
      <predicate>http://h2o.consulting/ns/star-wars#edited</predicate>
      <object datatype="http://www.w3.org/2001/XMLSchema#dateTime">2014-12-22T17:35:45.135987Z</object>
   </triple>
   <triple>
      <subject>http://h2o.consulting/ns/star-wars#starship-47</subject>
      <predicate>http://h2o.consulting/ns/star-wars#url</predicate>
      <object datatype="http://www.w3.org/2001/XMLSchema#string">http://swapi.co/api/starships/47/</object>
   </triple>
</triples>
