<triples xmlns="http://marklogic.com/semantics">
   <triple>
      <subject>http://h2o.consulting/ns/star-wars#starship-5</subject>
      <predicate>http://h2o.consulting/ns/star-wars#name</predicate>
      <object datatype="http://www.w3.org/2001/XMLSchema#string">Sentinel-class landing craft</object>
   </triple>
   <triple>
      <subject>http://h2o.consulting/ns/star-wars#starship-5</subject>
      <predicate>http://h2o.consulting/ns/star-wars#model</predicate>
      <object datatype="http://www.w3.org/2001/XMLSchema#string">Sentinel-class landing craft</object>
   </triple>
   <triple>
      <subject>http://h2o.consulting/ns/star-wars#starship-5</subject>
      <predicate>http://h2o.consulting/ns/star-wars#manufacturer</predicate>
      <object datatype="http://www.w3.org/2001/XMLSchema#string">Sienar Fleet Systems, Cyngus Spaceworks</object>
   </triple>
   <triple>
      <subject>http://h2o.consulting/ns/star-wars#starship-5</subject>
      <predicate>http://h2o.consulting/ns/star-wars#cost_in_credits</predicate>
      <object datatype="http://www.w3.org/2001/XMLSchema#integer">240000</object>
   </triple>
   <triple>
      <subject>http://h2o.consulting/ns/star-wars#starship-5</subject>
      <predicate>http://h2o.consulting/ns/star-wars#length</predicate>
      <object datatype="http://www.w3.org/2001/XMLSchema#integer">38</object>
   </triple>
   <triple>
      <subject>http://h2o.consulting/ns/star-wars#starship-5</subject>
      <predicate>http://h2o.consulting/ns/star-wars#max_atmosphering_speed</predicate>
      <object datatype="http://www.w3.org/2001/XMLSchema#integer">1000</object>
   </triple>
   <triple>
      <subject>http://h2o.consulting/ns/star-wars#starship-5</subject>
      <predicate>http://h2o.consulting/ns/star-wars#crew</predicate>
      <object datatype="http://www.w3.org/2001/XMLSchema#integer">5</object>
   </triple>
   <triple>
      <subject>http://h2o.consulting/ns/star-wars#starship-5</subject>
      <predicate>http://h2o.consulting/ns/star-wars#passengers</predicate>
      <object datatype="http://www.w3.org/2001/XMLSchema#integer">75</object>
   </triple>
   <triple>
      <subject>http://h2o.consulting/ns/star-wars#starship-5</subject>
      <predicate>http://h2o.consulting/ns/star-wars#cargo_capacity</predicate>
      <object datatype="http://www.w3.org/2001/XMLSchema#integer">180000</object>
   </triple>
   <triple>
      <subject>http://h2o.consulting/ns/star-wars#starship-5</subject>
      <predicate>http://h2o.consulting/ns/star-wars#consumables</predicate>
      <object datatype="http://www.w3.org/2001/XMLSchema#string">1 month</object>
   </triple>
   <triple>
      <subject>http://h2o.consulting/ns/star-wars#starship-5</subject>
      <predicate>http://h2o.consulting/ns/star-wars#hyperdrive_rating</predicate>
      <object datatype="http://www.w3.org/2001/XMLSchema#decimal">1.0</object>
   </triple>
   <triple>
      <subject>http://h2o.consulting/ns/star-wars#starship-5</subject>
      <predicate>http://h2o.consulting/ns/star-wars#MGLT</predicate>
      <object datatype="http://www.w3.org/2001/XMLSchema#string">70</object>
   </triple>
   <triple>
      <subject>http://h2o.consulting/ns/star-wars#starship-5</subject>
      <predicate>http://h2o.consulting/ns/star-wars#starship_class</predicate>
      <object datatype="http://www.w3.org/2001/XMLSchema#string">landing craft</object>
   </triple>
   <triple>
      <subject>http://h2o.consulting/ns/star-wars#starship-5</subject>
      <predicate>http://h2o.consulting/ns/star-wars#film</predicate>
      <object>http://h2o.consulting/ns/star-wars#film-1</object>
   </triple>
   <triple>
      <subject>http://h2o.consulting/ns/star-wars#starship-5</subject>
      <predicate>http://h2o.consulting/ns/star-wars#created</predicate>
      <object datatype="http://www.w3.org/2001/XMLSchema#dateTime">2014-12-10T15:48:00.586000Z</object>
   </triple>
   <triple>
      <subject>http://h2o.consulting/ns/star-wars#starship-5</subject>
      <predicate>http://h2o.consulting/ns/star-wars#edited</predicate>
      <object datatype="http://www.w3.org/2001/XMLSchema#dateTime">2014-12-22T17:35:44.431407Z</object>
   </triple>
   <triple>
      <subject>http://h2o.consulting/ns/star-wars#starship-5</subject>
      <predicate>http://h2o.consulting/ns/star-wars#url</predicate>
      <object datatype="http://www.w3.org/2001/XMLSchema#string">http://swapi.co/api/starships/5/</object>
   </triple>
</triples>
