<triples xmlns="http://marklogic.com/semantics">
   <triple>
      <subject>http://h2o.consulting/ns/star-wars#starship-52</subject>
      <predicate>http://www.w3.org/1999/02/22-rdf-syntax-ns#type</predicate>
      <object>http://h2o.consulting/ns/star-wars#Starship</object>
   </triple>
   <triple>
      <subject>http://h2o.consulting/ns/star-wars#starship-52</subject>
      <predicate>http://www.w3.org/2000/01/rdf-schema#label</predicate>
      <object datatype="http://www.w3.org/2001/XMLSchema#string">Republic Assault ship</object>
   </triple>
   <triple>
      <subject>http://h2o.consulting/ns/star-wars#starship-52</subject>
      <predicate>http://h2o.consulting/ns/star-wars#model</predicate>
      <object datatype="http://www.w3.org/2001/XMLSchema#string">Acclamator I-class assault ship</object>
   </triple>
   <triple>
      <subject>http://h2o.consulting/ns/star-wars#starship-52</subject>
      <predicate>http://h2o.consulting/ns/star-wars#manufacturer</predicate>
      <object datatype="http://www.w3.org/2001/XMLSchema#string">Rothana Heavy Engineering</object>
   </triple>
   <triple>
      <subject>http://h2o.consulting/ns/star-wars#starship-52</subject>
      <predicate>http://h2o.consulting/ns/star-wars#length</predicate>
      <object datatype="http://www.w3.org/2001/XMLSchema#integer">752</object>
   </triple>
   <triple>
      <subject>http://h2o.consulting/ns/star-wars#starship-52</subject>
      <predicate>http://h2o.consulting/ns/star-wars#crew</predicate>
      <object datatype="http://www.w3.org/2001/XMLSchema#integer">700</object>
   </triple>
   <triple>
      <subject>http://h2o.consulting/ns/star-wars#starship-52</subject>
      <predicate>http://h2o.consulting/ns/star-wars#passengers</predicate>
      <object datatype="http://www.w3.org/2001/XMLSchema#integer">16000</object>
   </triple>
   <triple>
      <subject>http://h2o.consulting/ns/star-wars#starship-52</subject>
      <predicate>http://h2o.consulting/ns/star-wars#cargo_capacity</predicate>
      <object datatype="http://www.w3.org/2001/XMLSchema#integer">11250000</object>
   </triple>
   <triple>
      <subject>http://h2o.consulting/ns/star-wars#starship-52</subject>
      <predicate>http://h2o.consulting/ns/star-wars#consumables</predicate>
      <object datatype="http://www.w3.org/2001/XMLSchema#string">2 years</object>
   </triple>
   <triple>
      <subject>http://h2o.consulting/ns/star-wars#starship-52</subject>
      <predicate>http://h2o.consulting/ns/star-wars#hyperdrive_rating</predicate>
      <object datatype="http://www.w3.org/2001/XMLSchema#decimal">0.6</object>
   </triple>
   <triple>
      <subject>http://h2o.consulting/ns/star-wars#starship-52</subject>
      <predicate>http://h2o.consulting/ns/star-wars#starship_class</predicate>
      <object datatype="http://www.w3.org/2001/XMLSchema#string">assault ship</object>
   </triple>
   <triple>
      <subject>http://h2o.consulting/ns/star-wars#starship-52</subject>
      <predicate>http://h2o.consulting/ns/star-wars#film</predicate>
      <object>http://h2o.consulting/ns/star-wars#film-5</object>
   </triple>
   <triple>
      <subject>http://h2o.consulting/ns/star-wars#starship-52</subject>
      <predicate>http://h2o.consulting/ns/star-wars#created</predicate>
      <object datatype="http://www.w3.org/2001/XMLSchema#dateTime">2014-12-20T18:08:42.926000Z</object>
   </triple>
   <triple>
      <subject>http://h2o.consulting/ns/star-wars#starship-52</subject>
      <predicate>http://h2o.consulting/ns/star-wars#edited</predicate>
      <object datatype="http://www.w3.org/2001/XMLSchema#dateTime">2014-12-22T17:35:45.171653Z</object>
   </triple>
   <triple>
      <subject>http://h2o.consulting/ns/star-wars#starship-52</subject>
      <predicate>http://h2o.consulting/ns/star-wars#url</predicate>
      <object datatype="http://www.w3.org/2001/XMLSchema#string">http://swapi.co/api/starships/52/</object>
   </triple>
</triples>
