<triples xmlns="http://marklogic.com/semantics">
   <triple>
      <subject>http://h2o.consulting/ns/star-wars#starship-63</subject>
      <predicate>http://h2o.consulting/ns/star-wars#name</predicate>
      <object datatype="http://www.w3.org/2001/XMLSchema#string">Republic attack cruiser</object>
   </triple>
   <triple>
      <subject>http://h2o.consulting/ns/star-wars#starship-63</subject>
      <predicate>http://h2o.consulting/ns/star-wars#model</predicate>
      <object datatype="http://www.w3.org/2001/XMLSchema#string">Senator-class Star Destroyer</object>
   </triple>
   <triple>
      <subject>http://h2o.consulting/ns/star-wars#starship-63</subject>
      <predicate>http://h2o.consulting/ns/star-wars#manufacturer</predicate>
      <object datatype="http://www.w3.org/2001/XMLSchema#string">Kuat Drive Yards, Allanteen Six shipyards</object>
   </triple>
   <triple>
      <subject>http://h2o.consulting/ns/star-wars#starship-63</subject>
      <predicate>http://h2o.consulting/ns/star-wars#cost_in_credits</predicate>
      <object datatype="http://www.w3.org/2001/XMLSchema#integer">59000000</object>
   </triple>
   <triple>
      <subject>http://h2o.consulting/ns/star-wars#starship-63</subject>
      <predicate>http://h2o.consulting/ns/star-wars#length</predicate>
      <object datatype="http://www.w3.org/2001/XMLSchema#integer">1137</object>
   </triple>
   <triple>
      <subject>http://h2o.consulting/ns/star-wars#starship-63</subject>
      <predicate>http://h2o.consulting/ns/star-wars#max_atmosphering_speed</predicate>
      <object datatype="http://www.w3.org/2001/XMLSchema#integer">975</object>
   </triple>
   <triple>
      <subject>http://h2o.consulting/ns/star-wars#starship-63</subject>
      <predicate>http://h2o.consulting/ns/star-wars#crew</predicate>
      <object datatype="http://www.w3.org/2001/XMLSchema#integer">7400</object>
   </triple>
   <triple>
      <subject>http://h2o.consulting/ns/star-wars#starship-63</subject>
      <predicate>http://h2o.consulting/ns/star-wars#passengers</predicate>
      <object datatype="http://www.w3.org/2001/XMLSchema#integer">2000</object>
   </triple>
   <triple>
      <subject>http://h2o.consulting/ns/star-wars#starship-63</subject>
      <predicate>http://h2o.consulting/ns/star-wars#cargo_capacity</predicate>
      <object datatype="http://www.w3.org/2001/XMLSchema#integer">20000000</object>
   </triple>
   <triple>
      <subject>http://h2o.consulting/ns/star-wars#starship-63</subject>
      <predicate>http://h2o.consulting/ns/star-wars#consumables</predicate>
      <object datatype="http://www.w3.org/2001/XMLSchema#string">2 years</object>
   </triple>
   <triple>
      <subject>http://h2o.consulting/ns/star-wars#starship-63</subject>
      <predicate>http://h2o.consulting/ns/star-wars#hyperdrive_rating</predicate>
      <object datatype="http://www.w3.org/2001/XMLSchema#decimal">1.0</object>
   </triple>
   <triple>
      <subject>http://h2o.consulting/ns/star-wars#starship-63</subject>
      <predicate>http://h2o.consulting/ns/star-wars#starship_class</predicate>
      <object datatype="http://www.w3.org/2001/XMLSchema#string">star destroyer</object>
   </triple>
   <triple>
      <subject>http://h2o.consulting/ns/star-wars#starship-63</subject>
      <predicate>http://h2o.consulting/ns/star-wars#film</predicate>
      <object>http://h2o.consulting/ns/star-wars#film-6</object>
   </triple>
   <triple>
      <subject>http://h2o.consulting/ns/star-wars#starship-63</subject>
      <predicate>http://h2o.consulting/ns/star-wars#created</predicate>
      <object datatype="http://www.w3.org/2001/XMLSchema#dateTime">2014-12-20T19:52:56.232000Z</object>
   </triple>
   <triple>
      <subject>http://h2o.consulting/ns/star-wars#starship-63</subject>
      <predicate>http://h2o.consulting/ns/star-wars#edited</predicate>
      <object datatype="http://www.w3.org/2001/XMLSchema#dateTime">2014-12-22T17:35:45.224540Z</object>
   </triple>
   <triple>
      <subject>http://h2o.consulting/ns/star-wars#starship-63</subject>
      <predicate>http://h2o.consulting/ns/star-wars#url</predicate>
      <object datatype="http://www.w3.org/2001/XMLSchema#string">http://swapi.co/api/starships/63/</object>
   </triple>
</triples>
