<triples xmlns="http://marklogic.com/semantics">
   <triple>
      <subject>http://h2o.consulting/ns/star-wars#starship-68</subject>
      <predicate>http://h2o.consulting/ns/star-wars#name</predicate>
      <object datatype="http://www.w3.org/2001/XMLSchema#string">Banking clan frigte</object>
   </triple>
   <triple>
      <subject>http://h2o.consulting/ns/star-wars#starship-68</subject>
      <predicate>http://h2o.consulting/ns/star-wars#model</predicate>
      <object datatype="http://www.w3.org/2001/XMLSchema#string">Munificent-class star frigate</object>
   </triple>
   <triple>
      <subject>http://h2o.consulting/ns/star-wars#starship-68</subject>
      <predicate>http://h2o.consulting/ns/star-wars#manufacturer</predicate>
      <object datatype="http://www.w3.org/2001/XMLSchema#string">Hoersch-Kessel Drive, Inc, Gwori Revolutionary Industries</object>
   </triple>
   <triple>
      <subject>http://h2o.consulting/ns/star-wars#starship-68</subject>
      <predicate>http://h2o.consulting/ns/star-wars#cost_in_credits</predicate>
      <object datatype="http://www.w3.org/2001/XMLSchema#integer">57000000</object>
   </triple>
   <triple>
      <subject>http://h2o.consulting/ns/star-wars#starship-68</subject>
      <predicate>http://h2o.consulting/ns/star-wars#length</predicate>
      <object datatype="http://www.w3.org/2001/XMLSchema#integer">825</object>
   </triple>
   <triple>
      <subject>http://h2o.consulting/ns/star-wars#starship-68</subject>
      <predicate>http://h2o.consulting/ns/star-wars#crew</predicate>
      <object datatype="http://www.w3.org/2001/XMLSchema#integer">200</object>
   </triple>
   <triple>
      <subject>http://h2o.consulting/ns/star-wars#starship-68</subject>
      <predicate>http://h2o.consulting/ns/star-wars#cargo_capacity</predicate>
      <object datatype="http://www.w3.org/2001/XMLSchema#integer">40000000</object>
   </triple>
   <triple>
      <subject>http://h2o.consulting/ns/star-wars#starship-68</subject>
      <predicate>http://h2o.consulting/ns/star-wars#consumables</predicate>
      <object datatype="http://www.w3.org/2001/XMLSchema#string">2 years</object>
   </triple>
   <triple>
      <subject>http://h2o.consulting/ns/star-wars#starship-68</subject>
      <predicate>http://h2o.consulting/ns/star-wars#hyperdrive_rating</predicate>
      <object datatype="http://www.w3.org/2001/XMLSchema#decimal">1.0</object>
   </triple>
   <triple>
      <subject>http://h2o.consulting/ns/star-wars#starship-68</subject>
      <predicate>http://h2o.consulting/ns/star-wars#starship_class</predicate>
      <object datatype="http://www.w3.org/2001/XMLSchema#string">cruiser</object>
   </triple>
   <triple>
      <subject>http://h2o.consulting/ns/star-wars#starship-68</subject>
      <predicate>http://h2o.consulting/ns/star-wars#film</predicate>
      <object>http://h2o.consulting/ns/star-wars#film-6</object>
   </triple>
   <triple>
      <subject>http://h2o.consulting/ns/star-wars#starship-68</subject>
      <predicate>http://h2o.consulting/ns/star-wars#created</predicate>
      <object datatype="http://www.w3.org/2001/XMLSchema#dateTime">2014-12-20T20:07:11.538000Z</object>
   </triple>
   <triple>
      <subject>http://h2o.consulting/ns/star-wars#starship-68</subject>
      <predicate>http://h2o.consulting/ns/star-wars#edited</predicate>
      <object datatype="http://www.w3.org/2001/XMLSchema#dateTime">2014-12-22T17:35:45.361585Z</object>
   </triple>
   <triple>
      <subject>http://h2o.consulting/ns/star-wars#starship-68</subject>
      <predicate>http://h2o.consulting/ns/star-wars#url</predicate>
      <object datatype="http://www.w3.org/2001/XMLSchema#string">http://swapi.co/api/starships/68/</object>
   </triple>
</triples>
