<triples xmlns="http://marklogic.com/semantics">
   <triple>
      <subject>http://h2o.consulting/ns/star-wars#starship-74</subject>
      <predicate>http://www.w3.org/1999/02/22-rdf-syntax-ns#type</predicate>
      <object>http://h2o.consulting/ns/star-wars#Starship</object>
   </triple>
   <triple>
      <subject>http://h2o.consulting/ns/star-wars#starship-74</subject>
      <predicate>http://www.w3.org/2000/01/rdf-schema#label</predicate>
      <object datatype="http://www.w3.org/2001/XMLSchema#string">Belbullab-22 starfighter</object>
   </triple>
   <triple>
      <subject>http://h2o.consulting/ns/star-wars#starship-74</subject>
      <predicate>http://h2o.consulting/ns/star-wars#model</predicate>
      <object datatype="http://www.w3.org/2001/XMLSchema#string">Belbullab-22 starfighter</object>
   </triple>
   <triple>
      <subject>http://h2o.consulting/ns/star-wars#starship-74</subject>
      <predicate>http://h2o.consulting/ns/star-wars#manufacturer</predicate>
      <object datatype="http://www.w3.org/2001/XMLSchema#string">Feethan Ottraw Scalable Assemblies</object>
   </triple>
   <triple>
      <subject>http://h2o.consulting/ns/star-wars#starship-74</subject>
      <predicate>http://h2o.consulting/ns/star-wars#cost_in_credits</predicate>
      <object datatype="http://www.w3.org/2001/XMLSchema#integer">168000</object>
   </triple>
   <triple>
      <subject>http://h2o.consulting/ns/star-wars#starship-74</subject>
      <predicate>http://h2o.consulting/ns/star-wars#length</predicate>
      <object datatype="http://www.w3.org/2001/XMLSchema#decimal">6.71</object>
   </triple>
   <triple>
      <subject>http://h2o.consulting/ns/star-wars#starship-74</subject>
      <predicate>http://h2o.consulting/ns/star-wars#max_atmosphering_speed</predicate>
      <object datatype="http://www.w3.org/2001/XMLSchema#integer">1100</object>
   </triple>
   <triple>
      <subject>http://h2o.consulting/ns/star-wars#starship-74</subject>
      <predicate>http://h2o.consulting/ns/star-wars#crew</predicate>
      <object datatype="http://www.w3.org/2001/XMLSchema#integer">1</object>
   </triple>
   <triple>
      <subject>http://h2o.consulting/ns/star-wars#starship-74</subject>
      <predicate>http://h2o.consulting/ns/star-wars#passengers</predicate>
      <object datatype="http://www.w3.org/2001/XMLSchema#integer">0</object>
   </triple>
   <triple>
      <subject>http://h2o.consulting/ns/star-wars#starship-74</subject>
      <predicate>http://h2o.consulting/ns/star-wars#cargo_capacity</predicate>
      <object datatype="http://www.w3.org/2001/XMLSchema#integer">140</object>
   </triple>
   <triple>
      <subject>http://h2o.consulting/ns/star-wars#starship-74</subject>
      <predicate>http://h2o.consulting/ns/star-wars#consumables</predicate>
      <object datatype="http://www.w3.org/2001/XMLSchema#string">7 days</object>
   </triple>
   <triple>
      <subject>http://h2o.consulting/ns/star-wars#starship-74</subject>
      <predicate>http://h2o.consulting/ns/star-wars#hyperdrive_rating</predicate>
      <object datatype="http://www.w3.org/2001/XMLSchema#integer">6</object>
   </triple>
   <triple>
      <subject>http://h2o.consulting/ns/star-wars#starship-74</subject>
      <predicate>http://h2o.consulting/ns/star-wars#starship_class</predicate>
      <object datatype="http://www.w3.org/2001/XMLSchema#string">starfighter</object>
   </triple>
   <triple>
      <subject>http://h2o.consulting/ns/star-wars#starship-74</subject>
      <predicate>http://h2o.consulting/ns/star-wars#pilot</predicate>
      <object>http://h2o.consulting/ns/star-wars#people-10</object>
   </triple>
   <triple>
      <subject>http://h2o.consulting/ns/star-wars#starship-74</subject>
      <predicate>http://h2o.consulting/ns/star-wars#pilot</predicate>
      <object>http://h2o.consulting/ns/star-wars#people-79</object>
   </triple>
   <triple>
      <subject>http://h2o.consulting/ns/star-wars#starship-74</subject>
      <predicate>http://h2o.consulting/ns/star-wars#film</predicate>
      <object>http://h2o.consulting/ns/star-wars#film-6</object>
   </triple>
   <triple>
      <subject>http://h2o.consulting/ns/star-wars#starship-74</subject>
      <predicate>http://h2o.consulting/ns/star-wars#created</predicate>
      <object datatype="http://www.w3.org/2001/XMLSchema#dateTime">2014-12-20T20:38:05.031000Z</object>
   </triple>
   <triple>
      <subject>http://h2o.consulting/ns/star-wars#starship-74</subject>
      <predicate>http://h2o.consulting/ns/star-wars#edited</predicate>
      <object datatype="http://www.w3.org/2001/XMLSchema#dateTime">2014-12-22T17:35:45.381900Z</object>
   </triple>
   <triple>
      <subject>http://h2o.consulting/ns/star-wars#starship-74</subject>
      <predicate>http://h2o.consulting/ns/star-wars#url</predicate>
      <object datatype="http://www.w3.org/2001/XMLSchema#string">http://swapi.co/api/starships/74/</object>
   </triple>
</triples>
