<triples xmlns="http://marklogic.com/semantics">
   <triple>
      <subject>http://h2o.consulting/ns/star-wars#starship-77</subject>
      <predicate>http://h2o.consulting/ns/star-wars#name</predicate>
      <object datatype="http://www.w3.org/2001/XMLSchema#string">T-70 X-wing fighter</object>
   </triple>
   <triple>
      <subject>http://h2o.consulting/ns/star-wars#starship-77</subject>
      <predicate>http://h2o.consulting/ns/star-wars#model</predicate>
      <object datatype="http://www.w3.org/2001/XMLSchema#string">T-70 X-wing fighter</object>
   </triple>
   <triple>
      <subject>http://h2o.consulting/ns/star-wars#starship-77</subject>
      <predicate>http://h2o.consulting/ns/star-wars#manufacturer</predicate>
      <object datatype="http://www.w3.org/2001/XMLSchema#string">Incom</object>
   </triple>
   <triple>
      <subject>http://h2o.consulting/ns/star-wars#starship-77</subject>
      <predicate>http://h2o.consulting/ns/star-wars#crew</predicate>
      <object datatype="http://www.w3.org/2001/XMLSchema#integer">1</object>
   </triple>
   <triple>
      <subject>http://h2o.consulting/ns/star-wars#starship-77</subject>
      <predicate>http://h2o.consulting/ns/star-wars#starship_class</predicate>
      <object datatype="http://www.w3.org/2001/XMLSchema#string">fighter</object>
   </triple>
   <triple>
      <subject>http://h2o.consulting/ns/star-wars#starship-77</subject>
      <predicate>http://h2o.consulting/ns/star-wars#pilot</predicate>
      <object>http://h2o.consulting/ns/star-wars#people-86</object>
   </triple>
   <triple>
      <subject>http://h2o.consulting/ns/star-wars#starship-77</subject>
      <predicate>http://h2o.consulting/ns/star-wars#film</predicate>
      <object>http://h2o.consulting/ns/star-wars#film-7</object>
   </triple>
   <triple>
      <subject>http://h2o.consulting/ns/star-wars#starship-77</subject>
      <predicate>http://h2o.consulting/ns/star-wars#created</predicate>
      <object datatype="http://www.w3.org/2001/XMLSchema#dateTime">2015-04-17T06:58:50.614475Z</object>
   </triple>
   <triple>
      <subject>http://h2o.consulting/ns/star-wars#starship-77</subject>
      <predicate>http://h2o.consulting/ns/star-wars#edited</predicate>
      <object datatype="http://www.w3.org/2001/XMLSchema#dateTime">2015-04-17T06:58:50.614528Z</object>
   </triple>
   <triple>
      <subject>http://h2o.consulting/ns/star-wars#starship-77</subject>
      <predicate>http://h2o.consulting/ns/star-wars#url</predicate>
      <object datatype="http://www.w3.org/2001/XMLSchema#string">http://swapi.co/api/starships/77/</object>
   </triple>
</triples>
