<planet>
   <name>Kamino</name>
   <rotation_period>27</rotation_period>
   <orbital_period>463</orbital_period>
   <diameter>19720</diameter>
   <climate>temperate</climate>
   <gravity>1 standard</gravity>
   <terrain>ocean</terrain>
   <surface_water>100</surface_water>
   <population>1000000000</population>
   <residents>http://swapi.co/api/people/22/</residents>
   <residents>http://swapi.co/api/people/72/</residents>
   <residents>http://swapi.co/api/people/73/</residents>
   <films>http://swapi.co/api/films/5/</films>
   <created>2014-12-10T12:45:06.577000Z</created>
   <edited>2014-12-20T20:58:18.434000Z</edited>
   <url>http://swapi.co/api/planets/10/</url>
</planet>
