<planet xmlns="http://h2o.consulting/ns/star-wars">
   <name>Dantooine</name>
   <rotation_period>25</rotation_period>
   <orbital_period>378</orbital_period>
   <diameter>9830</diameter>
   <climate>temperate</climate>
   <gravity>1 standard</gravity>
   <terrain>oceans, savannas, mountains, grasslands</terrain>
   <population>1000</population>
   <created>2014-12-10T17:23:29.896000Z</created>
   <edited>2014-12-20T20:58:18.461000Z</edited>
   <url>http://swapi.co/api/planets/25/</url>
</planet>
