<planet xmlns="http://h2o.consulting/ns/star-wars">
   <name>Vulpter</name>
   <rotation_period>22</rotation_period>
   <orbital_period>391</orbital_period>
   <diameter>14900</diameter>
   <climate>temperate, artic</climate>
   <gravity>1</gravity>
   <terrain>urban, barren</terrain>
   <population>421000000</population>
   <residents>http://swapi.co/api/people/48/</residents>
   <created>2014-12-20T09:56:58.874000Z</created>
   <edited>2014-12-20T20:58:18.485000Z</edited>
   <url>http://swapi.co/api/planets/39/</url>
</planet>
