<planet xmlns="http://h2o.consulting/ns/star-wars">
   <name>Hoth</name>
   <rotation_period>23</rotation_period>
   <orbital_period>549</orbital_period>
   <diameter>7200</diameter>
   <climate>frozen</climate>
   <gravity>1.1 standard</gravity>
   <terrain>tundra, ice caves, mountain ranges</terrain>
   <surface_water>100</surface_water>
   <films>http://swapi.co/api/films/2/</films>
   <created>2014-12-10T11:39:13.934000Z</created>
   <edited>2014-12-20T20:58:18.423000Z</edited>
   <url>http://swapi.co/api/planets/4/</url>
   <desc>Hoth is an ice planet in the Star Wars fictional universe. It first appeared in the 1980 film The Empire Strikes Back and has also been a setting in Star Wars books and video games.</desc>
</planet>
