{ "species": {
   "name": "Sullustan",
   "classification": "mammal",
   "designation": "sentient",
   "average_height": "180",
   "skin_colors": "pale",
   "hair_colors": "none",
   "eye_colors": "black",
   "homeworld": "http://swapi.co/api/planets/33/",
   "language": "Sullutese",
   "people": [
      "http://swapi.co/api/people/31/"
   ],
   "films": [
      "http://swapi.co/api/films/3/"
   ],
   "created": "2014-12-18T11:26:20.103000Z",
   "edited": "2014-12-20T21:36:42.157000Z",
   "url": "http://swapi.co/api/species/10/"
}}
