{ "species": {
   "name": "Neimodian",
   "designation": "sentient",
   "average_height": "180",
   "skin_colors": "grey, green",
   "hair_colors": "none",
   "eye_colors": "red, pink",
   "homeworld": "http://swapi.co/api/planets/18/",
   "language": "Neimoidia",
   "people": [
      "http://swapi.co/api/people/33/"
   ],
   "films": [
      "http://swapi.co/api/films/4/"
   ],
   "created": "2014-12-19T17:07:31.319000Z",
   "edited": "2014-12-20T21:36:42.160000Z",
   "url": "http://swapi.co/api/species/11/"
}}
