{ "species": {
   "name": "Twi'lek",
   "classification": "mammals",
   "designation": "sentient",
   "average_height": "200",
   "skin_colors": "orange, yellow, blue, green, pink, purple, tan",
   "hair_colors": "none",
   "eye_colors": "blue, brown, orange, pink",
   "homeworld": "http://swapi.co/api/planets/37/",
   "language": "Twi'leki",
   "people": [
      "http://swapi.co/api/people/45/",
      "http://swapi.co/api/people/46/"
   ],
   "films": [
      "http://swapi.co/api/films/5/",
      "http://swapi.co/api/films/4/",
      "http://swapi.co/api/films/6/",
      "http://swapi.co/api/films/3/"
   ],
   "created": "2014-12-20T09:48:02.406000Z",
   "edited": "2014-12-20T21:36:42.169000Z",
   "url": "http://swapi.co/api/species/15/"
}}
