{ "species": {
   "name": "Aleena",
   "classification": "reptile",
   "designation": "sentient",
   "average_height": "80",
   "skin_colors": "blue, gray",
   "hair_colors": "none",
   "average_lifespan": "79",
   "homeworld": "http://swapi.co/api/planets/38/",
   "language": "Aleena",
   "people": [
      "http://swapi.co/api/people/47/"
   ],
   "films": [
      "http://swapi.co/api/films/4/"
   ],
   "created": "2014-12-20T09:53:16.481000Z",
   "edited": "2014-12-20T21:36:42.171000Z",
   "url": "http://swapi.co/api/species/16/"
}}
