{ "species": {
   "name": "Vulptereen",
   "designation": "sentient",
   "average_height": "100",
   "skin_colors": "grey",
   "hair_colors": "none",
   "eye_colors": "yellow",
   "homeworld": "http://swapi.co/api/planets/39/",
   "language": "vulpterish",
   "people": [
      "http://swapi.co/api/people/48/"
   ],
   "films": [
      "http://swapi.co/api/films/4/"
   ],
   "created": "2014-12-20T09:57:33.128000Z",
   "edited": "2014-12-20T21:36:42.173000Z",
   "url": "http://swapi.co/api/species/17/"
}}
