{ "species": {
   "name": "Toong",
   "designation": "sentient",
   "average_height": "200",
   "skin_colors": "grey, green, yellow",
   "hair_colors": "none",
   "eye_colors": "orange",
   "homeworld": "http://swapi.co/api/planets/41/",
   "language": "Tundan",
   "people": [
      "http://swapi.co/api/people/50/"
   ],
   "films": [
      "http://swapi.co/api/films/4/",
      "http://swapi.co/api/films/6/"
   ],
   "created": "2014-12-20T10:08:36.795000Z",
   "edited": "2014-12-20T21:36:42.177000Z",
   "url": "http://swapi.co/api/species/19/"
}}
