{ "species": {
   "name": "Nautolan",
   "classification": "amphibian",
   "designation": "sentient",
   "average_height": "180",
   "skin_colors": "green, blue, brown, red",
   "hair_colors": "none",
   "eye_colors": "black",
   "average_lifespan": "70",
   "homeworld": "http://swapi.co/api/planets/44/",
   "language": "Nautila",
   "people": [
      "http://swapi.co/api/people/53/"
   ],
   "films": [
      "http://swapi.co/api/films/4/"
   ],
   "created": "2014-12-20T10:18:58.610000Z",
   "edited": "2014-12-20T21:36:42.181000Z",
   "url": "http://swapi.co/api/species/21/"
}}
