{ "species": {
   "name": "Kel Dor",
   "designation": "sentient",
   "average_height": "180",
   "skin_colors": "peach, orange, red",
   "hair_colors": "none",
   "eye_colors": "black, silver",
   "average_lifespan": "70",
   "homeworld": "http://swapi.co/api/planets/49/",
   "language": "Kel Dor",
   "people": [
      "http://swapi.co/api/people/58/"
   ],
   "films": [
      "http://swapi.co/api/films/4/",
      "http://swapi.co/api/films/6/"
   ],
   "created": "2014-12-20T10:49:21.692000Z",
   "edited": "2014-12-20T21:36:42.191000Z",
   "url": "http://swapi.co/api/species/26/"
}}
