{ "species": {
   "name": "Kaminoan",
   "classification": "amphibian",
   "designation": "sentient",
   "average_height": "220",
   "skin_colors": "grey, blue",
   "hair_colors": "none",
   "eye_colors": "black",
   "average_lifespan": "80",
   "homeworld": "http://swapi.co/api/planets/10/",
   "language": "Kaminoan",
   "people": [
      "http://swapi.co/api/people/72/",
      "http://swapi.co/api/people/73/"
   ],
   "films": [
      "http://swapi.co/api/films/5/"
   ],
   "created": "2014-12-20T17:31:24.838000Z",
   "edited": "2014-12-20T21:36:42.202000Z",
   "url": "http://swapi.co/api/species/32/"
}}
