{ "species": {
   "name": "Rodian",
   "classification": "sentient",
   "designation": "reptilian",
   "average_height": "170",
   "skin_colors": "green, blue",
   "eye_colors": "black",
   "homeworld": "http://swapi.co/api/planets/23/",
   "language": "Galactic Basic",
   "people": [
      "http://swapi.co/api/people/15/"
   ],
   "films": [
      "http://swapi.co/api/films/1/"
   ],
   "created": "2014-12-10T17:05:26.471000Z",
   "edited": "2016-07-19T13:27:03.156498Z",
   "url": "http://swapi.co/api/species/4/"
}}
