{ "species": {
   "name": "Mon Calamari",
   "classification": "amphibian",
   "designation": "sentient",
   "average_height": "160",
   "skin_colors": "red, blue, brown, magenta",
   "hair_colors": "none",
   "eye_colors": "yellow",
   "homeworld": "http://swapi.co/api/planets/31/",
   "language": "Mon Calamarian",
   "people": [
      "http://swapi.co/api/people/27/"
   ],
   "films": [
      "http://swapi.co/api/films/3/"
   ],
   "created": "2014-12-18T11:09:52.263000Z",
   "edited": "2014-12-20T21:36:42.153000Z",
   "url": "http://swapi.co/api/species/8/"
}}
