<vehicle>
   <name>Storm IV Twin-Pod cloud car</name>
   <model>Storm IV Twin-Pod</model>
   <manufacturer>Bespin Motors</manufacturer>
   <cost_in_credits>75000</cost_in_credits>
   <length>7</length>
   <max_atmosphering_speed>1500</max_atmosphering_speed>
   <crew>2</crew>
   <passengers>0</passengers>
   <cargo_capacity>10</cargo_capacity>
   <consumables>1 day</consumables>
   <vehicle_class>repulsorcraft</vehicle_class>
   <films>http://swapi.co/api/films/2/</films>
   <created>2014-12-15T12:58:50.530000Z</created>
   <edited>2014-12-22T18:21:15.783232Z</edited>
   <url>http://swapi.co/api/vehicles/20/</url>
</vehicle>
