<vehicle>
   <name>TIE/IN interceptor</name>
   <model>Twin Ion Engine Interceptor</model>
   <manufacturer>Sienar Fleet Systems</manufacturer>
   <length>9.6</length>
   <max_atmosphering_speed>1250</max_atmosphering_speed>
   <crew>1</crew>
   <passengers>0</passengers>
   <cargo_capacity>75</cargo_capacity>
   <consumables>2 days</consumables>
   <vehicle_class>starfighter</vehicle_class>
   <films>http://swapi.co/api/films/3/</films>
   <created>2014-12-18T10:50:28.225000Z</created>
   <edited>2014-12-22T18:21:15.882388Z</edited>
   <url>http://swapi.co/api/vehicles/26/</url>
</vehicle>
