<vehicle>
   <name>Multi-Troop Transport</name>
   <model>Multi-Troop Transport</model>
   <manufacturer>Baktoid Armor Workshop</manufacturer>
   <cost_in_credits>138000</cost_in_credits>
   <length>31</length>
   <max_atmosphering_speed>35</max_atmosphering_speed>
   <crew>4</crew>
   <passengers>112</passengers>
   <cargo_capacity>12000</cargo_capacity>
   <vehicle_class>repulsorcraft</vehicle_class>
   <films>http://swapi.co/api/films/4/</films>
   <created>2014-12-19T17:12:04.400000Z</created>
   <edited>2014-12-22T18:21:15.975171Z</edited>
   <url>http://swapi.co/api/vehicles/34/</url>
</vehicle>
