<triples xmlns="http://marklogic.com/semantics">
   <triple>
      <subject>http://h2o.consulting/ns/star-wars#planet-1</subject>
      <predicate>http://h2o.consulting/ns/star-wars#name</predicate>
      <object datatype="http://www.w3.org/2001/XMLSchema#string">Tatooine</object>
   </triple>
   <triple>
      <subject>http://h2o.consulting/ns/star-wars#planet-1</subject>
      <predicate>http://h2o.consulting/ns/star-wars#rotation_period</predicate>
      <object datatype="http://www.w3.org/2001/XMLSchema#integer">23</object>
   </triple>
   <triple>
      <subject>http://h2o.consulting/ns/star-wars#planet-1</subject>
      <predicate>http://h2o.consulting/ns/star-wars#orbital_period</predicate>
      <object datatype="http://www.w3.org/2001/XMLSchema#integer">304</object>
   </triple>
   <triple>
      <subject>http://h2o.consulting/ns/star-wars#planet-1</subject>
      <predicate>http://h2o.consulting/ns/star-wars#diameter</predicate>
      <object datatype="http://www.w3.org/2001/XMLSchema#integer">10465</object>
   </triple>
   <triple>
      <subject>http://h2o.consulting/ns/star-wars#planet-1</subject>
      <predicate>http://h2o.consulting/ns/star-wars#climate</predicate>
      <object datatype="http://www.w3.org/2001/XMLSchema#string">arid</object>
   </triple>
   <triple>
      <subject>http://h2o.consulting/ns/star-wars#planet-1</subject>
      <predicate>http://h2o.consulting/ns/star-wars#gravity</predicate>
      <object datatype="http://www.w3.org/2001/XMLSchema#string">1 standard</object>
   </triple>
   <triple>
      <subject>http://h2o.consulting/ns/star-wars#planet-1</subject>
      <predicate>http://h2o.consulting/ns/star-wars#terrain</predicate>
      <object datatype="http://www.w3.org/2001/XMLSchema#string">desert</object>
   </triple>
   <triple>
      <subject>http://h2o.consulting/ns/star-wars#planet-1</subject>
      <predicate>http://h2o.consulting/ns/star-wars#surface_water</predicate>
      <object datatype="http://www.w3.org/2001/XMLSchema#string">1</object>
   </triple>
   <triple>
      <subject>http://h2o.consulting/ns/star-wars#planet-1</subject>
      <predicate>http://h2o.consulting/ns/star-wars#population</predicate>
      <object datatype="http://www.w3.org/2001/XMLSchema#string">200000</object>
   </triple>
   <triple>
      <subject>http://h2o.consulting/ns/star-wars#planet-1</subject>
      <predicate>http://h2o.consulting/ns/star-wars#resident</predicate>
      <object>http://h2o.consulting/ns/star-wars#people-1</object>
   </triple>
   <triple>
      <subject>http://h2o.consulting/ns/star-wars#planet-1</subject>
      <predicate>http://h2o.consulting/ns/star-wars#resident</predicate>
      <object>http://h2o.consulting/ns/star-wars#people-2</object>
   </triple>
   <triple>
      <subject>http://h2o.consulting/ns/star-wars#planet-1</subject>
      <predicate>http://h2o.consulting/ns/star-wars#resident</predicate>
      <object>http://h2o.consulting/ns/star-wars#people-4</object>
   </triple>
   <triple>
      <subject>http://h2o.consulting/ns/star-wars#planet-1</subject>
      <predicate>http://h2o.consulting/ns/star-wars#resident</predicate>
      <object>http://h2o.consulting/ns/star-wars#people-6</object>
   </triple>
   <triple>
      <subject>http://h2o.consulting/ns/star-wars#planet-1</subject>
      <predicate>http://h2o.consulting/ns/star-wars#resident</predicate>
      <object>http://h2o.consulting/ns/star-wars#people-7</object>
   </triple>
   <triple>
      <subject>http://h2o.consulting/ns/star-wars#planet-1</subject>
      <predicate>http://h2o.consulting/ns/star-wars#resident</predicate>
      <object>http://h2o.consulting/ns/star-wars#people-8</object>
   </triple>
   <triple>
      <subject>http://h2o.consulting/ns/star-wars#planet-1</subject>
      <predicate>http://h2o.consulting/ns/star-wars#resident</predicate>
      <object>http://h2o.consulting/ns/star-wars#people-9</object>
   </triple>
   <triple>
      <subject>http://h2o.consulting/ns/star-wars#planet-1</subject>
      <predicate>http://h2o.consulting/ns/star-wars#resident</predicate>
      <object>http://h2o.consulting/ns/star-wars#people-11</object>
   </triple>
   <triple>
      <subject>http://h2o.consulting/ns/star-wars#planet-1</subject>
      <predicate>http://h2o.consulting/ns/star-wars#resident</predicate>
      <object>http://h2o.consulting/ns/star-wars#people-43</object>
   </triple>
   <triple>
      <subject>http://h2o.consulting/ns/star-wars#planet-1</subject>
      <predicate>http://h2o.consulting/ns/star-wars#resident</predicate>
      <object>http://h2o.consulting/ns/star-wars#people-62</object>
   </triple>
   <triple>
      <subject>http://h2o.consulting/ns/star-wars#planet-1</subject>
      <predicate>http://h2o.consulting/ns/star-wars#film</predicate>
      <object>http://h2o.consulting/ns/star-wars#film-5</object>
   </triple>
   <triple>
      <subject>http://h2o.consulting/ns/star-wars#planet-1</subject>
      <predicate>http://h2o.consulting/ns/star-wars#film</predicate>
      <object>http://h2o.consulting/ns/star-wars#film-4</object>
   </triple>
   <triple>
      <subject>http://h2o.consulting/ns/star-wars#planet-1</subject>
      <predicate>http://h2o.consulting/ns/star-wars#film</predicate>
      <object>http://h2o.consulting/ns/star-wars#film-6</object>
   </triple>
   <triple>
      <subject>http://h2o.consulting/ns/star-wars#planet-1</subject>
      <predicate>http://h2o.consulting/ns/star-wars#film</predicate>
      <object>http://h2o.consulting/ns/star-wars#film-3</object>
   </triple>
   <triple>
      <subject>http://h2o.consulting/ns/star-wars#planet-1</subject>
      <predicate>http://h2o.consulting/ns/star-wars#film</predicate>
      <object>http://h2o.consulting/ns/star-wars#film-1</object>
   </triple>
   <triple>
      <subject>http://h2o.consulting/ns/star-wars#planet-1</subject>
      <predicate>http://h2o.consulting/ns/star-wars#created</predicate>
      <object datatype="http://www.w3.org/2001/XMLSchema#dateTime">2014-12-09T13:50:49.641000Z</object>
   </triple>
   <triple>
      <subject>http://h2o.consulting/ns/star-wars#planet-1</subject>
      <predicate>http://h2o.consulting/ns/star-wars#edited</predicate>
      <object datatype="http://www.w3.org/2001/XMLSchema#dateTime">2014-12-21T20:48:04.175778Z</object>
   </triple>
   <triple>
      <subject>http://h2o.consulting/ns/star-wars#planet-1</subject>
      <predicate>http://h2o.consulting/ns/star-wars#url</predicate>
      <object datatype="http://www.w3.org/2001/XMLSchema#string">http://swapi.co/api/planets/1/</object>
   </triple>
   <triple>
      <subject>http://h2o.consulting/ns/star-wars#planet-1</subject>
      <predicate>http://h2o.consulting/ns/star-wars#desc</predicate>
      <object datatype="http://www.w3.org/2001/XMLSchema#string">Tatooine /ˌtætuːˈiːn/ is a fictional desert planet that appears in the Star Wars space opera franchise. It is beige-coloured and is depicted as a remote, desolate world orbiting a pair of binary stars, and inhabited by human settlers and a variety of other life forms. The planet was first seen in the original 1977 film Star Wars, and has to date featured in a total five Star Wars theatrical films.</object>
   </triple>
   <triple>
      <subject>http://h2o.consulting/ns/star-wars#planet-1</subject>
      <predicate>http://h2o.consulting/ns/star-wars#desc</predicate>
      <object datatype="http://www.w3.org/2001/XMLSchema#string">It is noted as the homeworld of the protagonist of the Star Wars saga, Luke Skywalker, and also of his father, Anakin Skywalker. Shots of the binary sunset over the Tatooine desert are considered to be an iconic image of the film series.[1][2]</object>
   </triple>
</triples>
