<triples xmlns="http://marklogic.com/semantics">
   <triple>
      <subject>http://h2o.consulting/ns/star-wars#planet-14</subject>
      <predicate>http://h2o.consulting/ns/star-wars#name</predicate>
      <object datatype="http://www.w3.org/2001/XMLSchema#string">Kashyyyk</object>
   </triple>
   <triple>
      <subject>http://h2o.consulting/ns/star-wars#planet-14</subject>
      <predicate>http://h2o.consulting/ns/star-wars#rotation_period</predicate>
      <object datatype="http://www.w3.org/2001/XMLSchema#integer">26</object>
   </triple>
   <triple>
      <subject>http://h2o.consulting/ns/star-wars#planet-14</subject>
      <predicate>http://h2o.consulting/ns/star-wars#orbital_period</predicate>
      <object datatype="http://www.w3.org/2001/XMLSchema#integer">381</object>
   </triple>
   <triple>
      <subject>http://h2o.consulting/ns/star-wars#planet-14</subject>
      <predicate>http://h2o.consulting/ns/star-wars#diameter</predicate>
      <object datatype="http://www.w3.org/2001/XMLSchema#integer">12765</object>
   </triple>
   <triple>
      <subject>http://h2o.consulting/ns/star-wars#planet-14</subject>
      <predicate>http://h2o.consulting/ns/star-wars#climate</predicate>
      <object datatype="http://www.w3.org/2001/XMLSchema#string">tropical</object>
   </triple>
   <triple>
      <subject>http://h2o.consulting/ns/star-wars#planet-14</subject>
      <predicate>http://h2o.consulting/ns/star-wars#gravity</predicate>
      <object datatype="http://www.w3.org/2001/XMLSchema#string">1 standard</object>
   </triple>
   <triple>
      <subject>http://h2o.consulting/ns/star-wars#planet-14</subject>
      <predicate>http://h2o.consulting/ns/star-wars#terrain</predicate>
      <object datatype="http://www.w3.org/2001/XMLSchema#string">jungle, forests, lakes, rivers</object>
   </triple>
   <triple>
      <subject>http://h2o.consulting/ns/star-wars#planet-14</subject>
      <predicate>http://h2o.consulting/ns/star-wars#surface_water</predicate>
      <object datatype="http://www.w3.org/2001/XMLSchema#string">60</object>
   </triple>
   <triple>
      <subject>http://h2o.consulting/ns/star-wars#planet-14</subject>
      <predicate>http://h2o.consulting/ns/star-wars#population</predicate>
      <object datatype="http://www.w3.org/2001/XMLSchema#string">45000000</object>
   </triple>
   <triple>
      <subject>http://h2o.consulting/ns/star-wars#planet-14</subject>
      <predicate>http://h2o.consulting/ns/star-wars#resident</predicate>
      <object>http://h2o.consulting/ns/star-wars#people-13</object>
   </triple>
   <triple>
      <subject>http://h2o.consulting/ns/star-wars#planet-14</subject>
      <predicate>http://h2o.consulting/ns/star-wars#resident</predicate>
      <object>http://h2o.consulting/ns/star-wars#people-80</object>
   </triple>
   <triple>
      <subject>http://h2o.consulting/ns/star-wars#planet-14</subject>
      <predicate>http://h2o.consulting/ns/star-wars#film</predicate>
      <object>http://h2o.consulting/ns/star-wars#film-6</object>
   </triple>
   <triple>
      <subject>http://h2o.consulting/ns/star-wars#planet-14</subject>
      <predicate>http://h2o.consulting/ns/star-wars#created</predicate>
      <object datatype="http://www.w3.org/2001/XMLSchema#dateTime">2014-12-10T13:32:00.124000Z</object>
   </triple>
   <triple>
      <subject>http://h2o.consulting/ns/star-wars#planet-14</subject>
      <predicate>http://h2o.consulting/ns/star-wars#edited</predicate>
      <object datatype="http://www.w3.org/2001/XMLSchema#dateTime">2014-12-20T20:58:18.442000Z</object>
   </triple>
   <triple>
      <subject>http://h2o.consulting/ns/star-wars#planet-14</subject>
      <predicate>http://h2o.consulting/ns/star-wars#url</predicate>
      <object datatype="http://www.w3.org/2001/XMLSchema#string">http://swapi.co/api/planets/14/</object>
   </triple>
   <triple>
      <subject>http://h2o.consulting/ns/star-wars#planet-14</subject>
      <predicate>http://h2o.consulting/ns/star-wars#desc</predicate>
      <object datatype="http://www.w3.org/2001/XMLSchema#string">Kashyyyk (/kəˈʃiːk/ ka-SHEEK, /ˈkæʃɪk/ KASH-ik or /ˌkæˈʃiː.aɪk/ ka-SHEE-ike), also known as Wookiee Planet C, is a fictional planet in the Star Wars universe. It is the tropical, forested home world of the Wookiees. According to interviews given by Star Wars creator George Lucas, the home of the Wookiees was originally intended to be the forest moon of Endor which plays a key role in the plot of the sixth film of the series, Return of the Jedi.[1] However, Lucas decided that since the Wookiee Chewbacca was clearly proficient with advanced technology (i.e. he was pilot and mechanic of the spaceship the Millennium Falcon and he repaired the damaged droid C-3PO), it would be confusing to show the Wookiees with a primitive, "stone age" culture on Endor. The Ewoks were created instead to populate the moon and to help fight the Imperial garrison stationed there.[2] Kashyyyk made appearances in the Star Wars Holiday Special and Star Wars: Episode III – Revenge of the Sith.</object>
   </triple>
</triples>
