<triples xmlns="http://marklogic.com/semantics">
   <triple>
      <subject>http://h2o.consulting/ns/star-wars#planet-17</subject>
      <predicate>http://www.w3.org/1999/02/22-rdf-syntax-ns#type</predicate>
      <object>http://h2o.consulting/ns/star-wars#Planet</object>
   </triple>
   <triple>
      <subject>http://h2o.consulting/ns/star-wars#planet-17</subject>
      <predicate>http://www.w3.org/2000/01/rdf-schema#label</predicate>
      <object datatype="http://www.w3.org/2001/XMLSchema#string">Felucia</object>
   </triple>
   <triple>
      <subject>http://h2o.consulting/ns/star-wars#planet-17</subject>
      <predicate>http://h2o.consulting/ns/star-wars#rotation_period</predicate>
      <object datatype="http://www.w3.org/2001/XMLSchema#integer">34</object>
   </triple>
   <triple>
      <subject>http://h2o.consulting/ns/star-wars#planet-17</subject>
      <predicate>http://h2o.consulting/ns/star-wars#orbital_period</predicate>
      <object datatype="http://www.w3.org/2001/XMLSchema#integer">231</object>
   </triple>
   <triple>
      <subject>http://h2o.consulting/ns/star-wars#planet-17</subject>
      <predicate>http://h2o.consulting/ns/star-wars#diameter</predicate>
      <object datatype="http://www.w3.org/2001/XMLSchema#integer">9100</object>
   </triple>
   <triple>
      <subject>http://h2o.consulting/ns/star-wars#planet-17</subject>
      <predicate>http://h2o.consulting/ns/star-wars#climate</predicate>
      <object datatype="http://www.w3.org/2001/XMLSchema#string">hot, humid</object>
   </triple>
   <triple>
      <subject>http://h2o.consulting/ns/star-wars#planet-17</subject>
      <predicate>http://h2o.consulting/ns/star-wars#gravity</predicate>
      <object datatype="http://www.w3.org/2001/XMLSchema#string">0.75 standard</object>
   </triple>
   <triple>
      <subject>http://h2o.consulting/ns/star-wars#planet-17</subject>
      <predicate>http://h2o.consulting/ns/star-wars#terrain</predicate>
      <object datatype="http://www.w3.org/2001/XMLSchema#string">fungus forests</object>
   </triple>
   <triple>
      <subject>http://h2o.consulting/ns/star-wars#planet-17</subject>
      <predicate>http://h2o.consulting/ns/star-wars#population</predicate>
      <object datatype="http://www.w3.org/2001/XMLSchema#string">8500000</object>
   </triple>
   <triple>
      <subject>http://h2o.consulting/ns/star-wars#planet-17</subject>
      <predicate>http://h2o.consulting/ns/star-wars#film</predicate>
      <object>http://h2o.consulting/ns/star-wars#film-6</object>
   </triple>
   <triple>
      <subject>http://h2o.consulting/ns/star-wars#planet-17</subject>
      <predicate>http://h2o.consulting/ns/star-wars#created</predicate>
      <object datatype="http://www.w3.org/2001/XMLSchema#dateTime">2014-12-10T13:44:50.397000Z</object>
   </triple>
   <triple>
      <subject>http://h2o.consulting/ns/star-wars#planet-17</subject>
      <predicate>http://h2o.consulting/ns/star-wars#edited</predicate>
      <object datatype="http://www.w3.org/2001/XMLSchema#dateTime">2014-12-20T20:58:18.447000Z</object>
   </triple>
   <triple>
      <subject>http://h2o.consulting/ns/star-wars#planet-17</subject>
      <predicate>http://h2o.consulting/ns/star-wars#url</predicate>
      <object datatype="http://www.w3.org/2001/XMLSchema#string">http://swapi.co/api/planets/17/</object>
   </triple>
</triples>
