<triples xmlns="http://marklogic.com/semantics">
   <triple>
      <subject>http://h2o.consulting/ns/star-wars#planet-20</subject>
      <predicate>http://www.w3.org/1999/02/22-rdf-syntax-ns#type</predicate>
      <object>http://h2o.consulting/ns/star-wars#Planet</object>
   </triple>
   <triple>
      <subject>http://h2o.consulting/ns/star-wars#planet-20</subject>
      <predicate>http://www.w3.org/2000/01/rdf-schema#label</predicate>
      <object datatype="http://www.w3.org/2001/XMLSchema#string">Stewjon</object>
   </triple>
   <triple>
      <subject>http://h2o.consulting/ns/star-wars#planet-20</subject>
      <predicate>http://h2o.consulting/ns/star-wars#diameter</predicate>
      <object datatype="http://www.w3.org/2001/XMLSchema#integer">0</object>
   </triple>
   <triple>
      <subject>http://h2o.consulting/ns/star-wars#planet-20</subject>
      <predicate>http://h2o.consulting/ns/star-wars#climate</predicate>
      <object datatype="http://www.w3.org/2001/XMLSchema#string">temperate</object>
   </triple>
   <triple>
      <subject>http://h2o.consulting/ns/star-wars#planet-20</subject>
      <predicate>http://h2o.consulting/ns/star-wars#gravity</predicate>
      <object datatype="http://www.w3.org/2001/XMLSchema#string">1 standard</object>
   </triple>
   <triple>
      <subject>http://h2o.consulting/ns/star-wars#planet-20</subject>
      <predicate>http://h2o.consulting/ns/star-wars#terrain</predicate>
      <object datatype="http://www.w3.org/2001/XMLSchema#string">grass</object>
   </triple>
   <triple>
      <subject>http://h2o.consulting/ns/star-wars#planet-20</subject>
      <predicate>http://h2o.consulting/ns/star-wars#resident</predicate>
      <object>http://h2o.consulting/ns/star-wars#people-10</object>
   </triple>
   <triple>
      <subject>http://h2o.consulting/ns/star-wars#planet-20</subject>
      <predicate>http://h2o.consulting/ns/star-wars#created</predicate>
      <object datatype="http://www.w3.org/2001/XMLSchema#dateTime">2014-12-10T16:16:26.566000Z</object>
   </triple>
   <triple>
      <subject>http://h2o.consulting/ns/star-wars#planet-20</subject>
      <predicate>http://h2o.consulting/ns/star-wars#edited</predicate>
      <object datatype="http://www.w3.org/2001/XMLSchema#dateTime">2014-12-20T20:58:18.452000Z</object>
   </triple>
   <triple>
      <subject>http://h2o.consulting/ns/star-wars#planet-20</subject>
      <predicate>http://h2o.consulting/ns/star-wars#url</predicate>
      <object datatype="http://www.w3.org/2001/XMLSchema#string">http://swapi.co/api/planets/20/</object>
   </triple>
</triples>
