<triples xmlns="http://marklogic.com/semantics">
   <triple>
      <subject>http://h2o.consulting/ns/star-wars#planet-22</subject>
      <predicate>http://h2o.consulting/ns/star-wars#name</predicate>
      <object datatype="http://www.w3.org/2001/XMLSchema#string">Corellia</object>
   </triple>
   <triple>
      <subject>http://h2o.consulting/ns/star-wars#planet-22</subject>
      <predicate>http://h2o.consulting/ns/star-wars#rotation_period</predicate>
      <object datatype="http://www.w3.org/2001/XMLSchema#integer">25</object>
   </triple>
   <triple>
      <subject>http://h2o.consulting/ns/star-wars#planet-22</subject>
      <predicate>http://h2o.consulting/ns/star-wars#orbital_period</predicate>
      <object datatype="http://www.w3.org/2001/XMLSchema#integer">329</object>
   </triple>
   <triple>
      <subject>http://h2o.consulting/ns/star-wars#planet-22</subject>
      <predicate>http://h2o.consulting/ns/star-wars#diameter</predicate>
      <object datatype="http://www.w3.org/2001/XMLSchema#integer">11000</object>
   </triple>
   <triple>
      <subject>http://h2o.consulting/ns/star-wars#planet-22</subject>
      <predicate>http://h2o.consulting/ns/star-wars#climate</predicate>
      <object datatype="http://www.w3.org/2001/XMLSchema#string">temperate</object>
   </triple>
   <triple>
      <subject>http://h2o.consulting/ns/star-wars#planet-22</subject>
      <predicate>http://h2o.consulting/ns/star-wars#gravity</predicate>
      <object datatype="http://www.w3.org/2001/XMLSchema#string">1 standard</object>
   </triple>
   <triple>
      <subject>http://h2o.consulting/ns/star-wars#planet-22</subject>
      <predicate>http://h2o.consulting/ns/star-wars#terrain</predicate>
      <object datatype="http://www.w3.org/2001/XMLSchema#string">plains, urban, hills, forests</object>
   </triple>
   <triple>
      <subject>http://h2o.consulting/ns/star-wars#planet-22</subject>
      <predicate>http://h2o.consulting/ns/star-wars#surface_water</predicate>
      <object datatype="http://www.w3.org/2001/XMLSchema#string">70</object>
   </triple>
   <triple>
      <subject>http://h2o.consulting/ns/star-wars#planet-22</subject>
      <predicate>http://h2o.consulting/ns/star-wars#population</predicate>
      <object datatype="http://www.w3.org/2001/XMLSchema#string">3000000000</object>
   </triple>
   <triple>
      <subject>http://h2o.consulting/ns/star-wars#planet-22</subject>
      <predicate>http://h2o.consulting/ns/star-wars#resident</predicate>
      <object>http://h2o.consulting/ns/star-wars#people-14</object>
   </triple>
   <triple>
      <subject>http://h2o.consulting/ns/star-wars#planet-22</subject>
      <predicate>http://h2o.consulting/ns/star-wars#resident</predicate>
      <object>http://h2o.consulting/ns/star-wars#people-18</object>
   </triple>
   <triple>
      <subject>http://h2o.consulting/ns/star-wars#planet-22</subject>
      <predicate>http://h2o.consulting/ns/star-wars#created</predicate>
      <object datatype="http://www.w3.org/2001/XMLSchema#dateTime">2014-12-10T16:49:12.453000Z</object>
   </triple>
   <triple>
      <subject>http://h2o.consulting/ns/star-wars#planet-22</subject>
      <predicate>http://h2o.consulting/ns/star-wars#edited</predicate>
      <object datatype="http://www.w3.org/2001/XMLSchema#dateTime">2014-12-20T20:58:18.456000Z</object>
   </triple>
   <triple>
      <subject>http://h2o.consulting/ns/star-wars#planet-22</subject>
      <predicate>http://h2o.consulting/ns/star-wars#url</predicate>
      <object datatype="http://www.w3.org/2001/XMLSchema#string">http://swapi.co/api/planets/22/</object>
   </triple>
</triples>
