<triples xmlns="http://marklogic.com/semantics">
   <triple>
      <subject>http://h2o.consulting/ns/star-wars#planet-26</subject>
      <predicate>http://h2o.consulting/ns/star-wars#name</predicate>
      <object datatype="http://www.w3.org/2001/XMLSchema#string">Bestine IV</object>
   </triple>
   <triple>
      <subject>http://h2o.consulting/ns/star-wars#planet-26</subject>
      <predicate>http://h2o.consulting/ns/star-wars#rotation_period</predicate>
      <object datatype="http://www.w3.org/2001/XMLSchema#integer">26</object>
   </triple>
   <triple>
      <subject>http://h2o.consulting/ns/star-wars#planet-26</subject>
      <predicate>http://h2o.consulting/ns/star-wars#orbital_period</predicate>
      <object datatype="http://www.w3.org/2001/XMLSchema#integer">680</object>
   </triple>
   <triple>
      <subject>http://h2o.consulting/ns/star-wars#planet-26</subject>
      <predicate>http://h2o.consulting/ns/star-wars#diameter</predicate>
      <object datatype="http://www.w3.org/2001/XMLSchema#integer">6400</object>
   </triple>
   <triple>
      <subject>http://h2o.consulting/ns/star-wars#planet-26</subject>
      <predicate>http://h2o.consulting/ns/star-wars#climate</predicate>
      <object datatype="http://www.w3.org/2001/XMLSchema#string">temperate</object>
   </triple>
   <triple>
      <subject>http://h2o.consulting/ns/star-wars#planet-26</subject>
      <predicate>http://h2o.consulting/ns/star-wars#terrain</predicate>
      <object datatype="http://www.w3.org/2001/XMLSchema#string">rocky islands, oceans</object>
   </triple>
   <triple>
      <subject>http://h2o.consulting/ns/star-wars#planet-26</subject>
      <predicate>http://h2o.consulting/ns/star-wars#surface_water</predicate>
      <object datatype="http://www.w3.org/2001/XMLSchema#string">98</object>
   </triple>
   <triple>
      <subject>http://h2o.consulting/ns/star-wars#planet-26</subject>
      <predicate>http://h2o.consulting/ns/star-wars#population</predicate>
      <object datatype="http://www.w3.org/2001/XMLSchema#string">62000000</object>
   </triple>
   <triple>
      <subject>http://h2o.consulting/ns/star-wars#planet-26</subject>
      <predicate>http://h2o.consulting/ns/star-wars#resident</predicate>
      <object>http://h2o.consulting/ns/star-wars#people-19</object>
   </triple>
   <triple>
      <subject>http://h2o.consulting/ns/star-wars#planet-26</subject>
      <predicate>http://h2o.consulting/ns/star-wars#created</predicate>
      <object datatype="http://www.w3.org/2001/XMLSchema#dateTime">2014-12-12T11:16:55.078000Z</object>
   </triple>
   <triple>
      <subject>http://h2o.consulting/ns/star-wars#planet-26</subject>
      <predicate>http://h2o.consulting/ns/star-wars#edited</predicate>
      <object datatype="http://www.w3.org/2001/XMLSchema#dateTime">2014-12-20T20:58:18.463000Z</object>
   </triple>
   <triple>
      <subject>http://h2o.consulting/ns/star-wars#planet-26</subject>
      <predicate>http://h2o.consulting/ns/star-wars#url</predicate>
      <object datatype="http://www.w3.org/2001/XMLSchema#string">http://swapi.co/api/planets/26/</object>
   </triple>
</triples>
