<triples xmlns="http://marklogic.com/semantics">
   <triple>
      <subject>http://h2o.consulting/ns/star-wars#planet-28</subject>
      <predicate>http://www.w3.org/1999/02/22-rdf-syntax-ns#type</predicate>
      <object>http://h2o.consulting/ns/star-wars#Planet</object>
   </triple>
   <triple>
      <subject>http://h2o.consulting/ns/star-wars#planet-28</subject>
      <predicate>http://h2o.consulting/ns/star-wars#rotation_period</predicate>
      <object datatype="http://www.w3.org/2001/XMLSchema#integer">0</object>
   </triple>
   <triple>
      <subject>http://h2o.consulting/ns/star-wars#planet-28</subject>
      <predicate>http://h2o.consulting/ns/star-wars#orbital_period</predicate>
      <object datatype="http://www.w3.org/2001/XMLSchema#integer">0</object>
   </triple>
   <triple>
      <subject>http://h2o.consulting/ns/star-wars#planet-28</subject>
      <predicate>http://h2o.consulting/ns/star-wars#diameter</predicate>
      <object datatype="http://www.w3.org/2001/XMLSchema#integer">0</object>
   </triple>
   <triple>
      <subject>http://h2o.consulting/ns/star-wars#planet-28</subject>
      <predicate>http://h2o.consulting/ns/star-wars#resident</predicate>
      <object>http://h2o.consulting/ns/star-wars#people-20</object>
   </triple>
   <triple>
      <subject>http://h2o.consulting/ns/star-wars#planet-28</subject>
      <predicate>http://h2o.consulting/ns/star-wars#resident</predicate>
      <object>http://h2o.consulting/ns/star-wars#people-23</object>
   </triple>
   <triple>
      <subject>http://h2o.consulting/ns/star-wars#planet-28</subject>
      <predicate>http://h2o.consulting/ns/star-wars#resident</predicate>
      <object>http://h2o.consulting/ns/star-wars#people-29</object>
   </triple>
   <triple>
      <subject>http://h2o.consulting/ns/star-wars#planet-28</subject>
      <predicate>http://h2o.consulting/ns/star-wars#resident</predicate>
      <object>http://h2o.consulting/ns/star-wars#people-32</object>
   </triple>
   <triple>
      <subject>http://h2o.consulting/ns/star-wars#planet-28</subject>
      <predicate>http://h2o.consulting/ns/star-wars#resident</predicate>
      <object>http://h2o.consulting/ns/star-wars#people-75</object>
   </triple>
   <triple>
      <subject>http://h2o.consulting/ns/star-wars#planet-28</subject>
      <predicate>http://h2o.consulting/ns/star-wars#resident</predicate>
      <object>http://h2o.consulting/ns/star-wars#people-84</object>
   </triple>
   <triple>
      <subject>http://h2o.consulting/ns/star-wars#planet-28</subject>
      <predicate>http://h2o.consulting/ns/star-wars#resident</predicate>
      <object>http://h2o.consulting/ns/star-wars#people-85</object>
   </triple>
   <triple>
      <subject>http://h2o.consulting/ns/star-wars#planet-28</subject>
      <predicate>http://h2o.consulting/ns/star-wars#resident</predicate>
      <object>http://h2o.consulting/ns/star-wars#people-86</object>
   </triple>
   <triple>
      <subject>http://h2o.consulting/ns/star-wars#planet-28</subject>
      <predicate>http://h2o.consulting/ns/star-wars#resident</predicate>
      <object>http://h2o.consulting/ns/star-wars#people-87</object>
   </triple>
   <triple>
      <subject>http://h2o.consulting/ns/star-wars#planet-28</subject>
      <predicate>http://h2o.consulting/ns/star-wars#resident</predicate>
      <object>http://h2o.consulting/ns/star-wars#people-88</object>
   </triple>
   <triple>
      <subject>http://h2o.consulting/ns/star-wars#planet-28</subject>
      <predicate>http://h2o.consulting/ns/star-wars#created</predicate>
      <object datatype="http://www.w3.org/2001/XMLSchema#dateTime">2014-12-15T12:25:59.569000Z</object>
   </triple>
   <triple>
      <subject>http://h2o.consulting/ns/star-wars#planet-28</subject>
      <predicate>http://h2o.consulting/ns/star-wars#edited</predicate>
      <object datatype="http://www.w3.org/2001/XMLSchema#dateTime">2014-12-20T20:58:18.466000Z</object>
   </triple>
   <triple>
      <subject>http://h2o.consulting/ns/star-wars#planet-28</subject>
      <predicate>http://h2o.consulting/ns/star-wars#url</predicate>
      <object datatype="http://www.w3.org/2001/XMLSchema#string">http://swapi.co/api/planets/28/</object>
   </triple>
</triples>
