<triples xmlns="http://marklogic.com/semantics">
   <triple>
      <subject>http://h2o.consulting/ns/star-wars#planet-33</subject>
      <predicate>http://www.w3.org/1999/02/22-rdf-syntax-ns#type</predicate>
      <object>http://h2o.consulting/ns/star-wars#Planet</object>
   </triple>
   <triple>
      <subject>http://h2o.consulting/ns/star-wars#planet-33</subject>
      <predicate>http://www.w3.org/2000/01/rdf-schema#label</predicate>
      <object datatype="http://www.w3.org/2001/XMLSchema#string">Sullust</object>
   </triple>
   <triple>
      <subject>http://h2o.consulting/ns/star-wars#planet-33</subject>
      <predicate>http://h2o.consulting/ns/star-wars#rotation_period</predicate>
      <object datatype="http://www.w3.org/2001/XMLSchema#integer">20</object>
   </triple>
   <triple>
      <subject>http://h2o.consulting/ns/star-wars#planet-33</subject>
      <predicate>http://h2o.consulting/ns/star-wars#orbital_period</predicate>
      <object datatype="http://www.w3.org/2001/XMLSchema#integer">263</object>
   </triple>
   <triple>
      <subject>http://h2o.consulting/ns/star-wars#planet-33</subject>
      <predicate>http://h2o.consulting/ns/star-wars#diameter</predicate>
      <object datatype="http://www.w3.org/2001/XMLSchema#integer">12780</object>
   </triple>
   <triple>
      <subject>http://h2o.consulting/ns/star-wars#planet-33</subject>
      <predicate>http://h2o.consulting/ns/star-wars#climate</predicate>
      <object datatype="http://www.w3.org/2001/XMLSchema#string">superheated</object>
   </triple>
   <triple>
      <subject>http://h2o.consulting/ns/star-wars#planet-33</subject>
      <predicate>http://h2o.consulting/ns/star-wars#gravity</predicate>
      <object datatype="http://www.w3.org/2001/XMLSchema#string">1</object>
   </triple>
   <triple>
      <subject>http://h2o.consulting/ns/star-wars#planet-33</subject>
      <predicate>http://h2o.consulting/ns/star-wars#terrain</predicate>
      <object datatype="http://www.w3.org/2001/XMLSchema#string">mountains, volcanoes, rocky deserts</object>
   </triple>
   <triple>
      <subject>http://h2o.consulting/ns/star-wars#planet-33</subject>
      <predicate>http://h2o.consulting/ns/star-wars#surface_water</predicate>
      <object datatype="http://www.w3.org/2001/XMLSchema#string">5</object>
   </triple>
   <triple>
      <subject>http://h2o.consulting/ns/star-wars#planet-33</subject>
      <predicate>http://h2o.consulting/ns/star-wars#population</predicate>
      <object datatype="http://www.w3.org/2001/XMLSchema#string">18500000000</object>
   </triple>
   <triple>
      <subject>http://h2o.consulting/ns/star-wars#planet-33</subject>
      <predicate>http://h2o.consulting/ns/star-wars#resident</predicate>
      <object>http://h2o.consulting/ns/star-wars#people-31</object>
   </triple>
   <triple>
      <subject>http://h2o.consulting/ns/star-wars#planet-33</subject>
      <predicate>http://h2o.consulting/ns/star-wars#created</predicate>
      <object datatype="http://www.w3.org/2001/XMLSchema#dateTime">2014-12-18T11:25:40.243000Z</object>
   </triple>
   <triple>
      <subject>http://h2o.consulting/ns/star-wars#planet-33</subject>
      <predicate>http://h2o.consulting/ns/star-wars#edited</predicate>
      <object datatype="http://www.w3.org/2001/XMLSchema#dateTime">2014-12-20T20:58:18.474000Z</object>
   </triple>
   <triple>
      <subject>http://h2o.consulting/ns/star-wars#planet-33</subject>
      <predicate>http://h2o.consulting/ns/star-wars#url</predicate>
      <object datatype="http://www.w3.org/2001/XMLSchema#string">http://swapi.co/api/planets/33/</object>
   </triple>
</triples>
