<triples xmlns="http://marklogic.com/semantics">
   <triple>
      <subject>http://h2o.consulting/ns/star-wars#planet-37</subject>
      <predicate>http://h2o.consulting/ns/star-wars#name</predicate>
      <object datatype="http://www.w3.org/2001/XMLSchema#string">Ryloth</object>
   </triple>
   <triple>
      <subject>http://h2o.consulting/ns/star-wars#planet-37</subject>
      <predicate>http://h2o.consulting/ns/star-wars#rotation_period</predicate>
      <object datatype="http://www.w3.org/2001/XMLSchema#integer">30</object>
   </triple>
   <triple>
      <subject>http://h2o.consulting/ns/star-wars#planet-37</subject>
      <predicate>http://h2o.consulting/ns/star-wars#orbital_period</predicate>
      <object datatype="http://www.w3.org/2001/XMLSchema#integer">305</object>
   </triple>
   <triple>
      <subject>http://h2o.consulting/ns/star-wars#planet-37</subject>
      <predicate>http://h2o.consulting/ns/star-wars#diameter</predicate>
      <object datatype="http://www.w3.org/2001/XMLSchema#integer">10600</object>
   </triple>
   <triple>
      <subject>http://h2o.consulting/ns/star-wars#planet-37</subject>
      <predicate>http://h2o.consulting/ns/star-wars#climate</predicate>
      <object datatype="http://www.w3.org/2001/XMLSchema#string">temperate, arid, subartic</object>
   </triple>
   <triple>
      <subject>http://h2o.consulting/ns/star-wars#planet-37</subject>
      <predicate>http://h2o.consulting/ns/star-wars#gravity</predicate>
      <object datatype="http://www.w3.org/2001/XMLSchema#string">1</object>
   </triple>
   <triple>
      <subject>http://h2o.consulting/ns/star-wars#planet-37</subject>
      <predicate>http://h2o.consulting/ns/star-wars#terrain</predicate>
      <object datatype="http://www.w3.org/2001/XMLSchema#string">mountains, valleys, deserts, tundra</object>
   </triple>
   <triple>
      <subject>http://h2o.consulting/ns/star-wars#planet-37</subject>
      <predicate>http://h2o.consulting/ns/star-wars#surface_water</predicate>
      <object datatype="http://www.w3.org/2001/XMLSchema#string">5</object>
   </triple>
   <triple>
      <subject>http://h2o.consulting/ns/star-wars#planet-37</subject>
      <predicate>http://h2o.consulting/ns/star-wars#population</predicate>
      <object datatype="http://www.w3.org/2001/XMLSchema#string">1500000000</object>
   </triple>
   <triple>
      <subject>http://h2o.consulting/ns/star-wars#planet-37</subject>
      <predicate>http://h2o.consulting/ns/star-wars#resident</predicate>
      <object>http://h2o.consulting/ns/star-wars#people-45</object>
   </triple>
   <triple>
      <subject>http://h2o.consulting/ns/star-wars#planet-37</subject>
      <predicate>http://h2o.consulting/ns/star-wars#resident</predicate>
      <object>http://h2o.consulting/ns/star-wars#people-46</object>
   </triple>
   <triple>
      <subject>http://h2o.consulting/ns/star-wars#planet-37</subject>
      <predicate>http://h2o.consulting/ns/star-wars#created</predicate>
      <object datatype="http://www.w3.org/2001/XMLSchema#dateTime">2014-12-20T09:46:25.740000Z</object>
   </triple>
   <triple>
      <subject>http://h2o.consulting/ns/star-wars#planet-37</subject>
      <predicate>http://h2o.consulting/ns/star-wars#edited</predicate>
      <object datatype="http://www.w3.org/2001/XMLSchema#dateTime">2014-12-20T20:58:18.481000Z</object>
   </triple>
   <triple>
      <subject>http://h2o.consulting/ns/star-wars#planet-37</subject>
      <predicate>http://h2o.consulting/ns/star-wars#url</predicate>
      <object datatype="http://www.w3.org/2001/XMLSchema#string">http://swapi.co/api/planets/37/</object>
   </triple>
</triples>
