<triples xmlns="http://marklogic.com/semantics">
   <triple>
      <subject>http://h2o.consulting/ns/star-wars#planet-38</subject>
      <predicate>http://h2o.consulting/ns/star-wars#name</predicate>
      <object datatype="http://www.w3.org/2001/XMLSchema#string">Aleen Minor</object>
   </triple>
   <triple>
      <subject>http://h2o.consulting/ns/star-wars#planet-38</subject>
      <predicate>http://h2o.consulting/ns/star-wars#resident</predicate>
      <object>http://h2o.consulting/ns/star-wars#people-47</object>
   </triple>
   <triple>
      <subject>http://h2o.consulting/ns/star-wars#planet-38</subject>
      <predicate>http://h2o.consulting/ns/star-wars#created</predicate>
      <object datatype="http://www.w3.org/2001/XMLSchema#dateTime">2014-12-20T09:52:23.452000Z</object>
   </triple>
   <triple>
      <subject>http://h2o.consulting/ns/star-wars#planet-38</subject>
      <predicate>http://h2o.consulting/ns/star-wars#edited</predicate>
      <object datatype="http://www.w3.org/2001/XMLSchema#dateTime">2014-12-20T20:58:18.483000Z</object>
   </triple>
   <triple>
      <subject>http://h2o.consulting/ns/star-wars#planet-38</subject>
      <predicate>http://h2o.consulting/ns/star-wars#url</predicate>
      <object datatype="http://www.w3.org/2001/XMLSchema#string">http://swapi.co/api/planets/38/</object>
   </triple>
</triples>
