<triples xmlns="http://marklogic.com/semantics">
   <triple>
      <subject>http://h2o.consulting/ns/star-wars#planet-39</subject>
      <predicate>http://h2o.consulting/ns/star-wars#name</predicate>
      <object datatype="http://www.w3.org/2001/XMLSchema#string">Vulpter</object>
   </triple>
   <triple>
      <subject>http://h2o.consulting/ns/star-wars#planet-39</subject>
      <predicate>http://h2o.consulting/ns/star-wars#rotation_period</predicate>
      <object datatype="http://www.w3.org/2001/XMLSchema#integer">22</object>
   </triple>
   <triple>
      <subject>http://h2o.consulting/ns/star-wars#planet-39</subject>
      <predicate>http://h2o.consulting/ns/star-wars#orbital_period</predicate>
      <object datatype="http://www.w3.org/2001/XMLSchema#integer">391</object>
   </triple>
   <triple>
      <subject>http://h2o.consulting/ns/star-wars#planet-39</subject>
      <predicate>http://h2o.consulting/ns/star-wars#diameter</predicate>
      <object datatype="http://www.w3.org/2001/XMLSchema#integer">14900</object>
   </triple>
   <triple>
      <subject>http://h2o.consulting/ns/star-wars#planet-39</subject>
      <predicate>http://h2o.consulting/ns/star-wars#climate</predicate>
      <object datatype="http://www.w3.org/2001/XMLSchema#string">temperate, artic</object>
   </triple>
   <triple>
      <subject>http://h2o.consulting/ns/star-wars#planet-39</subject>
      <predicate>http://h2o.consulting/ns/star-wars#gravity</predicate>
      <object datatype="http://www.w3.org/2001/XMLSchema#string">1</object>
   </triple>
   <triple>
      <subject>http://h2o.consulting/ns/star-wars#planet-39</subject>
      <predicate>http://h2o.consulting/ns/star-wars#terrain</predicate>
      <object datatype="http://www.w3.org/2001/XMLSchema#string">urban, barren</object>
   </triple>
   <triple>
      <subject>http://h2o.consulting/ns/star-wars#planet-39</subject>
      <predicate>http://h2o.consulting/ns/star-wars#population</predicate>
      <object datatype="http://www.w3.org/2001/XMLSchema#string">421000000</object>
   </triple>
   <triple>
      <subject>http://h2o.consulting/ns/star-wars#planet-39</subject>
      <predicate>http://h2o.consulting/ns/star-wars#resident</predicate>
      <object>http://h2o.consulting/ns/star-wars#people-48</object>
   </triple>
   <triple>
      <subject>http://h2o.consulting/ns/star-wars#planet-39</subject>
      <predicate>http://h2o.consulting/ns/star-wars#created</predicate>
      <object datatype="http://www.w3.org/2001/XMLSchema#dateTime">2014-12-20T09:56:58.874000Z</object>
   </triple>
   <triple>
      <subject>http://h2o.consulting/ns/star-wars#planet-39</subject>
      <predicate>http://h2o.consulting/ns/star-wars#edited</predicate>
      <object datatype="http://www.w3.org/2001/XMLSchema#dateTime">2014-12-20T20:58:18.485000Z</object>
   </triple>
   <triple>
      <subject>http://h2o.consulting/ns/star-wars#planet-39</subject>
      <predicate>http://h2o.consulting/ns/star-wars#url</predicate>
      <object datatype="http://www.w3.org/2001/XMLSchema#string">http://swapi.co/api/planets/39/</object>
   </triple>
</triples>
