<triples xmlns="http://marklogic.com/semantics">
   <triple>
      <subject>http://h2o.consulting/ns/star-wars#planet-42</subject>
      <predicate>http://h2o.consulting/ns/star-wars#name</predicate>
      <object datatype="http://www.w3.org/2001/XMLSchema#string">Haruun Kal</object>
   </triple>
   <triple>
      <subject>http://h2o.consulting/ns/star-wars#planet-42</subject>
      <predicate>http://h2o.consulting/ns/star-wars#rotation_period</predicate>
      <object datatype="http://www.w3.org/2001/XMLSchema#integer">25</object>
   </triple>
   <triple>
      <subject>http://h2o.consulting/ns/star-wars#planet-42</subject>
      <predicate>http://h2o.consulting/ns/star-wars#orbital_period</predicate>
      <object datatype="http://www.w3.org/2001/XMLSchema#integer">383</object>
   </triple>
   <triple>
      <subject>http://h2o.consulting/ns/star-wars#planet-42</subject>
      <predicate>http://h2o.consulting/ns/star-wars#diameter</predicate>
      <object datatype="http://www.w3.org/2001/XMLSchema#integer">10120</object>
   </triple>
   <triple>
      <subject>http://h2o.consulting/ns/star-wars#planet-42</subject>
      <predicate>http://h2o.consulting/ns/star-wars#climate</predicate>
      <object datatype="http://www.w3.org/2001/XMLSchema#string">temperate</object>
   </triple>
   <triple>
      <subject>http://h2o.consulting/ns/star-wars#planet-42</subject>
      <predicate>http://h2o.consulting/ns/star-wars#gravity</predicate>
      <object datatype="http://www.w3.org/2001/XMLSchema#string">0.98</object>
   </triple>
   <triple>
      <subject>http://h2o.consulting/ns/star-wars#planet-42</subject>
      <predicate>http://h2o.consulting/ns/star-wars#terrain</predicate>
      <object datatype="http://www.w3.org/2001/XMLSchema#string">toxic cloudsea, plateaus, volcanoes</object>
   </triple>
   <triple>
      <subject>http://h2o.consulting/ns/star-wars#planet-42</subject>
      <predicate>http://h2o.consulting/ns/star-wars#population</predicate>
      <object datatype="http://www.w3.org/2001/XMLSchema#string">705300</object>
   </triple>
   <triple>
      <subject>http://h2o.consulting/ns/star-wars#planet-42</subject>
      <predicate>http://h2o.consulting/ns/star-wars#resident</predicate>
      <object>http://h2o.consulting/ns/star-wars#people-51</object>
   </triple>
   <triple>
      <subject>http://h2o.consulting/ns/star-wars#planet-42</subject>
      <predicate>http://h2o.consulting/ns/star-wars#created</predicate>
      <object datatype="http://www.w3.org/2001/XMLSchema#dateTime">2014-12-20T10:12:28.980000Z</object>
   </triple>
   <triple>
      <subject>http://h2o.consulting/ns/star-wars#planet-42</subject>
      <predicate>http://h2o.consulting/ns/star-wars#edited</predicate>
      <object datatype="http://www.w3.org/2001/XMLSchema#dateTime">2014-12-20T20:58:18.491000Z</object>
   </triple>
   <triple>
      <subject>http://h2o.consulting/ns/star-wars#planet-42</subject>
      <predicate>http://h2o.consulting/ns/star-wars#url</predicate>
      <object datatype="http://www.w3.org/2001/XMLSchema#string">http://swapi.co/api/planets/42/</object>
   </triple>
</triples>
