<triples xmlns="http://marklogic.com/semantics">
   <triple>
      <subject>http://h2o.consulting/ns/star-wars#planet-5</subject>
      <predicate>http://h2o.consulting/ns/star-wars#name</predicate>
      <object datatype="http://www.w3.org/2001/XMLSchema#string">Dagobah</object>
   </triple>
   <triple>
      <subject>http://h2o.consulting/ns/star-wars#planet-5</subject>
      <predicate>http://h2o.consulting/ns/star-wars#rotation_period</predicate>
      <object datatype="http://www.w3.org/2001/XMLSchema#integer">23</object>
   </triple>
   <triple>
      <subject>http://h2o.consulting/ns/star-wars#planet-5</subject>
      <predicate>http://h2o.consulting/ns/star-wars#orbital_period</predicate>
      <object datatype="http://www.w3.org/2001/XMLSchema#integer">341</object>
   </triple>
   <triple>
      <subject>http://h2o.consulting/ns/star-wars#planet-5</subject>
      <predicate>http://h2o.consulting/ns/star-wars#diameter</predicate>
      <object datatype="http://www.w3.org/2001/XMLSchema#integer">8900</object>
   </triple>
   <triple>
      <subject>http://h2o.consulting/ns/star-wars#planet-5</subject>
      <predicate>http://h2o.consulting/ns/star-wars#climate</predicate>
      <object datatype="http://www.w3.org/2001/XMLSchema#string">murky</object>
   </triple>
   <triple>
      <subject>http://h2o.consulting/ns/star-wars#planet-5</subject>
      <predicate>http://h2o.consulting/ns/star-wars#gravity</predicate>
      <object datatype="http://www.w3.org/2001/XMLSchema#string">N/A</object>
   </triple>
   <triple>
      <subject>http://h2o.consulting/ns/star-wars#planet-5</subject>
      <predicate>http://h2o.consulting/ns/star-wars#terrain</predicate>
      <object datatype="http://www.w3.org/2001/XMLSchema#string">swamp, jungles</object>
   </triple>
   <triple>
      <subject>http://h2o.consulting/ns/star-wars#planet-5</subject>
      <predicate>http://h2o.consulting/ns/star-wars#surface_water</predicate>
      <object datatype="http://www.w3.org/2001/XMLSchema#string">8</object>
   </triple>
   <triple>
      <subject>http://h2o.consulting/ns/star-wars#planet-5</subject>
      <predicate>http://h2o.consulting/ns/star-wars#film</predicate>
      <object>http://h2o.consulting/ns/star-wars#film-6</object>
   </triple>
   <triple>
      <subject>http://h2o.consulting/ns/star-wars#planet-5</subject>
      <predicate>http://h2o.consulting/ns/star-wars#film</predicate>
      <object>http://h2o.consulting/ns/star-wars#film-3</object>
   </triple>
   <triple>
      <subject>http://h2o.consulting/ns/star-wars#planet-5</subject>
      <predicate>http://h2o.consulting/ns/star-wars#film</predicate>
      <object>http://h2o.consulting/ns/star-wars#film-2</object>
   </triple>
   <triple>
      <subject>http://h2o.consulting/ns/star-wars#planet-5</subject>
      <predicate>http://h2o.consulting/ns/star-wars#created</predicate>
      <object datatype="http://www.w3.org/2001/XMLSchema#dateTime">2014-12-10T11:42:22.590000Z</object>
   </triple>
   <triple>
      <subject>http://h2o.consulting/ns/star-wars#planet-5</subject>
      <predicate>http://h2o.consulting/ns/star-wars#edited</predicate>
      <object datatype="http://www.w3.org/2001/XMLSchema#dateTime">2014-12-20T20:58:18.425000Z</object>
   </triple>
   <triple>
      <subject>http://h2o.consulting/ns/star-wars#planet-5</subject>
      <predicate>http://h2o.consulting/ns/star-wars#url</predicate>
      <object datatype="http://www.w3.org/2001/XMLSchema#string">http://swapi.co/api/planets/5/</object>
   </triple>
   <triple>
      <subject>http://h2o.consulting/ns/star-wars#planet-5</subject>
      <predicate>http://h2o.consulting/ns/star-wars#desc</predicate>
      <object datatype="http://www.w3.org/2001/XMLSchema#string">Dagobah is a star system in the Star Wars films The Empire Strikes Back and Return of the Jedi. It also appears in a deleted scene from Revenge of the Sith. Yoda went into exile on Dagobah after a lightsaber battle with Darth Sidious.</object>
   </triple>
   <triple>
      <subject>http://h2o.consulting/ns/star-wars#planet-5</subject>
      <predicate>http://h2o.consulting/ns/star-wars#desc</predicate>
      <object datatype="http://www.w3.org/2001/XMLSchema#string">The planet shown in Dagobah, in the Sluis sector, is a world of murky swamps, steaming bayous, and petrified forests, resembling Earth during the Carboniferous Period.</object>
   </triple>
</triples>
