<triples xmlns="http://marklogic.com/semantics">
   <triple>
      <subject>http://h2o.consulting/ns/star-wars#planet-55</subject>
      <predicate>http://h2o.consulting/ns/star-wars#name</predicate>
      <object datatype="http://www.w3.org/2001/XMLSchema#string">Ojom</object>
   </triple>
   <triple>
      <subject>http://h2o.consulting/ns/star-wars#planet-55</subject>
      <predicate>http://h2o.consulting/ns/star-wars#climate</predicate>
      <object datatype="http://www.w3.org/2001/XMLSchema#string">frigid</object>
   </triple>
   <triple>
      <subject>http://h2o.consulting/ns/star-wars#planet-55</subject>
      <predicate>http://h2o.consulting/ns/star-wars#terrain</predicate>
      <object datatype="http://www.w3.org/2001/XMLSchema#string">oceans, glaciers</object>
   </triple>
   <triple>
      <subject>http://h2o.consulting/ns/star-wars#planet-55</subject>
      <predicate>http://h2o.consulting/ns/star-wars#surface_water</predicate>
      <object datatype="http://www.w3.org/2001/XMLSchema#string">100</object>
   </triple>
   <triple>
      <subject>http://h2o.consulting/ns/star-wars#planet-55</subject>
      <predicate>http://h2o.consulting/ns/star-wars#population</predicate>
      <object datatype="http://www.w3.org/2001/XMLSchema#string">500000000</object>
   </triple>
   <triple>
      <subject>http://h2o.consulting/ns/star-wars#planet-55</subject>
      <predicate>http://h2o.consulting/ns/star-wars#resident</predicate>
      <object>http://h2o.consulting/ns/star-wars#people-71</object>
   </triple>
   <triple>
      <subject>http://h2o.consulting/ns/star-wars#planet-55</subject>
      <predicate>http://h2o.consulting/ns/star-wars#created</predicate>
      <object datatype="http://www.w3.org/2001/XMLSchema#dateTime">2014-12-20T17:27:41.286000Z</object>
   </triple>
   <triple>
      <subject>http://h2o.consulting/ns/star-wars#planet-55</subject>
      <predicate>http://h2o.consulting/ns/star-wars#edited</predicate>
      <object datatype="http://www.w3.org/2001/XMLSchema#dateTime">2014-12-20T20:58:18.516000Z</object>
   </triple>
   <triple>
      <subject>http://h2o.consulting/ns/star-wars#planet-55</subject>
      <predicate>http://h2o.consulting/ns/star-wars#url</predicate>
      <object datatype="http://www.w3.org/2001/XMLSchema#string">http://swapi.co/api/planets/55/</object>
   </triple>
</triples>
