{ "people": {
   "name": "Chewbacca",
   "height": "228",
   "mass": "112",
   "hair_color": "brown",
   "eye_color": "blue",
   "birth_year": "200BBY",
   "gender": "male",
   "homeworld": "http://swapi.co/api/planets/14/",
   "films": [
      "http://swapi.co/api/films/6/",
      "http://swapi.co/api/films/3/",
      "http://swapi.co/api/films/2/",
      "http://swapi.co/api/films/1/",
      "http://swapi.co/api/films/7/"
   ],
   "species": [
      "http://swapi.co/api/species/3/"
   ],
   "vehicles": [
      "http://swapi.co/api/vehicles/19/"
   ],
   "starships": [
      "http://swapi.co/api/starships/10/",
      "http://swapi.co/api/starships/22/"
   ],
   "created": "2014-12-10T16:42:45.066000Z",
   "edited": "2014-12-20T21:17:50.332000Z",
   "url": "http://swapi.co/api/people/13/",
   "desc": [
      "Chewbacca (/tʃuːˈbɑːkə/), nicknamed \"Chewie\", is a fictional character in the Star Wars franchise. He is a Wookiee, a tall, hirsute biped and intelligent species from the planet Kashyyyk. Chewbacca is the loyal friend and first mate of Han Solo, and serves as co-pilot on Solo's spaceship, the Millennium Falcon.[1] Within the films of the main saga, Chewbacca is portrayed by Peter Mayhew in the Star Wars on Episodes from III to VIII (Mayhew shares the role with his body double Joonas Suotamo on Episode VII and VIII). Suotamo took over the role alone in Solo: A Star Wars Story. The character has also appeared on television, books, comics, and video games."
   ]
}}
