{ "people": {
   "name": "Wedge Antilles",
   "height": "170",
   "mass": "77",
   "hair_color": "brown",
   "skin_color": "fair",
   "eye_color": "hazel",
   "birth_year": "21BBY",
   "gender": "male",
   "homeworld": "http://swapi.co/api/planets/22/",
   "films": [
      "http://swapi.co/api/films/3/",
      "http://swapi.co/api/films/2/",
      "http://swapi.co/api/films/1/"
   ],
   "species": [
      "http://swapi.co/api/species/1/"
   ],
   "vehicles": [
      "http://swapi.co/api/vehicles/14/"
   ],
   "starships": [
      "http://swapi.co/api/starships/12/"
   ],
   "created": "2014-12-12T11:08:06.469000Z",
   "edited": "2014-12-20T21:17:50.341000Z",
   "url": "http://swapi.co/api/people/18/",
   "desc": [
      "Wedge Antilles is a fictional character in the Star Wars franchise. He is a supporting character portrayed by Denis Lawson in the original Star Wars trilogy.[1] Antilles is a starfighter pilot for the Rebel Alliance, and founded Rogue Squadron with his friend Luke Skywalker. Wedge is notable for being the only Rebel pilot to have survived both attack runs on the Death Stars at the battles of Yavin and Endor.[1] He also appears in the Star Wars expanded universe, most notably as the lead character in most of the X-Wing novels."
   ]
}}
