{ "people": {
   "name": "Jek Tono Porkins",
   "height": "180",
   "mass": "110",
   "hair_color": "brown",
   "skin_color": "fair",
   "eye_color": "blue",
   "gender": "male",
   "homeworld": "http://swapi.co/api/planets/26/",
   "films": [
      "http://swapi.co/api/films/1/"
   ],
   "species": [
      "http://swapi.co/api/species/1/"
   ],
   "vehicles": [],
   "starships": [
      "http://swapi.co/api/starships/12/"
   ],
   "created": "2014-12-12T11:16:56.569000Z",
   "edited": "2014-12-20T21:17:50.343000Z",
   "url": "http://swapi.co/api/people/19/"
}}
