{ "people": {
   "name": "IG-88",
   "height": "200",
   "mass": "140",
   "hair_color": "none",
   "skin_color": "metal",
   "eye_color": "red",
   "birth_year": "15BBY",
   "gender": "none",
   "homeworld": "http://swapi.co/api/planets/28/",
   "films": [
      "http://swapi.co/api/films/2/"
   ],
   "species": [
      "http://swapi.co/api/species/2/"
   ],
   "vehicles": [],
   "starships": [],
   "created": "2014-12-15T12:51:10.076000Z",
   "edited": "2014-12-20T21:17:50.351000Z",
   "url": "http://swapi.co/api/people/23/"
}}
