{ "people": {
   "name": "Bossk",
   "height": "190",
   "mass": "113",
   "hair_color": "none",
   "skin_color": "green",
   "eye_color": "red",
   "birth_year": "53BBY",
   "gender": "male",
   "homeworld": "http://swapi.co/api/planets/29/",
   "films": [
      "http://swapi.co/api/films/2/"
   ],
   "species": [
      "http://swapi.co/api/species/7/"
   ],
   "vehicles": [],
   "starships": [],
   "created": "2014-12-15T12:53:49.297000Z",
   "edited": "2014-12-20T21:17:50.355000Z",
   "url": "http://swapi.co/api/people/24/"
}}
