{ "people": {
   "name": "Lobot",
   "height": "175",
   "mass": "79",
   "hair_color": "none",
   "skin_color": "light",
   "eye_color": "blue",
   "birth_year": "37BBY",
   "gender": "male",
   "homeworld": "http://swapi.co/api/planets/6/",
   "films": [
      "http://swapi.co/api/films/2/"
   ],
   "species": [
      "http://swapi.co/api/species/1/"
   ],
   "vehicles": [],
   "starships": [],
   "created": "2014-12-15T13:01:57.178000Z",
   "edited": "2014-12-20T21:17:50.359000Z",
   "url": "http://swapi.co/api/people/26/"
}}
