{ "people": {
   "name": "Ackbar",
   "height": "180",
   "mass": "83",
   "hair_color": "none",
   "skin_color": "brown mottle",
   "eye_color": "orange",
   "birth_year": "41BBY",
   "gender": "male",
   "homeworld": "http://swapi.co/api/planets/31/",
   "films": [
      "http://swapi.co/api/films/3/",
      "http://swapi.co/api/films/7/"
   ],
   "species": [
      "http://swapi.co/api/species/8/"
   ],
   "vehicles": [],
   "starships": [],
   "created": "2014-12-18T11:07:50.584000Z",
   "edited": "2014-12-20T21:17:50.362000Z",
   "url": "http://swapi.co/api/people/27/"
}}
