{ "people": {
   "name": "Mon Mothma",
   "height": "150",
   "hair_color": "auburn",
   "skin_color": "fair",
   "eye_color": "blue",
   "birth_year": "48BBY",
   "gender": "female",
   "homeworld": "http://swapi.co/api/planets/32/",
   "films": [
      "http://swapi.co/api/films/3/"
   ],
   "species": [
      "http://swapi.co/api/species/1/"
   ],
   "vehicles": [],
   "starships": [],
   "created": "2014-12-18T11:12:38.895000Z",
   "edited": "2014-12-20T21:17:50.364000Z",
   "url": "http://swapi.co/api/people/28/"
}}
