{ "people": {
   "name": "Wicket Systri Warrick",
   "height": "88",
   "mass": "20",
   "hair_color": "brown",
   "skin_color": "brown",
   "eye_color": "brown",
   "birth_year": "8BBY",
   "gender": "male",
   "homeworld": "http://swapi.co/api/planets/7/",
   "films": [
      "http://swapi.co/api/films/3/"
   ],
   "species": [
      "http://swapi.co/api/species/9/"
   ],
   "vehicles": [],
   "starships": [],
   "created": "2014-12-18T11:21:58.954000Z",
   "edited": "2014-12-20T21:17:50.369000Z",
   "url": "http://swapi.co/api/people/30/"
}}
