{ "people": {
   "name": "Sebulba",
   "height": "112",
   "mass": "40",
   "hair_color": "none",
   "skin_color": "grey, red",
   "eye_color": "orange",
   "gender": "male",
   "homeworld": "http://swapi.co/api/planets/35/",
   "films": [
      "http://swapi.co/api/films/4/"
   ],
   "species": [
      "http://swapi.co/api/species/14/"
   ],
   "vehicles": [],
   "starships": [],
   "created": "2014-12-19T17:53:02.586000Z",
   "edited": "2014-12-20T21:17:50.397000Z",
   "url": "http://swapi.co/api/people/41/"
}}
