{ "people": {
   "name": "Shmi Skywalker",
   "height": "163",
   "hair_color": "black",
   "skin_color": "fair",
   "eye_color": "brown",
   "birth_year": "72BBY",
   "gender": "female",
   "homeworld": "http://swapi.co/api/planets/1/",
   "films": [
      "http://swapi.co/api/films/5/",
      "http://swapi.co/api/films/4/"
   ],
   "species": [
      "http://swapi.co/api/species/1/"
   ],
   "vehicles": [],
   "starships": [],
   "created": "2014-12-19T17:57:41.191000Z",
   "edited": "2014-12-20T21:17:50.401000Z",
   "url": "http://swapi.co/api/people/43/"
}}
