{ "people": {
   "name": "Ayla Secura",
   "height": "178",
   "mass": "55",
   "hair_color": "none",
   "skin_color": "blue",
   "eye_color": "hazel",
   "birth_year": "48BBY",
   "gender": "female",
   "homeworld": "http://swapi.co/api/planets/37/",
   "films": [
      "http://swapi.co/api/films/5/",
      "http://swapi.co/api/films/4/",
      "http://swapi.co/api/films/6/"
   ],
   "species": [
      "http://swapi.co/api/species/15/"
   ],
   "vehicles": [],
   "starships": [],
   "created": "2014-12-20T09:48:01.172000Z",
   "edited": "2014-12-20T21:17:50.409000Z",
   "url": "http://swapi.co/api/people/46/"
}}
