{ "people": {
   "name": "Dud Bolt",
   "height": "94",
   "mass": "45",
   "hair_color": "none",
   "skin_color": "blue, grey",
   "eye_color": "yellow",
   "gender": "male",
   "homeworld": "http://swapi.co/api/planets/39/",
   "films": [
      "http://swapi.co/api/films/4/"
   ],
   "species": [
      "http://swapi.co/api/species/17/"
   ],
   "vehicles": [],
   "starships": [],
   "created": "2014-12-20T09:57:31.858000Z",
   "edited": "2014-12-20T21:17:50.414000Z",
   "url": "http://swapi.co/api/people/48/"
}}
