{ "people": {
   "name": "Gasgano",
   "height": "122",
   "hair_color": "none",
   "skin_color": "white, blue",
   "eye_color": "black",
   "gender": "male",
   "homeworld": "http://swapi.co/api/planets/40/",
   "films": [
      "http://swapi.co/api/films/4/"
   ],
   "species": [
      "http://swapi.co/api/species/18/"
   ],
   "vehicles": [],
   "starships": [],
   "created": "2014-12-20T10:02:12.223000Z",
   "edited": "2014-12-20T21:17:50.416000Z",
   "url": "http://swapi.co/api/people/49/"
}}
