{ "people": {
   "name": "Ki-Adi-Mundi",
   "height": "198",
   "mass": "82",
   "hair_color": "white",
   "skin_color": "pale",
   "eye_color": "yellow",
   "birth_year": "92BBY",
   "gender": "male",
   "homeworld": "http://swapi.co/api/planets/43/",
   "films": [
      "http://swapi.co/api/films/5/",
      "http://swapi.co/api/films/4/",
      "http://swapi.co/api/films/6/"
   ],
   "species": [
      "http://swapi.co/api/species/20/"
   ],
   "vehicles": [],
   "starships": [],
   "created": "2014-12-20T10:15:32.293000Z",
   "edited": "2014-12-20T21:17:50.422000Z",
   "url": "http://swapi.co/api/people/52/"
}}
