{ "people": {
   "name": "Kit Fisto",
   "height": "196",
   "mass": "87",
   "hair_color": "none",
   "skin_color": "green",
   "eye_color": "black",
   "gender": "male",
   "homeworld": "http://swapi.co/api/planets/44/",
   "films": [
      "http://swapi.co/api/films/5/",
      "http://swapi.co/api/films/4/",
      "http://swapi.co/api/films/6/"
   ],
   "species": [
      "http://swapi.co/api/species/21/"
   ],
   "vehicles": [],
   "starships": [],
   "created": "2014-12-20T10:18:57.202000Z",
   "edited": "2014-12-20T21:17:50.424000Z",
   "url": "http://swapi.co/api/people/53/"
}}
