{ "people": {
   "name": "Adi Gallia",
   "height": "184",
   "mass": "50",
   "hair_color": "none",
   "skin_color": "dark",
   "eye_color": "blue",
   "gender": "female",
   "homeworld": "http://swapi.co/api/planets/9/",
   "films": [
      "http://swapi.co/api/films/4/",
      "http://swapi.co/api/films/6/"
   ],
   "species": [
      "http://swapi.co/api/species/23/"
   ],
   "vehicles": [],
   "starships": [],
   "created": "2014-12-20T10:29:11.661000Z",
   "edited": "2014-12-20T21:17:50.432000Z",
   "url": "http://swapi.co/api/people/55/"
}}
