{ "people": {
   "name": "Saesee Tiin",
   "height": "188",
   "hair_color": "none",
   "skin_color": "pale",
   "eye_color": "orange",
   "gender": "male",
   "homeworld": "http://swapi.co/api/planets/47/",
   "films": [
      "http://swapi.co/api/films/4/",
      "http://swapi.co/api/films/6/"
   ],
   "species": [
      "http://swapi.co/api/species/24/"
   ],
   "vehicles": [],
   "starships": [],
   "created": "2014-12-20T10:32:11.669000Z",
   "edited": "2014-12-20T21:17:50.434000Z",
   "url": "http://swapi.co/api/people/56/"
}}
