{ "people": {
   "name": "Yarael Poof",
   "height": "264",
   "hair_color": "none",
   "skin_color": "white",
   "eye_color": "yellow",
   "gender": "male",
   "homeworld": "http://swapi.co/api/planets/48/",
   "films": [
      "http://swapi.co/api/films/4/"
   ],
   "species": [
      "http://swapi.co/api/species/25/"
   ],
   "vehicles": [],
   "starships": [],
   "created": "2014-12-20T10:34:48.725000Z",
   "edited": "2014-12-20T21:17:50.437000Z",
   "url": "http://swapi.co/api/people/57/"
}}
