{ "people": {
   "name": "Owen Lars",
   "height": "178",
   "mass": "120",
   "hair_color": "brown, grey",
   "skin_color": "light",
   "eye_color": "blue",
   "birth_year": "52BBY",
   "gender": "male",
   "homeworld": "http://swapi.co/api/planets/1/",
   "films": [
      "http://swapi.co/api/films/5/",
      "http://swapi.co/api/films/6/",
      "http://swapi.co/api/films/1/"
   ],
   "species": [
      "http://swapi.co/api/species/1/"
   ],
   "vehicles": [],
   "starships": [],
   "created": "2014-12-10T15:52:14.024000Z",
   "edited": "2014-12-20T21:17:50.317000Z",
   "url": "http://swapi.co/api/people/6/"
}}
