{ "people": {
   "name": "Gregar Typho",
   "height": "185",
   "mass": "85",
   "hair_color": "black",
   "skin_color": "dark",
   "eye_color": "brown",
   "gender": "male",
   "homeworld": "http://swapi.co/api/planets/8/",
   "films": [
      "http://swapi.co/api/films/5/"
   ],
   "species": [
      "http://swapi.co/api/species/1/"
   ],
   "vehicles": [],
   "starships": [
      "http://swapi.co/api/starships/39/"
   ],
   "created": "2014-12-20T11:10:10.381000Z",
   "edited": "2014-12-20T21:17:50.445000Z",
   "url": "http://swapi.co/api/people/60/"
}}
