{ "people": {
   "name": "Cliegg Lars",
   "height": "183",
   "hair_color": "brown",
   "skin_color": "fair",
   "eye_color": "blue",
   "birth_year": "82BBY",
   "gender": "male",
   "homeworld": "http://swapi.co/api/planets/1/",
   "films": [
      "http://swapi.co/api/films/5/"
   ],
   "species": [
      "http://swapi.co/api/species/1/"
   ],
   "vehicles": [],
   "starships": [],
   "created": "2014-12-20T15:59:03.958000Z",
   "edited": "2014-12-20T21:17:50.451000Z",
   "url": "http://swapi.co/api/people/62/"
}}
