{ "people": {
   "name": "Beru Whitesun lars",
   "height": "165",
   "mass": "75",
   "hair_color": "brown",
   "skin_color": "light",
   "eye_color": "blue",
   "birth_year": "47BBY",
   "gender": "female",
   "homeworld": "http://swapi.co/api/planets/1/",
   "films": [
      "http://swapi.co/api/films/5/",
      "http://swapi.co/api/films/6/",
      "http://swapi.co/api/films/1/"
   ],
   "species": [
      "http://swapi.co/api/species/1/"
   ],
   "vehicles": [],
   "starships": [],
   "created": "2014-12-10T15:53:41.121000Z",
   "edited": "2014-12-20T21:17:50.319000Z",
   "url": "http://swapi.co/api/people/7/"
}}
