{ "people": {
   "name": "Lama Su",
   "height": "229",
   "mass": "88",
   "hair_color": "none",
   "skin_color": "grey",
   "eye_color": "black",
   "gender": "male",
   "homeworld": "http://swapi.co/api/planets/10/",
   "films": [
      "http://swapi.co/api/films/5/"
   ],
   "species": [
      "http://swapi.co/api/species/32/"
   ],
   "vehicles": [],
   "starships": [],
   "created": "2014-12-20T17:30:50.416000Z",
   "edited": "2014-12-20T21:17:50.473000Z",
   "url": "http://swapi.co/api/people/72/"
}}
