{ "people": {
   "name": "Tarfful",
   "height": "234",
   "mass": "136",
   "hair_color": "brown",
   "skin_color": "brown",
   "eye_color": "blue",
   "gender": "male",
   "homeworld": "http://swapi.co/api/planets/14/",
   "films": [
      "http://swapi.co/api/films/6/"
   ],
   "species": [
      "http://swapi.co/api/species/3/"
   ],
   "vehicles": [],
   "starships": [],
   "created": "2014-12-20T19:46:34.209000Z",
   "edited": "2014-12-20T21:17:50.491000Z",
   "url": "http://swapi.co/api/people/80/"
}}
