{ "people": {
   "name": "Sly Moore",
   "height": "178",
   "mass": "48",
   "hair_color": "none",
   "skin_color": "pale",
   "eye_color": "white",
   "gender": "female",
   "homeworld": "http://swapi.co/api/planets/60/",
   "films": [
      "http://swapi.co/api/films/5/",
      "http://swapi.co/api/films/6/"
   ],
   "species": [],
   "vehicles": [],
   "starships": [],
   "created": "2014-12-20T20:18:37.619000Z",
   "edited": "2014-12-20T21:17:50.496000Z",
   "url": "http://swapi.co/api/people/82/"
}}
