<species>
   <name>Toydarian</name>
   <classification>mammal</classification>
   <designation>sentient</designation>
   <average_height>120</average_height>
   <skin_colors>blue, green, grey</skin_colors>
   <hair_colors>none</hair_colors>
   <eye_colors>yellow</eye_colors>
   <average_lifespan>91</average_lifespan>
   <homeworld>http://swapi.co/api/planets/34/</homeworld>
   <language>Toydarian</language>
   <people>http://swapi.co/api/people/40/</people>
   <films>http://swapi.co/api/films/5/</films>
   <films>http://swapi.co/api/films/4/</films>
   <created>2014-12-19T17:48:56.893000Z</created>
   <edited>2014-12-20T21:36:42.165000Z</edited>
   <url>http://swapi.co/api/species/13/</url>
</species>
