<species>
   <name>Aleena</name>
   <classification>reptile</classification>
   <designation>sentient</designation>
   <average_height>80</average_height>
   <skin_colors>blue, gray</skin_colors>
   <hair_colors>none</hair_colors>
   <average_lifespan>79</average_lifespan>
   <homeworld>http://swapi.co/api/planets/38/</homeworld>
   <language>Aleena</language>
   <people>http://swapi.co/api/people/47/</people>
   <films>http://swapi.co/api/films/4/</films>
   <created>2014-12-20T09:53:16.481000Z</created>
   <edited>2014-12-20T21:36:42.171000Z</edited>
   <url>http://swapi.co/api/species/16/</url>
</species>
