<species>
   <name>Toong</name>
   <designation>sentient</designation>
   <average_height>200</average_height>
   <skin_colors>grey, green, yellow</skin_colors>
   <hair_colors>none</hair_colors>
   <eye_colors>orange</eye_colors>
   <homeworld>http://swapi.co/api/planets/41/</homeworld>
   <language>Tundan</language>
   <people>http://swapi.co/api/people/50/</people>
   <films>http://swapi.co/api/films/4/</films>
   <films>http://swapi.co/api/films/6/</films>
   <created>2014-12-20T10:08:36.795000Z</created>
   <edited>2014-12-20T21:36:42.177000Z</edited>
   <url>http://swapi.co/api/species/19/</url>
</species>
