<species>
   <name>Nautolan</name>
   <classification>amphibian</classification>
   <designation>sentient</designation>
   <average_height>180</average_height>
   <skin_colors>green, blue, brown, red</skin_colors>
   <hair_colors>none</hair_colors>
   <eye_colors>black</eye_colors>
   <average_lifespan>70</average_lifespan>
   <homeworld>http://swapi.co/api/planets/44/</homeworld>
   <language>Nautila</language>
   <people>http://swapi.co/api/people/53/</people>
   <films>http://swapi.co/api/films/4/</films>
   <created>2014-12-20T10:18:58.610000Z</created>
   <edited>2014-12-20T21:36:42.181000Z</edited>
   <url>http://swapi.co/api/species/21/</url>
</species>
