<species>
   <name>Wookiee</name>
   <classification>mammal</classification>
   <designation>sentient</designation>
   <average_height>210</average_height>
   <skin_colors>gray</skin_colors>
   <hair_colors>black, brown</hair_colors>
   <eye_colors>blue, green, yellow, brown, golden, red</eye_colors>
   <average_lifespan>400</average_lifespan>
   <homeworld>http://swapi.co/api/planets/14/</homeworld>
   <language>Shyriiwook</language>
   <people>http://swapi.co/api/people/13/</people>
   <people>http://swapi.co/api/people/80/</people>
   <films>http://swapi.co/api/films/7/</films>
   <films>http://swapi.co/api/films/6/</films>
   <films>http://swapi.co/api/films/3/</films>
   <films>http://swapi.co/api/films/2/</films>
   <films>http://swapi.co/api/films/1/</films>
   <created>2014-12-10T16:44:31.486000Z</created>
   <edited>2015-01-30T21:23:03.074598Z</edited>
   <url>http://swapi.co/api/species/3/</url>
   <desc>Wookiees (/ˈwʊkiːz/) are a fictional species of intelligent bipeds from the planet Kashyyyk in the Star Wars universe. They are taller, stronger, and hairier than humans and most (if not all) other humanoid species. The most notable Wookiee is Chewbacca, the copilot of Han Solo, who first appeared in the 1977 film Star Wars Episode IV: A New Hope.</desc>
</species>
