<species>
   <name>Clawdite</name>
   <classification>reptilian</classification>
   <designation>sentient</designation>
   <average_height>180</average_height>
   <skin_colors>green, yellow</skin_colors>
   <hair_colors>none</hair_colors>
   <eye_colors>yellow</eye_colors>
   <average_lifespan>70</average_lifespan>
   <homeworld>http://swapi.co/api/planets/54/</homeworld>
   <language>Clawdite</language>
   <people>http://swapi.co/api/people/70/</people>
   <films>http://swapi.co/api/films/5/</films>
   <films>http://swapi.co/api/films/6/</films>
   <created>2014-12-20T16:57:46.171000Z</created>
   <edited>2014-12-20T21:36:42.199000Z</edited>
   <url>http://swapi.co/api/species/30/</url>
</species>
