<species>
   <name>Muun</name>
   <classification>mammal</classification>
   <designation>sentient</designation>
   <average_height>190</average_height>
   <skin_colors>grey, white</skin_colors>
   <hair_colors>none</hair_colors>
   <eye_colors>black</eye_colors>
   <average_lifespan>100</average_lifespan>
   <homeworld>http://swapi.co/api/planets/57/</homeworld>
   <language>Muun</language>
   <people>http://swapi.co/api/people/77/</people>
   <films>http://swapi.co/api/films/5/</films>
   <films>http://swapi.co/api/films/6/</films>
   <created>2014-12-20T17:58:19.088000Z</created>
   <edited>2014-12-20T21:36:42.207000Z</edited>
   <url>http://swapi.co/api/species/34/</url>
</species>
