<species>
   <name>Kaleesh</name>
   <classification>reptile</classification>
   <designation>sentient</designation>
   <average_height>170</average_height>
   <skin_colors>brown, orange, tan</skin_colors>
   <hair_colors>none</hair_colors>
   <eye_colors>yellow</eye_colors>
   <average_lifespan>80</average_lifespan>
   <homeworld>http://swapi.co/api/planets/59/</homeworld>
   <language>Kaleesh</language>
   <people>http://swapi.co/api/people/79/</people>
   <films>http://swapi.co/api/films/6/</films>
   <created>2014-12-20T19:45:42.537000Z</created>
   <edited>2014-12-20T21:36:42.210000Z</edited>
   <url>http://swapi.co/api/species/36/</url>
</species>
