{ "starship": {
   "name": "EF76 Nebulon-B escort frigate",
   "model": "EF76 Nebulon-B escort frigate",
   "manufacturer": "Kuat Drive Yards",
   "cost_in_credits": "8500000",
   "length": "300",
   "max_atmosphering_speed": "800",
   "crew": "854",
   "passengers": "75",
   "cargo_capacity": "6000000",
   "consumables": "2 years",
   "hyperdrive_rating": "2.0",
   "MGLT": "40",
   "starship_class": "Escort ship",
   "pilots": [],
   "films": [
      "http://swapi.co/api/films/3/",
      "http://swapi.co/api/films/2/"
   ],
   "created": "2014-12-15T13:06:30.813000Z",
   "edited": "2014-12-22T17:35:44.848329Z",
   "url": "http://swapi.co/api/starships/23/"
}}
