{ "starship": {
   "name": "Calamari Cruiser",
   "model": "MC80 Liberty type Star Cruiser",
   "manufacturer": "Mon Calamari shipyards",
   "cost_in_credits": "104000000",
   "length": "1200",
   "crew": "5400",
   "passengers": "1200",
   "consumables": "2 years",
   "hyperdrive_rating": "1.0",
   "MGLT": "60",
   "starship_class": "Star Cruiser",
   "pilots": [],
   "films": [
      "http://swapi.co/api/films/3/"
   ],
   "created": "2014-12-18T10:54:57.804000Z",
   "edited": "2014-12-22T17:35:44.957852Z",
   "url": "http://swapi.co/api/starships/27/"
}}
