{ "starship": {
   "name": "B-wing",
   "model": "A/SF-01 B-wing starfighter",
   "manufacturer": "Slayn & Korpil",
   "cost_in_credits": "220000",
   "length": "16.9",
   "max_atmosphering_speed": "950",
   "crew": "1",
   "passengers": "0",
   "cargo_capacity": "45",
   "consumables": "1 week",
   "hyperdrive_rating": "2.0",
   "MGLT": "91",
   "starship_class": "Assault Starfighter",
   "pilots": [],
   "films": [
      "http://swapi.co/api/films/3/"
   ],
   "created": "2014-12-18T11:18:04.763000Z",
   "edited": "2014-12-22T17:35:45.011193Z",
   "url": "http://swapi.co/api/starships/29/"
}}
