{ "starship": {
   "name": "Droid control ship",
   "model": "Lucrehulk-class Droid Control Ship",
   "manufacturer": "Hoersch-Kessel Drive, Inc.",
   "length": "3170",
   "crew": "175",
   "passengers": "139000",
   "cargo_capacity": "4000000000",
   "consumables": "500 days",
   "hyperdrive_rating": "2.0",
   "starship_class": "Droid control ship",
   "pilots": [],
   "films": [
      "http://swapi.co/api/films/5/",
      "http://swapi.co/api/films/4/",
      "http://swapi.co/api/films/6/"
   ],
   "created": "2014-12-19T17:04:06.323000Z",
   "edited": "2014-12-22T17:35:45.042900Z",
   "url": "http://swapi.co/api/starships/32/"
}}
