{ "starship": {
   "name": "Naboo Royal Starship",
   "model": "J-type 327 Nubian royal starship",
   "manufacturer": "Theed Palace Space Vessel Engineering Corps, Nubia Star Drives",
   "length": "76",
   "max_atmosphering_speed": "920",
   "crew": "8",
   "hyperdrive_rating": "1.8",
   "starship_class": "yacht",
   "pilots": [
      "http://swapi.co/api/people/39/"
   ],
   "films": [
      "http://swapi.co/api/films/4/"
   ],
   "created": "2014-12-19T17:45:03.506000Z",
   "edited": "2014-12-22T17:35:45.091925Z",
   "url": "http://swapi.co/api/starships/40/"
}}
