{ "starship": {
   "name": "Scimitar",
   "model": "Star Courier",
   "manufacturer": "Republic Sienar Systems",
   "cost_in_credits": "55000000",
   "length": "26.5",
   "max_atmosphering_speed": "1180",
   "crew": "1",
   "passengers": "6",
   "cargo_capacity": "2500000",
   "consumables": "30 days",
   "hyperdrive_rating": "1.5",
   "starship_class": "Space Transport",
   "pilots": [
      "http://swapi.co/api/people/44/"
   ],
   "films": [
      "http://swapi.co/api/films/4/"
   ],
   "created": "2014-12-20T09:39:56.116000Z",
   "edited": "2014-12-22T17:35:45.105522Z",
   "url": "http://swapi.co/api/starships/41/"
}}
