{ "starship": {
   "name": "J-type diplomatic barge",
   "model": "J-type diplomatic barge",
   "manufacturer": "Theed Palace Space Vessel Engineering Corps, Nubia Star Drives",
   "cost_in_credits": "2000000",
   "length": "39",
   "max_atmosphering_speed": "2000",
   "crew": "5",
   "passengers": "10",
   "consumables": "1 year",
   "hyperdrive_rating": "0.7",
   "starship_class": "Diplomatic barge",
   "pilots": [],
   "films": [
      "http://swapi.co/api/films/5/"
   ],
   "created": "2014-12-20T11:05:51.237000Z",
   "edited": "2014-12-22T17:35:45.124386Z",
   "url": "http://swapi.co/api/starships/43/"
}}
