{ "starship": {
   "name": "Trade Federation cruiser",
   "model": "Providence-class carrier/destroyer",
   "manufacturer": "Rendili StarDrive, Free Dac Volunteers Engineering corps.",
   "cost_in_credits": "125000000",
   "length": "1088",
   "max_atmosphering_speed": "1050",
   "crew": "600",
   "passengers": "48247",
   "cargo_capacity": "50000000",
   "consumables": "4 years",
   "hyperdrive_rating": "1.5",
   "starship_class": "capital ship",
   "pilots": [
      "http://swapi.co/api/people/10/",
      "http://swapi.co/api/people/11/"
   ],
   "films": [
      "http://swapi.co/api/films/6/"
   ],
   "created": "2014-12-20T19:40:21.902000Z",
   "edited": "2014-12-22T17:35:45.195165Z",
   "url": "http://swapi.co/api/starships/59/"
}}
