{ "starship": {
   "name": "Theta-class T-2c shuttle",
   "model": "Theta-class T-2c shuttle",
   "manufacturer": "Cygnus Spaceworks",
   "cost_in_credits": "1000000",
   "length": "18.5",
   "max_atmosphering_speed": "2000",
   "crew": "5",
   "passengers": "16",
   "cargo_capacity": "50000",
   "consumables": "56 days",
   "hyperdrive_rating": "1.0",
   "starship_class": "transport",
   "pilots": [],
   "films": [
      "http://swapi.co/api/films/6/"
   ],
   "created": "2014-12-20T19:48:40.409000Z",
   "edited": "2014-12-22T17:35:45.208584Z",
   "url": "http://swapi.co/api/starships/61/"
}}
