{ "starship": {
   "name": "Republic attack cruiser",
   "model": "Senator-class Star Destroyer",
   "manufacturer": "Kuat Drive Yards, Allanteen Six shipyards",
   "cost_in_credits": "59000000",
   "length": "1137",
   "max_atmosphering_speed": "975",
   "crew": "7400",
   "passengers": "2000",
   "cargo_capacity": "20000000",
   "consumables": "2 years",
   "hyperdrive_rating": "1.0",
   "starship_class": "star destroyer",
   "pilots": [],
   "films": [
      "http://swapi.co/api/films/6/"
   ],
   "created": "2014-12-20T19:52:56.232000Z",
   "edited": "2014-12-22T17:35:45.224540Z",
   "url": "http://swapi.co/api/starships/63/"
}}
