{ "starship": {
   "name": "Banking clan frigte",
   "model": "Munificent-class star frigate",
   "manufacturer": "Hoersch-Kessel Drive, Inc, Gwori Revolutionary Industries",
   "cost_in_credits": "57000000",
   "length": "825",
   "crew": "200",
   "cargo_capacity": "40000000",
   "consumables": "2 years",
   "hyperdrive_rating": "1.0",
   "starship_class": "cruiser",
   "pilots": [],
   "films": [
      "http://swapi.co/api/films/6/"
   ],
   "created": "2014-12-20T20:07:11.538000Z",
   "edited": "2014-12-22T17:35:45.361585Z",
   "url": "http://swapi.co/api/starships/68/"
}}
