{ "starship": {
   "name": "Belbullab-22 starfighter",
   "model": "Belbullab-22 starfighter",
   "manufacturer": "Feethan Ottraw Scalable Assemblies",
   "cost_in_credits": "168000",
   "length": "6.71",
   "max_atmosphering_speed": "1100",
   "crew": "1",
   "passengers": "0",
   "cargo_capacity": "140",
   "consumables": "7 days",
   "hyperdrive_rating": "6",
   "starship_class": "starfighter",
   "pilots": [
      "http://swapi.co/api/people/10/",
      "http://swapi.co/api/people/79/"
   ],
   "films": [
      "http://swapi.co/api/films/6/"
   ],
   "created": "2014-12-20T20:38:05.031000Z",
   "edited": "2014-12-22T17:35:45.381900Z",
   "url": "http://swapi.co/api/starships/74/"
}}
