<triples xmlns="http://marklogic.com/semantics">
   <triple>
      <subject>http://h2o.consulting/ns/star-wars#vehicle-24</subject>
      <predicate>http://www.w3.org/1999/02/22-rdf-syntax-ns#type</predicate>
      <object>http://h2o.consulting/ns/star-wars#Vehicle</object>
   </triple>
   <triple>
      <subject>http://h2o.consulting/ns/star-wars#vehicle-24</subject>
      <predicate>http://www.w3.org/2000/01/rdf-schema#label</predicate>
      <object datatype="http://www.w3.org/2001/XMLSchema#string">Sail barge</object>
   </triple>
   <triple>
      <subject>http://h2o.consulting/ns/star-wars#vehicle-24</subject>
      <predicate>http://h2o.consulting/ns/star-wars#model</predicate>
      <object datatype="http://www.w3.org/2001/XMLSchema#string">Modified Luxury Sail Barge</object>
   </triple>
   <triple>
      <subject>http://h2o.consulting/ns/star-wars#vehicle-24</subject>
      <predicate>http://h2o.consulting/ns/star-wars#manufacturer</predicate>
      <object datatype="http://www.w3.org/2001/XMLSchema#string">Ubrikkian Industries Custom Vehicle Division</object>
   </triple>
   <triple>
      <subject>http://h2o.consulting/ns/star-wars#vehicle-24</subject>
      <predicate>http://h2o.consulting/ns/star-wars#cost_in_credits</predicate>
      <object datatype="http://www.w3.org/2001/XMLSchema#integer">285000</object>
   </triple>
   <triple>
      <subject>http://h2o.consulting/ns/star-wars#vehicle-24</subject>
      <predicate>http://h2o.consulting/ns/star-wars#length</predicate>
      <object datatype="http://www.w3.org/2001/XMLSchema#integer">30</object>
   </triple>
   <triple>
      <subject>http://h2o.consulting/ns/star-wars#vehicle-24</subject>
      <predicate>http://h2o.consulting/ns/star-wars#max_atmosphering_speed</predicate>
      <object datatype="http://www.w3.org/2001/XMLSchema#integer">100</object>
   </triple>
   <triple>
      <subject>http://h2o.consulting/ns/star-wars#vehicle-24</subject>
      <predicate>http://h2o.consulting/ns/star-wars#crew</predicate>
      <object datatype="http://www.w3.org/2001/XMLSchema#integer">26</object>
   </triple>
   <triple>
      <subject>http://h2o.consulting/ns/star-wars#vehicle-24</subject>
      <predicate>http://h2o.consulting/ns/star-wars#passengers</predicate>
      <object datatype="http://www.w3.org/2001/XMLSchema#integer">500</object>
   </triple>
   <triple>
      <subject>http://h2o.consulting/ns/star-wars#vehicle-24</subject>
      <predicate>http://h2o.consulting/ns/star-wars#cargo_capacity</predicate>
      <object datatype="http://www.w3.org/2001/XMLSchema#integer">2000000</object>
   </triple>
   <triple>
      <subject>http://h2o.consulting/ns/star-wars#vehicle-24</subject>
      <predicate>http://h2o.consulting/ns/star-wars#consumables</predicate>
      <object datatype="http://www.w3.org/2001/XMLSchema#string">Live food tanks</object>
   </triple>
   <triple>
      <subject>http://h2o.consulting/ns/star-wars#vehicle-24</subject>
      <predicate>http://h2o.consulting/ns/star-wars#vehicle_class</predicate>
      <object datatype="http://www.w3.org/2001/XMLSchema#string">sail barge</object>
   </triple>
   <triple>
      <subject>http://h2o.consulting/ns/star-wars#vehicle-24</subject>
      <predicate>http://h2o.consulting/ns/star-wars#film</predicate>
      <object>http://h2o.consulting/ns/star-wars#film-3</object>
   </triple>
   <triple>
      <subject>http://h2o.consulting/ns/star-wars#vehicle-24</subject>
      <predicate>http://h2o.consulting/ns/star-wars#created</predicate>
      <object datatype="http://www.w3.org/2001/XMLSchema#dateTime">2014-12-18T10:44:14.217000Z</object>
   </triple>
   <triple>
      <subject>http://h2o.consulting/ns/star-wars#vehicle-24</subject>
      <predicate>http://h2o.consulting/ns/star-wars#edited</predicate>
      <object datatype="http://www.w3.org/2001/XMLSchema#dateTime">2014-12-22T18:21:15.807906Z</object>
   </triple>
   <triple>
      <subject>http://h2o.consulting/ns/star-wars#vehicle-24</subject>
      <predicate>http://h2o.consulting/ns/star-wars#url</predicate>
      <object datatype="http://www.w3.org/2001/XMLSchema#string">http://swapi.co/api/vehicles/24/</object>
   </triple>
</triples>
