<triples xmlns="http://marklogic.com/semantics">
   <triple>
      <subject>http://h2o.consulting/ns/star-wars#vehicle-34</subject>
      <predicate>http://www.w3.org/1999/02/22-rdf-syntax-ns#type</predicate>
      <object>http://h2o.consulting/ns/star-wars#Vehicle</object>
   </triple>
   <triple>
      <subject>http://h2o.consulting/ns/star-wars#vehicle-34</subject>
      <predicate>http://www.w3.org/2000/01/rdf-schema#label</predicate>
      <object datatype="http://www.w3.org/2001/XMLSchema#string">Multi-Troop Transport</object>
   </triple>
   <triple>
      <subject>http://h2o.consulting/ns/star-wars#vehicle-34</subject>
      <predicate>http://h2o.consulting/ns/star-wars#model</predicate>
      <object datatype="http://www.w3.org/2001/XMLSchema#string">Multi-Troop Transport</object>
   </triple>
   <triple>
      <subject>http://h2o.consulting/ns/star-wars#vehicle-34</subject>
      <predicate>http://h2o.consulting/ns/star-wars#manufacturer</predicate>
      <object datatype="http://www.w3.org/2001/XMLSchema#string">Baktoid Armor Workshop</object>
   </triple>
   <triple>
      <subject>http://h2o.consulting/ns/star-wars#vehicle-34</subject>
      <predicate>http://h2o.consulting/ns/star-wars#cost_in_credits</predicate>
      <object datatype="http://www.w3.org/2001/XMLSchema#integer">138000</object>
   </triple>
   <triple>
      <subject>http://h2o.consulting/ns/star-wars#vehicle-34</subject>
      <predicate>http://h2o.consulting/ns/star-wars#length</predicate>
      <object datatype="http://www.w3.org/2001/XMLSchema#integer">31</object>
   </triple>
   <triple>
      <subject>http://h2o.consulting/ns/star-wars#vehicle-34</subject>
      <predicate>http://h2o.consulting/ns/star-wars#max_atmosphering_speed</predicate>
      <object datatype="http://www.w3.org/2001/XMLSchema#integer">35</object>
   </triple>
   <triple>
      <subject>http://h2o.consulting/ns/star-wars#vehicle-34</subject>
      <predicate>http://h2o.consulting/ns/star-wars#crew</predicate>
      <object datatype="http://www.w3.org/2001/XMLSchema#integer">4</object>
   </triple>
   <triple>
      <subject>http://h2o.consulting/ns/star-wars#vehicle-34</subject>
      <predicate>http://h2o.consulting/ns/star-wars#passengers</predicate>
      <object datatype="http://www.w3.org/2001/XMLSchema#integer">112</object>
   </triple>
   <triple>
      <subject>http://h2o.consulting/ns/star-wars#vehicle-34</subject>
      <predicate>http://h2o.consulting/ns/star-wars#cargo_capacity</predicate>
      <object datatype="http://www.w3.org/2001/XMLSchema#integer">12000</object>
   </triple>
   <triple>
      <subject>http://h2o.consulting/ns/star-wars#vehicle-34</subject>
      <predicate>http://h2o.consulting/ns/star-wars#vehicle_class</predicate>
      <object datatype="http://www.w3.org/2001/XMLSchema#string">repulsorcraft</object>
   </triple>
   <triple>
      <subject>http://h2o.consulting/ns/star-wars#vehicle-34</subject>
      <predicate>http://h2o.consulting/ns/star-wars#film</predicate>
      <object>http://h2o.consulting/ns/star-wars#film-4</object>
   </triple>
   <triple>
      <subject>http://h2o.consulting/ns/star-wars#vehicle-34</subject>
      <predicate>http://h2o.consulting/ns/star-wars#created</predicate>
      <object datatype="http://www.w3.org/2001/XMLSchema#dateTime">2014-12-19T17:12:04.400000Z</object>
   </triple>
   <triple>
      <subject>http://h2o.consulting/ns/star-wars#vehicle-34</subject>
      <predicate>http://h2o.consulting/ns/star-wars#edited</predicate>
      <object datatype="http://www.w3.org/2001/XMLSchema#dateTime">2014-12-22T18:21:15.975171Z</object>
   </triple>
   <triple>
      <subject>http://h2o.consulting/ns/star-wars#vehicle-34</subject>
      <predicate>http://h2o.consulting/ns/star-wars#url</predicate>
      <object datatype="http://www.w3.org/2001/XMLSchema#string">http://swapi.co/api/vehicles/34/</object>
   </triple>
</triples>
