<triples xmlns="http://marklogic.com/semantics">
   <triple>
      <subject>http://h2o.consulting/ns/star-wars#vehicle-37</subject>
      <predicate>http://www.w3.org/1999/02/22-rdf-syntax-ns#type</predicate>
      <object>http://h2o.consulting/ns/star-wars#Vehicle</object>
   </triple>
   <triple>
      <subject>http://h2o.consulting/ns/star-wars#vehicle-37</subject>
      <predicate>http://www.w3.org/2000/01/rdf-schema#label</predicate>
      <object datatype="http://www.w3.org/2001/XMLSchema#string">C-9979 landing craft</object>
   </triple>
   <triple>
      <subject>http://h2o.consulting/ns/star-wars#vehicle-37</subject>
      <predicate>http://h2o.consulting/ns/star-wars#model</predicate>
      <object datatype="http://www.w3.org/2001/XMLSchema#string">C-9979 landing craft</object>
   </triple>
   <triple>
      <subject>http://h2o.consulting/ns/star-wars#vehicle-37</subject>
      <predicate>http://h2o.consulting/ns/star-wars#manufacturer</predicate>
      <object datatype="http://www.w3.org/2001/XMLSchema#string">Haor Chall Engineering</object>
   </triple>
   <triple>
      <subject>http://h2o.consulting/ns/star-wars#vehicle-37</subject>
      <predicate>http://h2o.consulting/ns/star-wars#cost_in_credits</predicate>
      <object datatype="http://www.w3.org/2001/XMLSchema#integer">200000</object>
   </triple>
   <triple>
      <subject>http://h2o.consulting/ns/star-wars#vehicle-37</subject>
      <predicate>http://h2o.consulting/ns/star-wars#length</predicate>
      <object datatype="http://www.w3.org/2001/XMLSchema#integer">210</object>
   </triple>
   <triple>
      <subject>http://h2o.consulting/ns/star-wars#vehicle-37</subject>
      <predicate>http://h2o.consulting/ns/star-wars#max_atmosphering_speed</predicate>
      <object datatype="http://www.w3.org/2001/XMLSchema#integer">587</object>
   </triple>
   <triple>
      <subject>http://h2o.consulting/ns/star-wars#vehicle-37</subject>
      <predicate>http://h2o.consulting/ns/star-wars#crew</predicate>
      <object datatype="http://www.w3.org/2001/XMLSchema#integer">140</object>
   </triple>
   <triple>
      <subject>http://h2o.consulting/ns/star-wars#vehicle-37</subject>
      <predicate>http://h2o.consulting/ns/star-wars#passengers</predicate>
      <object datatype="http://www.w3.org/2001/XMLSchema#integer">284</object>
   </triple>
   <triple>
      <subject>http://h2o.consulting/ns/star-wars#vehicle-37</subject>
      <predicate>http://h2o.consulting/ns/star-wars#cargo_capacity</predicate>
      <object datatype="http://www.w3.org/2001/XMLSchema#integer">1800000</object>
   </triple>
   <triple>
      <subject>http://h2o.consulting/ns/star-wars#vehicle-37</subject>
      <predicate>http://h2o.consulting/ns/star-wars#consumables</predicate>
      <object datatype="http://www.w3.org/2001/XMLSchema#string">1 day</object>
   </triple>
   <triple>
      <subject>http://h2o.consulting/ns/star-wars#vehicle-37</subject>
      <predicate>http://h2o.consulting/ns/star-wars#vehicle_class</predicate>
      <object datatype="http://www.w3.org/2001/XMLSchema#string">landing craft</object>
   </triple>
   <triple>
      <subject>http://h2o.consulting/ns/star-wars#vehicle-37</subject>
      <predicate>http://h2o.consulting/ns/star-wars#film</predicate>
      <object>http://h2o.consulting/ns/star-wars#film-4</object>
   </triple>
   <triple>
      <subject>http://h2o.consulting/ns/star-wars#vehicle-37</subject>
      <predicate>http://h2o.consulting/ns/star-wars#created</predicate>
      <object datatype="http://www.w3.org/2001/XMLSchema#dateTime">2014-12-19T17:20:36.373000Z</object>
   </triple>
   <triple>
      <subject>http://h2o.consulting/ns/star-wars#vehicle-37</subject>
      <predicate>http://h2o.consulting/ns/star-wars#edited</predicate>
      <object datatype="http://www.w3.org/2001/XMLSchema#dateTime">2014-12-22T18:21:16.033738Z</object>
   </triple>
   <triple>
      <subject>http://h2o.consulting/ns/star-wars#vehicle-37</subject>
      <predicate>http://h2o.consulting/ns/star-wars#url</predicate>
      <object datatype="http://www.w3.org/2001/XMLSchema#string">http://swapi.co/api/vehicles/37/</object>
   </triple>
</triples>
