<triples xmlns="http://marklogic.com/semantics">
   <triple>
      <subject>http://h2o.consulting/ns/star-wars#vehicle-44</subject>
      <predicate>http://www.w3.org/1999/02/22-rdf-syntax-ns#type</predicate>
      <object>http://h2o.consulting/ns/star-wars#Vehicle</object>
   </triple>
   <triple>
      <subject>http://h2o.consulting/ns/star-wars#vehicle-44</subject>
      <predicate>http://www.w3.org/2000/01/rdf-schema#label</predicate>
      <object datatype="http://www.w3.org/2001/XMLSchema#string">Zephyr-G swoop bike</object>
   </triple>
   <triple>
      <subject>http://h2o.consulting/ns/star-wars#vehicle-44</subject>
      <predicate>http://h2o.consulting/ns/star-wars#model</predicate>
      <object datatype="http://www.w3.org/2001/XMLSchema#string">Zephyr-G swoop bike</object>
   </triple>
   <triple>
      <subject>http://h2o.consulting/ns/star-wars#vehicle-44</subject>
      <predicate>http://h2o.consulting/ns/star-wars#manufacturer</predicate>
      <object datatype="http://www.w3.org/2001/XMLSchema#string">Mobquet Swoops and Speeders</object>
   </triple>
   <triple>
      <subject>http://h2o.consulting/ns/star-wars#vehicle-44</subject>
      <predicate>http://h2o.consulting/ns/star-wars#cost_in_credits</predicate>
      <object datatype="http://www.w3.org/2001/XMLSchema#integer">5750</object>
   </triple>
   <triple>
      <subject>http://h2o.consulting/ns/star-wars#vehicle-44</subject>
      <predicate>http://h2o.consulting/ns/star-wars#length</predicate>
      <object datatype="http://www.w3.org/2001/XMLSchema#decimal">3.68</object>
   </triple>
   <triple>
      <subject>http://h2o.consulting/ns/star-wars#vehicle-44</subject>
      <predicate>http://h2o.consulting/ns/star-wars#max_atmosphering_speed</predicate>
      <object datatype="http://www.w3.org/2001/XMLSchema#integer">350</object>
   </triple>
   <triple>
      <subject>http://h2o.consulting/ns/star-wars#vehicle-44</subject>
      <predicate>http://h2o.consulting/ns/star-wars#crew</predicate>
      <object datatype="http://www.w3.org/2001/XMLSchema#integer">1</object>
   </triple>
   <triple>
      <subject>http://h2o.consulting/ns/star-wars#vehicle-44</subject>
      <predicate>http://h2o.consulting/ns/star-wars#passengers</predicate>
      <object datatype="http://www.w3.org/2001/XMLSchema#integer">1</object>
   </triple>
   <triple>
      <subject>http://h2o.consulting/ns/star-wars#vehicle-44</subject>
      <predicate>http://h2o.consulting/ns/star-wars#cargo_capacity</predicate>
      <object datatype="http://www.w3.org/2001/XMLSchema#integer">200</object>
   </triple>
   <triple>
      <subject>http://h2o.consulting/ns/star-wars#vehicle-44</subject>
      <predicate>http://h2o.consulting/ns/star-wars#consumables</predicate>
      <object datatype="http://www.w3.org/2001/XMLSchema#string">none</object>
   </triple>
   <triple>
      <subject>http://h2o.consulting/ns/star-wars#vehicle-44</subject>
      <predicate>http://h2o.consulting/ns/star-wars#vehicle_class</predicate>
      <object datatype="http://www.w3.org/2001/XMLSchema#string">repulsorcraft</object>
   </triple>
   <triple>
      <subject>http://h2o.consulting/ns/star-wars#vehicle-44</subject>
      <predicate>http://h2o.consulting/ns/star-wars#pilot</predicate>
      <object>http://h2o.consulting/ns/star-wars#people-11</object>
   </triple>
   <triple>
      <subject>http://h2o.consulting/ns/star-wars#vehicle-44</subject>
      <predicate>http://h2o.consulting/ns/star-wars#film</predicate>
      <object>http://h2o.consulting/ns/star-wars#film-5</object>
   </triple>
   <triple>
      <subject>http://h2o.consulting/ns/star-wars#vehicle-44</subject>
      <predicate>http://h2o.consulting/ns/star-wars#created</predicate>
      <object datatype="http://www.w3.org/2001/XMLSchema#dateTime">2014-12-20T16:24:16.026000Z</object>
   </triple>
   <triple>
      <subject>http://h2o.consulting/ns/star-wars#vehicle-44</subject>
      <predicate>http://h2o.consulting/ns/star-wars#edited</predicate>
      <object datatype="http://www.w3.org/2001/XMLSchema#dateTime">2014-12-22T18:21:16.117652Z</object>
   </triple>
   <triple>
      <subject>http://h2o.consulting/ns/star-wars#vehicle-44</subject>
      <predicate>http://h2o.consulting/ns/star-wars#url</predicate>
      <object datatype="http://www.w3.org/2001/XMLSchema#string">http://swapi.co/api/vehicles/44/</object>
   </triple>
</triples>
