<triples xmlns="http://marklogic.com/semantics">
   <triple>
      <subject>http://h2o.consulting/ns/star-wars#vehicle-62</subject>
      <predicate>http://www.w3.org/1999/02/22-rdf-syntax-ns#type</predicate>
      <object>http://h2o.consulting/ns/star-wars#Vehicle</object>
   </triple>
   <triple>
      <subject>http://h2o.consulting/ns/star-wars#vehicle-62</subject>
      <predicate>http://www.w3.org/2000/01/rdf-schema#label</predicate>
      <object datatype="http://www.w3.org/2001/XMLSchema#string">Emergency Firespeeder</object>
   </triple>
   <triple>
      <subject>http://h2o.consulting/ns/star-wars#vehicle-62</subject>
      <predicate>http://h2o.consulting/ns/star-wars#model</predicate>
      <object datatype="http://www.w3.org/2001/XMLSchema#string">Fire suppression speeder</object>
   </triple>
   <triple>
      <subject>http://h2o.consulting/ns/star-wars#vehicle-62</subject>
      <predicate>http://h2o.consulting/ns/star-wars#crew</predicate>
      <object datatype="http://www.w3.org/2001/XMLSchema#integer">2</object>
   </triple>
   <triple>
      <subject>http://h2o.consulting/ns/star-wars#vehicle-62</subject>
      <predicate>http://h2o.consulting/ns/star-wars#vehicle_class</predicate>
      <object datatype="http://www.w3.org/2001/XMLSchema#string">fire suppression ship</object>
   </triple>
   <triple>
      <subject>http://h2o.consulting/ns/star-wars#vehicle-62</subject>
      <predicate>http://h2o.consulting/ns/star-wars#film</predicate>
      <object>http://h2o.consulting/ns/star-wars#film-6</object>
   </triple>
   <triple>
      <subject>http://h2o.consulting/ns/star-wars#vehicle-62</subject>
      <predicate>http://h2o.consulting/ns/star-wars#created</predicate>
      <object datatype="http://www.w3.org/2001/XMLSchema#dateTime">2014-12-20T19:50:58.559000Z</object>
   </triple>
   <triple>
      <subject>http://h2o.consulting/ns/star-wars#vehicle-62</subject>
      <predicate>http://h2o.consulting/ns/star-wars#edited</predicate>
      <object datatype="http://www.w3.org/2001/XMLSchema#dateTime">2014-12-22T18:21:16.450655Z</object>
   </triple>
   <triple>
      <subject>http://h2o.consulting/ns/star-wars#vehicle-62</subject>
      <predicate>http://h2o.consulting/ns/star-wars#url</predicate>
      <object datatype="http://www.w3.org/2001/XMLSchema#string">http://swapi.co/api/vehicles/62/</object>
   </triple>
</triples>
