<triples xmlns="http://marklogic.com/semantics">
   <triple>
      <subject>http://h2o.consulting/ns/star-wars#people-1</subject>
      <predicate>http://h2o.consulting/ns/star-wars#name</predicate>
      <object datatype="http://www.w3.org/2001/XMLSchema#string">Luke Skywalker</object>
   </triple>
   <triple>
      <subject>http://h2o.consulting/ns/star-wars#people-1</subject>
      <predicate>http://h2o.consulting/ns/star-wars#height</predicate>
      <object datatype="http://www.w3.org/2001/XMLSchema#string">172</object>
   </triple>
   <triple>
      <subject>http://h2o.consulting/ns/star-wars#people-1</subject>
      <predicate>http://h2o.consulting/ns/star-wars#mass</predicate>
      <object datatype="http://www.w3.org/2001/XMLSchema#string">77</object>
   </triple>
   <triple>
      <subject>http://h2o.consulting/ns/star-wars#people-1</subject>
      <predicate>http://h2o.consulting/ns/star-wars#hair_color</predicate>
      <object datatype="http://www.w3.org/2001/XMLSchema#string">blond</object>
   </triple>
   <triple>
      <subject>http://h2o.consulting/ns/star-wars#people-1</subject>
      <predicate>http://h2o.consulting/ns/star-wars#skin_color</predicate>
      <object datatype="http://www.w3.org/2001/XMLSchema#string">fair</object>
   </triple>
   <triple>
      <subject>http://h2o.consulting/ns/star-wars#people-1</subject>
      <predicate>http://h2o.consulting/ns/star-wars#eye_color</predicate>
      <object datatype="http://www.w3.org/2001/XMLSchema#string">blue</object>
   </triple>
   <triple>
      <subject>http://h2o.consulting/ns/star-wars#people-1</subject>
      <predicate>http://h2o.consulting/ns/star-wars#birth_year</predicate>
      <object datatype="http://www.w3.org/2001/XMLSchema#string">19BBY</object>
   </triple>
   <triple>
      <subject>http://h2o.consulting/ns/star-wars#people-1</subject>
      <predicate>http://h2o.consulting/ns/star-wars#gender</predicate>
      <object datatype="http://www.w3.org/2001/XMLSchema#string">male</object>
   </triple>
   <triple>
      <subject>http://h2o.consulting/ns/star-wars#people-1</subject>
      <predicate>http://h2o.consulting/ns/star-wars#homeworld</predicate>
      <object>http://h2o.consulting/ns/star-wars#planet-1</object>
   </triple>
   <triple>
      <subject>http://h2o.consulting/ns/star-wars#people-1</subject>
      <predicate>http://h2o.consulting/ns/star-wars#film</predicate>
      <object>http://h2o.consulting/ns/star-wars#film-6</object>
   </triple>
   <triple>
      <subject>http://h2o.consulting/ns/star-wars#people-1</subject>
      <predicate>http://h2o.consulting/ns/star-wars#film</predicate>
      <object>http://h2o.consulting/ns/star-wars#film-3</object>
   </triple>
   <triple>
      <subject>http://h2o.consulting/ns/star-wars#people-1</subject>
      <predicate>http://h2o.consulting/ns/star-wars#film</predicate>
      <object>http://h2o.consulting/ns/star-wars#film-2</object>
   </triple>
   <triple>
      <subject>http://h2o.consulting/ns/star-wars#people-1</subject>
      <predicate>http://h2o.consulting/ns/star-wars#film</predicate>
      <object>http://h2o.consulting/ns/star-wars#film-1</object>
   </triple>
   <triple>
      <subject>http://h2o.consulting/ns/star-wars#people-1</subject>
      <predicate>http://h2o.consulting/ns/star-wars#film</predicate>
      <object>http://h2o.consulting/ns/star-wars#film-7</object>
   </triple>
   <triple>
      <subject>http://h2o.consulting/ns/star-wars#people-1</subject>
      <predicate>http://h2o.consulting/ns/star-wars#species</predicate>
      <object>http://h2o.consulting/ns/star-wars#species-1</object>
   </triple>
   <triple>
      <subject>http://h2o.consulting/ns/star-wars#people-1</subject>
      <predicate>http://h2o.consulting/ns/star-wars#vehicle</predicate>
      <object>http://h2o.consulting/ns/star-wars#vehicle-14</object>
   </triple>
   <triple>
      <subject>http://h2o.consulting/ns/star-wars#people-1</subject>
      <predicate>http://h2o.consulting/ns/star-wars#vehicle</predicate>
      <object>http://h2o.consulting/ns/star-wars#vehicle-30</object>
   </triple>
   <triple>
      <subject>http://h2o.consulting/ns/star-wars#people-1</subject>
      <predicate>http://h2o.consulting/ns/star-wars#starship</predicate>
      <object>http://h2o.consulting/ns/star-wars#starship-12</object>
   </triple>
   <triple>
      <subject>http://h2o.consulting/ns/star-wars#people-1</subject>
      <predicate>http://h2o.consulting/ns/star-wars#starship</predicate>
      <object>http://h2o.consulting/ns/star-wars#starship-22</object>
   </triple>
   <triple>
      <subject>http://h2o.consulting/ns/star-wars#people-1</subject>
      <predicate>http://h2o.consulting/ns/star-wars#created</predicate>
      <object datatype="http://www.w3.org/2001/XMLSchema#dateTime">2014-12-09T13:50:51.644000Z</object>
   </triple>
   <triple>
      <subject>http://h2o.consulting/ns/star-wars#people-1</subject>
      <predicate>http://h2o.consulting/ns/star-wars#edited</predicate>
      <object datatype="http://www.w3.org/2001/XMLSchema#dateTime">2014-12-20T21:17:56.891000Z</object>
   </triple>
   <triple>
      <subject>http://h2o.consulting/ns/star-wars#people-1</subject>
      <predicate>http://h2o.consulting/ns/star-wars#url</predicate>
      <object datatype="http://www.w3.org/2001/XMLSchema#string">http://swapi.co/api/people/1/</object>
   </triple>
   <triple>
      <subject>http://h2o.consulting/ns/star-wars#people-1</subject>
      <predicate>http://h2o.consulting/ns/star-wars#desc</predicate>
      <object datatype="http://www.w3.org/2001/XMLSchema#string">Luke Skywalker is a fictional character and the main protagonist of the original film trilogy of the Star Wars franchise created by George Lucas. The character, portrayed by Mark Hamill, is an important figure in the Rebel Alliance's struggle against the Galactic Empire. He is the twin brother of Rebellion leader Princess Leia Organa of Alderaan, a friend and brother-in-law of smuggler Han Solo, an apprentice to Jedi Masters Obi-Wan "Ben" Kenobi and Yoda, the son of fallen Jedi Anakin Skywalker (Darth Vader) and Queen of Naboo/Republic Senator Padmé Amidala and maternal uncle of Kylo Ren / Ben Solo. The now non-canon Star Wars expanded universe depicts him as a powerful Jedi Master, husband of Mara Jade, the father of Ben Skywalker and maternal uncle of Jaina, Jacen and Anakin Solo.</object>
   </triple>
   <triple>
      <subject>http://h2o.consulting/ns/star-wars#people-1</subject>
      <predicate>http://h2o.consulting/ns/star-wars#desc</predicate>
      <object datatype="http://www.w3.org/2001/XMLSchema#string">In 2015, the character was selected by Empire magazine as the 50th greatest movie character of all time.[2] On their list of the 100 Greatest Fictional Characters, Fandomania.com ranked the character at number 14.[3]</object>
   </triple>
</triples>
