<triples xmlns="http://marklogic.com/semantics">
   <triple>
      <subject>http://h2o.consulting/ns/star-wars#people-14</subject>
      <predicate>http://h2o.consulting/ns/star-wars#name</predicate>
      <object datatype="http://www.w3.org/2001/XMLSchema#string">Han Solo</object>
   </triple>
   <triple>
      <subject>http://h2o.consulting/ns/star-wars#people-14</subject>
      <predicate>http://h2o.consulting/ns/star-wars#height</predicate>
      <object datatype="http://www.w3.org/2001/XMLSchema#string">180</object>
   </triple>
   <triple>
      <subject>http://h2o.consulting/ns/star-wars#people-14</subject>
      <predicate>http://h2o.consulting/ns/star-wars#mass</predicate>
      <object datatype="http://www.w3.org/2001/XMLSchema#string">80</object>
   </triple>
   <triple>
      <subject>http://h2o.consulting/ns/star-wars#people-14</subject>
      <predicate>http://h2o.consulting/ns/star-wars#hair_color</predicate>
      <object datatype="http://www.w3.org/2001/XMLSchema#string">brown</object>
   </triple>
   <triple>
      <subject>http://h2o.consulting/ns/star-wars#people-14</subject>
      <predicate>http://h2o.consulting/ns/star-wars#skin_color</predicate>
      <object datatype="http://www.w3.org/2001/XMLSchema#string">fair</object>
   </triple>
   <triple>
      <subject>http://h2o.consulting/ns/star-wars#people-14</subject>
      <predicate>http://h2o.consulting/ns/star-wars#eye_color</predicate>
      <object datatype="http://www.w3.org/2001/XMLSchema#string">brown</object>
   </triple>
   <triple>
      <subject>http://h2o.consulting/ns/star-wars#people-14</subject>
      <predicate>http://h2o.consulting/ns/star-wars#birth_year</predicate>
      <object datatype="http://www.w3.org/2001/XMLSchema#string">29BBY</object>
   </triple>
   <triple>
      <subject>http://h2o.consulting/ns/star-wars#people-14</subject>
      <predicate>http://h2o.consulting/ns/star-wars#gender</predicate>
      <object datatype="http://www.w3.org/2001/XMLSchema#string">male</object>
   </triple>
   <triple>
      <subject>http://h2o.consulting/ns/star-wars#people-14</subject>
      <predicate>http://h2o.consulting/ns/star-wars#homeworld</predicate>
      <object>http://h2o.consulting/ns/star-wars#planet-22</object>
   </triple>
   <triple>
      <subject>http://h2o.consulting/ns/star-wars#people-14</subject>
      <predicate>http://h2o.consulting/ns/star-wars#film</predicate>
      <object>http://h2o.consulting/ns/star-wars#film-3</object>
   </triple>
   <triple>
      <subject>http://h2o.consulting/ns/star-wars#people-14</subject>
      <predicate>http://h2o.consulting/ns/star-wars#film</predicate>
      <object>http://h2o.consulting/ns/star-wars#film-2</object>
   </triple>
   <triple>
      <subject>http://h2o.consulting/ns/star-wars#people-14</subject>
      <predicate>http://h2o.consulting/ns/star-wars#film</predicate>
      <object>http://h2o.consulting/ns/star-wars#film-1</object>
   </triple>
   <triple>
      <subject>http://h2o.consulting/ns/star-wars#people-14</subject>
      <predicate>http://h2o.consulting/ns/star-wars#film</predicate>
      <object>http://h2o.consulting/ns/star-wars#film-7</object>
   </triple>
   <triple>
      <subject>http://h2o.consulting/ns/star-wars#people-14</subject>
      <predicate>http://h2o.consulting/ns/star-wars#species</predicate>
      <object>http://h2o.consulting/ns/star-wars#species-1</object>
   </triple>
   <triple>
      <subject>http://h2o.consulting/ns/star-wars#people-14</subject>
      <predicate>http://h2o.consulting/ns/star-wars#starship</predicate>
      <object>http://h2o.consulting/ns/star-wars#starship-10</object>
   </triple>
   <triple>
      <subject>http://h2o.consulting/ns/star-wars#people-14</subject>
      <predicate>http://h2o.consulting/ns/star-wars#starship</predicate>
      <object>http://h2o.consulting/ns/star-wars#starship-22</object>
   </triple>
   <triple>
      <subject>http://h2o.consulting/ns/star-wars#people-14</subject>
      <predicate>http://h2o.consulting/ns/star-wars#created</predicate>
      <object datatype="http://www.w3.org/2001/XMLSchema#dateTime">2014-12-10T16:49:14.582000Z</object>
   </triple>
   <triple>
      <subject>http://h2o.consulting/ns/star-wars#people-14</subject>
      <predicate>http://h2o.consulting/ns/star-wars#edited</predicate>
      <object datatype="http://www.w3.org/2001/XMLSchema#dateTime">2014-12-20T21:17:50.334000Z</object>
   </triple>
   <triple>
      <subject>http://h2o.consulting/ns/star-wars#people-14</subject>
      <predicate>http://h2o.consulting/ns/star-wars#url</predicate>
      <object datatype="http://www.w3.org/2001/XMLSchema#string">http://swapi.co/api/people/14/</object>
   </triple>
   <triple>
      <subject>http://h2o.consulting/ns/star-wars#people-14</subject>
      <predicate>http://h2o.consulting/ns/star-wars#desc</predicate>
      <object datatype="http://www.w3.org/2001/XMLSchema#string">Han Solo is a character in the Star Wars franchise. In the original film trilogy, Han and his co-pilot, Chewbacca, became involved in the Rebel Alliance's struggle against the Galactic Empire. During the course of the Star Wars narrative, he becomes a chief figure in the Alliance and succeeding galactic governments. Star Wars creator George Lucas described the character as "a loner who realizes the importance of being part of a group and helping for the common good".[2] Harrison Ford portrayed the character in the original Star Wars trilogy as well as The Force Awakens. Alden Ehrenreich will portray a young Han Solo in Solo: A Star Wars Story.</object>
   </triple>
</triples>
