<triples xmlns="http://marklogic.com/semantics">
   <triple>
      <subject>http://h2o.consulting/ns/star-wars#people-15</subject>
      <predicate>http://h2o.consulting/ns/star-wars#name</predicate>
      <object datatype="http://www.w3.org/2001/XMLSchema#string">Greedo</object>
   </triple>
   <triple>
      <subject>http://h2o.consulting/ns/star-wars#people-15</subject>
      <predicate>http://h2o.consulting/ns/star-wars#height</predicate>
      <object datatype="http://www.w3.org/2001/XMLSchema#string">173</object>
   </triple>
   <triple>
      <subject>http://h2o.consulting/ns/star-wars#people-15</subject>
      <predicate>http://h2o.consulting/ns/star-wars#mass</predicate>
      <object datatype="http://www.w3.org/2001/XMLSchema#string">74</object>
   </triple>
   <triple>
      <subject>http://h2o.consulting/ns/star-wars#people-15</subject>
      <predicate>http://h2o.consulting/ns/star-wars#skin_color</predicate>
      <object datatype="http://www.w3.org/2001/XMLSchema#string">green</object>
   </triple>
   <triple>
      <subject>http://h2o.consulting/ns/star-wars#people-15</subject>
      <predicate>http://h2o.consulting/ns/star-wars#eye_color</predicate>
      <object datatype="http://www.w3.org/2001/XMLSchema#string">black</object>
   </triple>
   <triple>
      <subject>http://h2o.consulting/ns/star-wars#people-15</subject>
      <predicate>http://h2o.consulting/ns/star-wars#birth_year</predicate>
      <object datatype="http://www.w3.org/2001/XMLSchema#string">44BBY</object>
   </triple>
   <triple>
      <subject>http://h2o.consulting/ns/star-wars#people-15</subject>
      <predicate>http://h2o.consulting/ns/star-wars#gender</predicate>
      <object datatype="http://www.w3.org/2001/XMLSchema#string">male</object>
   </triple>
   <triple>
      <subject>http://h2o.consulting/ns/star-wars#people-15</subject>
      <predicate>http://h2o.consulting/ns/star-wars#homeworld</predicate>
      <object>http://h2o.consulting/ns/star-wars#planet-23</object>
   </triple>
   <triple>
      <subject>http://h2o.consulting/ns/star-wars#people-15</subject>
      <predicate>http://h2o.consulting/ns/star-wars#film</predicate>
      <object>http://h2o.consulting/ns/star-wars#film-1</object>
   </triple>
   <triple>
      <subject>http://h2o.consulting/ns/star-wars#people-15</subject>
      <predicate>http://h2o.consulting/ns/star-wars#species</predicate>
      <object>http://h2o.consulting/ns/star-wars#species-4</object>
   </triple>
   <triple>
      <subject>http://h2o.consulting/ns/star-wars#people-15</subject>
      <predicate>http://h2o.consulting/ns/star-wars#created</predicate>
      <object datatype="http://www.w3.org/2001/XMLSchema#dateTime">2014-12-10T17:03:30.334000Z</object>
   </triple>
   <triple>
      <subject>http://h2o.consulting/ns/star-wars#people-15</subject>
      <predicate>http://h2o.consulting/ns/star-wars#edited</predicate>
      <object datatype="http://www.w3.org/2001/XMLSchema#dateTime">2014-12-20T21:17:50.336000Z</object>
   </triple>
   <triple>
      <subject>http://h2o.consulting/ns/star-wars#people-15</subject>
      <predicate>http://h2o.consulting/ns/star-wars#url</predicate>
      <object datatype="http://www.w3.org/2001/XMLSchema#string">http://swapi.co/api/people/15/</object>
   </triple>
   <triple>
      <subject>http://h2o.consulting/ns/star-wars#people-15</subject>
      <predicate>http://h2o.consulting/ns/star-wars#desc</predicate>
      <object datatype="http://www.w3.org/2001/XMLSchema#string">Greedo (or Greedo the Young) is a fictional character from the Star Wars franchise. He is portrayed by Paul Blake as well as Maria De Aragon in some close-in pickup shots in Star Wars (1977). The character is part of a fan controversy known as "Han shot first".</object>
   </triple>
</triples>
