<triples xmlns="http://marklogic.com/semantics">
   <triple>
      <subject>http://h2o.consulting/ns/star-wars#people-24</subject>
      <predicate>http://h2o.consulting/ns/star-wars#name</predicate>
      <object datatype="http://www.w3.org/2001/XMLSchema#string">Bossk</object>
   </triple>
   <triple>
      <subject>http://h2o.consulting/ns/star-wars#people-24</subject>
      <predicate>http://h2o.consulting/ns/star-wars#height</predicate>
      <object datatype="http://www.w3.org/2001/XMLSchema#string">190</object>
   </triple>
   <triple>
      <subject>http://h2o.consulting/ns/star-wars#people-24</subject>
      <predicate>http://h2o.consulting/ns/star-wars#mass</predicate>
      <object datatype="http://www.w3.org/2001/XMLSchema#string">113</object>
   </triple>
   <triple>
      <subject>http://h2o.consulting/ns/star-wars#people-24</subject>
      <predicate>http://h2o.consulting/ns/star-wars#hair_color</predicate>
      <object datatype="http://www.w3.org/2001/XMLSchema#string">none</object>
   </triple>
   <triple>
      <subject>http://h2o.consulting/ns/star-wars#people-24</subject>
      <predicate>http://h2o.consulting/ns/star-wars#skin_color</predicate>
      <object datatype="http://www.w3.org/2001/XMLSchema#string">green</object>
   </triple>
   <triple>
      <subject>http://h2o.consulting/ns/star-wars#people-24</subject>
      <predicate>http://h2o.consulting/ns/star-wars#eye_color</predicate>
      <object datatype="http://www.w3.org/2001/XMLSchema#string">red</object>
   </triple>
   <triple>
      <subject>http://h2o.consulting/ns/star-wars#people-24</subject>
      <predicate>http://h2o.consulting/ns/star-wars#birth_year</predicate>
      <object datatype="http://www.w3.org/2001/XMLSchema#string">53BBY</object>
   </triple>
   <triple>
      <subject>http://h2o.consulting/ns/star-wars#people-24</subject>
      <predicate>http://h2o.consulting/ns/star-wars#gender</predicate>
      <object datatype="http://www.w3.org/2001/XMLSchema#string">male</object>
   </triple>
   <triple>
      <subject>http://h2o.consulting/ns/star-wars#people-24</subject>
      <predicate>http://h2o.consulting/ns/star-wars#homeworld</predicate>
      <object>http://h2o.consulting/ns/star-wars#planet-29</object>
   </triple>
   <triple>
      <subject>http://h2o.consulting/ns/star-wars#people-24</subject>
      <predicate>http://h2o.consulting/ns/star-wars#film</predicate>
      <object>http://h2o.consulting/ns/star-wars#film-2</object>
   </triple>
   <triple>
      <subject>http://h2o.consulting/ns/star-wars#people-24</subject>
      <predicate>http://h2o.consulting/ns/star-wars#species</predicate>
      <object>http://h2o.consulting/ns/star-wars#species-7</object>
   </triple>
   <triple>
      <subject>http://h2o.consulting/ns/star-wars#people-24</subject>
      <predicate>http://h2o.consulting/ns/star-wars#created</predicate>
      <object datatype="http://www.w3.org/2001/XMLSchema#dateTime">2014-12-15T12:53:49.297000Z</object>
   </triple>
   <triple>
      <subject>http://h2o.consulting/ns/star-wars#people-24</subject>
      <predicate>http://h2o.consulting/ns/star-wars#edited</predicate>
      <object datatype="http://www.w3.org/2001/XMLSchema#dateTime">2014-12-20T21:17:50.355000Z</object>
   </triple>
   <triple>
      <subject>http://h2o.consulting/ns/star-wars#people-24</subject>
      <predicate>http://h2o.consulting/ns/star-wars#url</predicate>
      <object datatype="http://www.w3.org/2001/XMLSchema#string">http://swapi.co/api/people/24/</object>
   </triple>
</triples>
