<triples xmlns="http://marklogic.com/semantics">
   <triple>
      <subject>http://h2o.consulting/ns/star-wars#people-25</subject>
      <predicate>http://www.w3.org/1999/02/22-rdf-syntax-ns#type</predicate>
      <object>http://h2o.consulting/ns/star-wars#People</object>
   </triple>
   <triple>
      <subject>http://h2o.consulting/ns/star-wars#people-25</subject>
      <predicate>http://www.w3.org/2000/01/rdf-schema#label</predicate>
      <object datatype="http://www.w3.org/2001/XMLSchema#string">Lando Calrissian</object>
   </triple>
   <triple>
      <subject>http://h2o.consulting/ns/star-wars#people-25</subject>
      <predicate>http://h2o.consulting/ns/star-wars#height</predicate>
      <object datatype="http://www.w3.org/2001/XMLSchema#string">177</object>
   </triple>
   <triple>
      <subject>http://h2o.consulting/ns/star-wars#people-25</subject>
      <predicate>http://h2o.consulting/ns/star-wars#mass</predicate>
      <object datatype="http://www.w3.org/2001/XMLSchema#string">79</object>
   </triple>
   <triple>
      <subject>http://h2o.consulting/ns/star-wars#people-25</subject>
      <predicate>http://h2o.consulting/ns/star-wars#hair_color</predicate>
      <object datatype="http://www.w3.org/2001/XMLSchema#string">black</object>
   </triple>
   <triple>
      <subject>http://h2o.consulting/ns/star-wars#people-25</subject>
      <predicate>http://h2o.consulting/ns/star-wars#skin_color</predicate>
      <object datatype="http://www.w3.org/2001/XMLSchema#string">dark</object>
   </triple>
   <triple>
      <subject>http://h2o.consulting/ns/star-wars#people-25</subject>
      <predicate>http://h2o.consulting/ns/star-wars#eye_color</predicate>
      <object datatype="http://www.w3.org/2001/XMLSchema#string">brown</object>
   </triple>
   <triple>
      <subject>http://h2o.consulting/ns/star-wars#people-25</subject>
      <predicate>http://h2o.consulting/ns/star-wars#birth_year</predicate>
      <object datatype="http://www.w3.org/2001/XMLSchema#string">31BBY</object>
   </triple>
   <triple>
      <subject>http://h2o.consulting/ns/star-wars#people-25</subject>
      <predicate>http://h2o.consulting/ns/star-wars#gender</predicate>
      <object datatype="http://www.w3.org/2001/XMLSchema#string">male</object>
   </triple>
   <triple>
      <subject>http://h2o.consulting/ns/star-wars#people-25</subject>
      <predicate>http://h2o.consulting/ns/star-wars#homeworld</predicate>
      <object>http://h2o.consulting/ns/star-wars#planet-30</object>
   </triple>
   <triple>
      <subject>http://h2o.consulting/ns/star-wars#people-25</subject>
      <predicate>http://h2o.consulting/ns/star-wars#film</predicate>
      <object>http://h2o.consulting/ns/star-wars#film-3</object>
   </triple>
   <triple>
      <subject>http://h2o.consulting/ns/star-wars#people-25</subject>
      <predicate>http://h2o.consulting/ns/star-wars#film</predicate>
      <object>http://h2o.consulting/ns/star-wars#film-2</object>
   </triple>
   <triple>
      <subject>http://h2o.consulting/ns/star-wars#people-25</subject>
      <predicate>http://h2o.consulting/ns/star-wars#species</predicate>
      <object>http://h2o.consulting/ns/star-wars#species-1</object>
   </triple>
   <triple>
      <subject>http://h2o.consulting/ns/star-wars#people-25</subject>
      <predicate>http://h2o.consulting/ns/star-wars#starship</predicate>
      <object>http://h2o.consulting/ns/star-wars#starship-10</object>
   </triple>
   <triple>
      <subject>http://h2o.consulting/ns/star-wars#people-25</subject>
      <predicate>http://h2o.consulting/ns/star-wars#created</predicate>
      <object datatype="http://www.w3.org/2001/XMLSchema#dateTime">2014-12-15T12:56:32.683000Z</object>
   </triple>
   <triple>
      <subject>http://h2o.consulting/ns/star-wars#people-25</subject>
      <predicate>http://h2o.consulting/ns/star-wars#edited</predicate>
      <object datatype="http://www.w3.org/2001/XMLSchema#dateTime">2014-12-20T21:17:50.357000Z</object>
   </triple>
   <triple>
      <subject>http://h2o.consulting/ns/star-wars#people-25</subject>
      <predicate>http://h2o.consulting/ns/star-wars#url</predicate>
      <object datatype="http://www.w3.org/2001/XMLSchema#string">http://swapi.co/api/people/25/</object>
   </triple>
   <triple>
      <subject>http://h2o.consulting/ns/star-wars#people-25</subject>
      <predicate>http://h2o.consulting/ns/star-wars#desc</predicate>
      <object datatype="http://www.w3.org/2001/XMLSchema#string">Lando Calrissian is a fictional character in the Star Wars franchise. He is portrayed by Billy Dee Williams in The Empire Strikes Back and Return of the Jedi, and will be played by Donald Glover in the upcoming standalone film, Solo: A Star Wars Story.[1] He also appears frequently in the Star Wars expanded universe of novels, comic books and video games, including a series of novels in which he is the protagonist.</object>
   </triple>
</triples>
