<triples xmlns="http://marklogic.com/semantics">
   <triple>
      <subject>http://h2o.consulting/ns/star-wars#people-27</subject>
      <predicate>http://h2o.consulting/ns/star-wars#name</predicate>
      <object datatype="http://www.w3.org/2001/XMLSchema#string">Ackbar</object>
   </triple>
   <triple>
      <subject>http://h2o.consulting/ns/star-wars#people-27</subject>
      <predicate>http://h2o.consulting/ns/star-wars#height</predicate>
      <object datatype="http://www.w3.org/2001/XMLSchema#string">180</object>
   </triple>
   <triple>
      <subject>http://h2o.consulting/ns/star-wars#people-27</subject>
      <predicate>http://h2o.consulting/ns/star-wars#mass</predicate>
      <object datatype="http://www.w3.org/2001/XMLSchema#string">83</object>
   </triple>
   <triple>
      <subject>http://h2o.consulting/ns/star-wars#people-27</subject>
      <predicate>http://h2o.consulting/ns/star-wars#hair_color</predicate>
      <object datatype="http://www.w3.org/2001/XMLSchema#string">none</object>
   </triple>
   <triple>
      <subject>http://h2o.consulting/ns/star-wars#people-27</subject>
      <predicate>http://h2o.consulting/ns/star-wars#skin_color</predicate>
      <object datatype="http://www.w3.org/2001/XMLSchema#string">brown mottle</object>
   </triple>
   <triple>
      <subject>http://h2o.consulting/ns/star-wars#people-27</subject>
      <predicate>http://h2o.consulting/ns/star-wars#eye_color</predicate>
      <object datatype="http://www.w3.org/2001/XMLSchema#string">orange</object>
   </triple>
   <triple>
      <subject>http://h2o.consulting/ns/star-wars#people-27</subject>
      <predicate>http://h2o.consulting/ns/star-wars#birth_year</predicate>
      <object datatype="http://www.w3.org/2001/XMLSchema#string">41BBY</object>
   </triple>
   <triple>
      <subject>http://h2o.consulting/ns/star-wars#people-27</subject>
      <predicate>http://h2o.consulting/ns/star-wars#gender</predicate>
      <object datatype="http://www.w3.org/2001/XMLSchema#string">male</object>
   </triple>
   <triple>
      <subject>http://h2o.consulting/ns/star-wars#people-27</subject>
      <predicate>http://h2o.consulting/ns/star-wars#homeworld</predicate>
      <object>http://h2o.consulting/ns/star-wars#planet-31</object>
   </triple>
   <triple>
      <subject>http://h2o.consulting/ns/star-wars#people-27</subject>
      <predicate>http://h2o.consulting/ns/star-wars#film</predicate>
      <object>http://h2o.consulting/ns/star-wars#film-3</object>
   </triple>
   <triple>
      <subject>http://h2o.consulting/ns/star-wars#people-27</subject>
      <predicate>http://h2o.consulting/ns/star-wars#film</predicate>
      <object>http://h2o.consulting/ns/star-wars#film-7</object>
   </triple>
   <triple>
      <subject>http://h2o.consulting/ns/star-wars#people-27</subject>
      <predicate>http://h2o.consulting/ns/star-wars#species</predicate>
      <object>http://h2o.consulting/ns/star-wars#species-8</object>
   </triple>
   <triple>
      <subject>http://h2o.consulting/ns/star-wars#people-27</subject>
      <predicate>http://h2o.consulting/ns/star-wars#created</predicate>
      <object datatype="http://www.w3.org/2001/XMLSchema#dateTime">2014-12-18T11:07:50.584000Z</object>
   </triple>
   <triple>
      <subject>http://h2o.consulting/ns/star-wars#people-27</subject>
      <predicate>http://h2o.consulting/ns/star-wars#edited</predicate>
      <object datatype="http://www.w3.org/2001/XMLSchema#dateTime">2014-12-20T21:17:50.362000Z</object>
   </triple>
   <triple>
      <subject>http://h2o.consulting/ns/star-wars#people-27</subject>
      <predicate>http://h2o.consulting/ns/star-wars#url</predicate>
      <object datatype="http://www.w3.org/2001/XMLSchema#string">http://swapi.co/api/people/27/</object>
   </triple>
</triples>
