<triples xmlns="http://marklogic.com/semantics">
   <triple>
      <subject>http://h2o.consulting/ns/star-wars#people-30</subject>
      <predicate>http://h2o.consulting/ns/star-wars#name</predicate>
      <object datatype="http://www.w3.org/2001/XMLSchema#string">Wicket Systri Warrick</object>
   </triple>
   <triple>
      <subject>http://h2o.consulting/ns/star-wars#people-30</subject>
      <predicate>http://h2o.consulting/ns/star-wars#height</predicate>
      <object datatype="http://www.w3.org/2001/XMLSchema#string">88</object>
   </triple>
   <triple>
      <subject>http://h2o.consulting/ns/star-wars#people-30</subject>
      <predicate>http://h2o.consulting/ns/star-wars#mass</predicate>
      <object datatype="http://www.w3.org/2001/XMLSchema#string">20</object>
   </triple>
   <triple>
      <subject>http://h2o.consulting/ns/star-wars#people-30</subject>
      <predicate>http://h2o.consulting/ns/star-wars#hair_color</predicate>
      <object datatype="http://www.w3.org/2001/XMLSchema#string">brown</object>
   </triple>
   <triple>
      <subject>http://h2o.consulting/ns/star-wars#people-30</subject>
      <predicate>http://h2o.consulting/ns/star-wars#skin_color</predicate>
      <object datatype="http://www.w3.org/2001/XMLSchema#string">brown</object>
   </triple>
   <triple>
      <subject>http://h2o.consulting/ns/star-wars#people-30</subject>
      <predicate>http://h2o.consulting/ns/star-wars#eye_color</predicate>
      <object datatype="http://www.w3.org/2001/XMLSchema#string">brown</object>
   </triple>
   <triple>
      <subject>http://h2o.consulting/ns/star-wars#people-30</subject>
      <predicate>http://h2o.consulting/ns/star-wars#birth_year</predicate>
      <object datatype="http://www.w3.org/2001/XMLSchema#string">8BBY</object>
   </triple>
   <triple>
      <subject>http://h2o.consulting/ns/star-wars#people-30</subject>
      <predicate>http://h2o.consulting/ns/star-wars#gender</predicate>
      <object datatype="http://www.w3.org/2001/XMLSchema#string">male</object>
   </triple>
   <triple>
      <subject>http://h2o.consulting/ns/star-wars#people-30</subject>
      <predicate>http://h2o.consulting/ns/star-wars#homeworld</predicate>
      <object>http://h2o.consulting/ns/star-wars#planet-7</object>
   </triple>
   <triple>
      <subject>http://h2o.consulting/ns/star-wars#people-30</subject>
      <predicate>http://h2o.consulting/ns/star-wars#film</predicate>
      <object>http://h2o.consulting/ns/star-wars#film-3</object>
   </triple>
   <triple>
      <subject>http://h2o.consulting/ns/star-wars#people-30</subject>
      <predicate>http://h2o.consulting/ns/star-wars#species</predicate>
      <object>http://h2o.consulting/ns/star-wars#species-9</object>
   </triple>
   <triple>
      <subject>http://h2o.consulting/ns/star-wars#people-30</subject>
      <predicate>http://h2o.consulting/ns/star-wars#created</predicate>
      <object datatype="http://www.w3.org/2001/XMLSchema#dateTime">2014-12-18T11:21:58.954000Z</object>
   </triple>
   <triple>
      <subject>http://h2o.consulting/ns/star-wars#people-30</subject>
      <predicate>http://h2o.consulting/ns/star-wars#edited</predicate>
      <object datatype="http://www.w3.org/2001/XMLSchema#dateTime">2014-12-20T21:17:50.369000Z</object>
   </triple>
   <triple>
      <subject>http://h2o.consulting/ns/star-wars#people-30</subject>
      <predicate>http://h2o.consulting/ns/star-wars#url</predicate>
      <object datatype="http://www.w3.org/2001/XMLSchema#string">http://swapi.co/api/people/30/</object>
   </triple>
</triples>
