<triples xmlns="http://marklogic.com/semantics">
   <triple>
      <subject>http://h2o.consulting/ns/star-wars#people-36</subject>
      <predicate>http://www.w3.org/1999/02/22-rdf-syntax-ns#type</predicate>
      <object>http://h2o.consulting/ns/star-wars#People</object>
   </triple>
   <triple>
      <subject>http://h2o.consulting/ns/star-wars#people-36</subject>
      <predicate>http://www.w3.org/2000/01/rdf-schema#label</predicate>
      <object datatype="http://www.w3.org/2001/XMLSchema#string">Jar Jar Binks</object>
   </triple>
   <triple>
      <subject>http://h2o.consulting/ns/star-wars#people-36</subject>
      <predicate>http://h2o.consulting/ns/star-wars#height</predicate>
      <object datatype="http://www.w3.org/2001/XMLSchema#string">196</object>
   </triple>
   <triple>
      <subject>http://h2o.consulting/ns/star-wars#people-36</subject>
      <predicate>http://h2o.consulting/ns/star-wars#mass</predicate>
      <object datatype="http://www.w3.org/2001/XMLSchema#string">66</object>
   </triple>
   <triple>
      <subject>http://h2o.consulting/ns/star-wars#people-36</subject>
      <predicate>http://h2o.consulting/ns/star-wars#hair_color</predicate>
      <object datatype="http://www.w3.org/2001/XMLSchema#string">none</object>
   </triple>
   <triple>
      <subject>http://h2o.consulting/ns/star-wars#people-36</subject>
      <predicate>http://h2o.consulting/ns/star-wars#skin_color</predicate>
      <object datatype="http://www.w3.org/2001/XMLSchema#string">orange</object>
   </triple>
   <triple>
      <subject>http://h2o.consulting/ns/star-wars#people-36</subject>
      <predicate>http://h2o.consulting/ns/star-wars#eye_color</predicate>
      <object datatype="http://www.w3.org/2001/XMLSchema#string">orange</object>
   </triple>
   <triple>
      <subject>http://h2o.consulting/ns/star-wars#people-36</subject>
      <predicate>http://h2o.consulting/ns/star-wars#birth_year</predicate>
      <object datatype="http://www.w3.org/2001/XMLSchema#string">52BBY</object>
   </triple>
   <triple>
      <subject>http://h2o.consulting/ns/star-wars#people-36</subject>
      <predicate>http://h2o.consulting/ns/star-wars#gender</predicate>
      <object datatype="http://www.w3.org/2001/XMLSchema#string">male</object>
   </triple>
   <triple>
      <subject>http://h2o.consulting/ns/star-wars#people-36</subject>
      <predicate>http://h2o.consulting/ns/star-wars#homeworld</predicate>
      <object>http://h2o.consulting/ns/star-wars#planet-8</object>
   </triple>
   <triple>
      <subject>http://h2o.consulting/ns/star-wars#people-36</subject>
      <predicate>http://h2o.consulting/ns/star-wars#film</predicate>
      <object>http://h2o.consulting/ns/star-wars#film-5</object>
   </triple>
   <triple>
      <subject>http://h2o.consulting/ns/star-wars#people-36</subject>
      <predicate>http://h2o.consulting/ns/star-wars#film</predicate>
      <object>http://h2o.consulting/ns/star-wars#film-4</object>
   </triple>
   <triple>
      <subject>http://h2o.consulting/ns/star-wars#people-36</subject>
      <predicate>http://h2o.consulting/ns/star-wars#species</predicate>
      <object>http://h2o.consulting/ns/star-wars#species-12</object>
   </triple>
   <triple>
      <subject>http://h2o.consulting/ns/star-wars#people-36</subject>
      <predicate>http://h2o.consulting/ns/star-wars#created</predicate>
      <object datatype="http://www.w3.org/2001/XMLSchema#dateTime">2014-12-19T17:29:32.489000Z</object>
   </triple>
   <triple>
      <subject>http://h2o.consulting/ns/star-wars#people-36</subject>
      <predicate>http://h2o.consulting/ns/star-wars#edited</predicate>
      <object datatype="http://www.w3.org/2001/XMLSchema#dateTime">2014-12-20T21:17:50.383000Z</object>
   </triple>
   <triple>
      <subject>http://h2o.consulting/ns/star-wars#people-36</subject>
      <predicate>http://h2o.consulting/ns/star-wars#url</predicate>
      <object datatype="http://www.w3.org/2001/XMLSchema#string">http://swapi.co/api/people/36/</object>
   </triple>
   <triple>
      <subject>http://h2o.consulting/ns/star-wars#people-36</subject>
      <predicate>http://h2o.consulting/ns/star-wars#desc</predicate>
      <object datatype="http://www.w3.org/2001/XMLSchema#string">Jar Jar Binks is a fictional character from the Star Wars saga created by George Lucas. A major character in Star Wars: Episode I – The Phantom Menace, he also has a smaller role in Episode II: Attack of the Clones, and a one-line cameo in Episode III: Revenge of the Sith, as well as a role in the television series Star Wars: The Clone Wars. The first lead computer generated character of the franchise, he has been portrayed by Ahmed Best in most of his appearances.</object>
   </triple>
   <triple>
      <subject>http://h2o.consulting/ns/star-wars#people-36</subject>
      <predicate>http://h2o.consulting/ns/star-wars#desc</predicate>
      <object datatype="http://www.w3.org/2001/XMLSchema#string">Jar Jar's primary role in Episode I was to provide comic relief for the audience. Upon the movie's release, he was met with an overwhelmingly negative reception from both critics and audiences, and is today considered one of the most hated characters in the history of film.[1][2]</object>
   </triple>
</triples>
