<triples xmlns="http://marklogic.com/semantics">
   <triple>
      <subject>http://h2o.consulting/ns/star-wars#people-39</subject>
      <predicate>http://www.w3.org/1999/02/22-rdf-syntax-ns#type</predicate>
      <object>http://h2o.consulting/ns/star-wars#People</object>
   </triple>
   <triple>
      <subject>http://h2o.consulting/ns/star-wars#people-39</subject>
      <predicate>http://www.w3.org/2000/01/rdf-schema#label</predicate>
      <object datatype="http://www.w3.org/2001/XMLSchema#string">Ric Olié</object>
   </triple>
   <triple>
      <subject>http://h2o.consulting/ns/star-wars#people-39</subject>
      <predicate>http://h2o.consulting/ns/star-wars#height</predicate>
      <object datatype="http://www.w3.org/2001/XMLSchema#string">183</object>
   </triple>
   <triple>
      <subject>http://h2o.consulting/ns/star-wars#people-39</subject>
      <predicate>http://h2o.consulting/ns/star-wars#hair_color</predicate>
      <object datatype="http://www.w3.org/2001/XMLSchema#string">brown</object>
   </triple>
   <triple>
      <subject>http://h2o.consulting/ns/star-wars#people-39</subject>
      <predicate>http://h2o.consulting/ns/star-wars#skin_color</predicate>
      <object datatype="http://www.w3.org/2001/XMLSchema#string">fair</object>
   </triple>
   <triple>
      <subject>http://h2o.consulting/ns/star-wars#people-39</subject>
      <predicate>http://h2o.consulting/ns/star-wars#eye_color</predicate>
      <object datatype="http://www.w3.org/2001/XMLSchema#string">blue</object>
   </triple>
   <triple>
      <subject>http://h2o.consulting/ns/star-wars#people-39</subject>
      <predicate>http://h2o.consulting/ns/star-wars#gender</predicate>
      <object datatype="http://www.w3.org/2001/XMLSchema#string">male</object>
   </triple>
   <triple>
      <subject>http://h2o.consulting/ns/star-wars#people-39</subject>
      <predicate>http://h2o.consulting/ns/star-wars#homeworld</predicate>
      <object>http://h2o.consulting/ns/star-wars#planet-8</object>
   </triple>
   <triple>
      <subject>http://h2o.consulting/ns/star-wars#people-39</subject>
      <predicate>http://h2o.consulting/ns/star-wars#film</predicate>
      <object>http://h2o.consulting/ns/star-wars#film-4</object>
   </triple>
   <triple>
      <subject>http://h2o.consulting/ns/star-wars#people-39</subject>
      <predicate>http://h2o.consulting/ns/star-wars#starship</predicate>
      <object>http://h2o.consulting/ns/star-wars#starship-40</object>
   </triple>
   <triple>
      <subject>http://h2o.consulting/ns/star-wars#people-39</subject>
      <predicate>http://h2o.consulting/ns/star-wars#created</predicate>
      <object datatype="http://www.w3.org/2001/XMLSchema#dateTime">2014-12-19T17:45:01.522000Z</object>
   </triple>
   <triple>
      <subject>http://h2o.consulting/ns/star-wars#people-39</subject>
      <predicate>http://h2o.consulting/ns/star-wars#edited</predicate>
      <object datatype="http://www.w3.org/2001/XMLSchema#dateTime">2014-12-20T21:17:50.392000Z</object>
   </triple>
   <triple>
      <subject>http://h2o.consulting/ns/star-wars#people-39</subject>
      <predicate>http://h2o.consulting/ns/star-wars#url</predicate>
      <object datatype="http://www.w3.org/2001/XMLSchema#string">http://swapi.co/api/people/39/</object>
   </triple>
</triples>
