<triples xmlns="http://marklogic.com/semantics">
   <triple>
      <subject>http://h2o.consulting/ns/star-wars#people-41</subject>
      <predicate>http://h2o.consulting/ns/star-wars#name</predicate>
      <object datatype="http://www.w3.org/2001/XMLSchema#string">Sebulba</object>
   </triple>
   <triple>
      <subject>http://h2o.consulting/ns/star-wars#people-41</subject>
      <predicate>http://h2o.consulting/ns/star-wars#height</predicate>
      <object datatype="http://www.w3.org/2001/XMLSchema#string">112</object>
   </triple>
   <triple>
      <subject>http://h2o.consulting/ns/star-wars#people-41</subject>
      <predicate>http://h2o.consulting/ns/star-wars#mass</predicate>
      <object datatype="http://www.w3.org/2001/XMLSchema#string">40</object>
   </triple>
   <triple>
      <subject>http://h2o.consulting/ns/star-wars#people-41</subject>
      <predicate>http://h2o.consulting/ns/star-wars#hair_color</predicate>
      <object datatype="http://www.w3.org/2001/XMLSchema#string">none</object>
   </triple>
   <triple>
      <subject>http://h2o.consulting/ns/star-wars#people-41</subject>
      <predicate>http://h2o.consulting/ns/star-wars#skin_color</predicate>
      <object datatype="http://www.w3.org/2001/XMLSchema#string">grey, red</object>
   </triple>
   <triple>
      <subject>http://h2o.consulting/ns/star-wars#people-41</subject>
      <predicate>http://h2o.consulting/ns/star-wars#eye_color</predicate>
      <object datatype="http://www.w3.org/2001/XMLSchema#string">orange</object>
   </triple>
   <triple>
      <subject>http://h2o.consulting/ns/star-wars#people-41</subject>
      <predicate>http://h2o.consulting/ns/star-wars#gender</predicate>
      <object datatype="http://www.w3.org/2001/XMLSchema#string">male</object>
   </triple>
   <triple>
      <subject>http://h2o.consulting/ns/star-wars#people-41</subject>
      <predicate>http://h2o.consulting/ns/star-wars#homeworld</predicate>
      <object>http://h2o.consulting/ns/star-wars#planet-35</object>
   </triple>
   <triple>
      <subject>http://h2o.consulting/ns/star-wars#people-41</subject>
      <predicate>http://h2o.consulting/ns/star-wars#film</predicate>
      <object>http://h2o.consulting/ns/star-wars#film-4</object>
   </triple>
   <triple>
      <subject>http://h2o.consulting/ns/star-wars#people-41</subject>
      <predicate>http://h2o.consulting/ns/star-wars#species</predicate>
      <object>http://h2o.consulting/ns/star-wars#species-14</object>
   </triple>
   <triple>
      <subject>http://h2o.consulting/ns/star-wars#people-41</subject>
      <predicate>http://h2o.consulting/ns/star-wars#created</predicate>
      <object datatype="http://www.w3.org/2001/XMLSchema#dateTime">2014-12-19T17:53:02.586000Z</object>
   </triple>
   <triple>
      <subject>http://h2o.consulting/ns/star-wars#people-41</subject>
      <predicate>http://h2o.consulting/ns/star-wars#edited</predicate>
      <object datatype="http://www.w3.org/2001/XMLSchema#dateTime">2014-12-20T21:17:50.397000Z</object>
   </triple>
   <triple>
      <subject>http://h2o.consulting/ns/star-wars#people-41</subject>
      <predicate>http://h2o.consulting/ns/star-wars#url</predicate>
      <object datatype="http://www.w3.org/2001/XMLSchema#string">http://swapi.co/api/people/41/</object>
   </triple>
</triples>
