<triples xmlns="http://marklogic.com/semantics">
   <triple>
      <subject>http://h2o.consulting/ns/star-wars#people-44</subject>
      <predicate>http://h2o.consulting/ns/star-wars#name</predicate>
      <object datatype="http://www.w3.org/2001/XMLSchema#string">Darth Maul</object>
   </triple>
   <triple>
      <subject>http://h2o.consulting/ns/star-wars#people-44</subject>
      <predicate>http://h2o.consulting/ns/star-wars#height</predicate>
      <object datatype="http://www.w3.org/2001/XMLSchema#string">175</object>
   </triple>
   <triple>
      <subject>http://h2o.consulting/ns/star-wars#people-44</subject>
      <predicate>http://h2o.consulting/ns/star-wars#mass</predicate>
      <object datatype="http://www.w3.org/2001/XMLSchema#string">80</object>
   </triple>
   <triple>
      <subject>http://h2o.consulting/ns/star-wars#people-44</subject>
      <predicate>http://h2o.consulting/ns/star-wars#hair_color</predicate>
      <object datatype="http://www.w3.org/2001/XMLSchema#string">none</object>
   </triple>
   <triple>
      <subject>http://h2o.consulting/ns/star-wars#people-44</subject>
      <predicate>http://h2o.consulting/ns/star-wars#skin_color</predicate>
      <object datatype="http://www.w3.org/2001/XMLSchema#string">red</object>
   </triple>
   <triple>
      <subject>http://h2o.consulting/ns/star-wars#people-44</subject>
      <predicate>http://h2o.consulting/ns/star-wars#eye_color</predicate>
      <object datatype="http://www.w3.org/2001/XMLSchema#string">yellow</object>
   </triple>
   <triple>
      <subject>http://h2o.consulting/ns/star-wars#people-44</subject>
      <predicate>http://h2o.consulting/ns/star-wars#birth_year</predicate>
      <object datatype="http://www.w3.org/2001/XMLSchema#string">54BBY</object>
   </triple>
   <triple>
      <subject>http://h2o.consulting/ns/star-wars#people-44</subject>
      <predicate>http://h2o.consulting/ns/star-wars#gender</predicate>
      <object datatype="http://www.w3.org/2001/XMLSchema#string">male</object>
   </triple>
   <triple>
      <subject>http://h2o.consulting/ns/star-wars#people-44</subject>
      <predicate>http://h2o.consulting/ns/star-wars#homeworld</predicate>
      <object>http://h2o.consulting/ns/star-wars#planet-36</object>
   </triple>
   <triple>
      <subject>http://h2o.consulting/ns/star-wars#people-44</subject>
      <predicate>http://h2o.consulting/ns/star-wars#film</predicate>
      <object>http://h2o.consulting/ns/star-wars#film-4</object>
   </triple>
   <triple>
      <subject>http://h2o.consulting/ns/star-wars#people-44</subject>
      <predicate>http://h2o.consulting/ns/star-wars#species</predicate>
      <object>http://h2o.consulting/ns/star-wars#species-22</object>
   </triple>
   <triple>
      <subject>http://h2o.consulting/ns/star-wars#people-44</subject>
      <predicate>http://h2o.consulting/ns/star-wars#vehicle</predicate>
      <object>http://h2o.consulting/ns/star-wars#vehicle-42</object>
   </triple>
   <triple>
      <subject>http://h2o.consulting/ns/star-wars#people-44</subject>
      <predicate>http://h2o.consulting/ns/star-wars#starship</predicate>
      <object>http://h2o.consulting/ns/star-wars#starship-41</object>
   </triple>
   <triple>
      <subject>http://h2o.consulting/ns/star-wars#people-44</subject>
      <predicate>http://h2o.consulting/ns/star-wars#created</predicate>
      <object datatype="http://www.w3.org/2001/XMLSchema#dateTime">2014-12-19T18:00:41.929000Z</object>
   </triple>
   <triple>
      <subject>http://h2o.consulting/ns/star-wars#people-44</subject>
      <predicate>http://h2o.consulting/ns/star-wars#edited</predicate>
      <object datatype="http://www.w3.org/2001/XMLSchema#dateTime">2014-12-20T21:17:50.403000Z</object>
   </triple>
   <triple>
      <subject>http://h2o.consulting/ns/star-wars#people-44</subject>
      <predicate>http://h2o.consulting/ns/star-wars#url</predicate>
      <object datatype="http://www.w3.org/2001/XMLSchema#string">http://swapi.co/api/people/44/</object>
   </triple>
   <triple>
      <subject>http://h2o.consulting/ns/star-wars#people-44</subject>
      <predicate>http://h2o.consulting/ns/star-wars#desc</predicate>
      <object datatype="http://www.w3.org/2001/XMLSchema#string">Darth Maul, later known simply as Maul, is a fictional character in the Star Wars franchise. Trained as Darth Sidious's first apprentice, he serves as a Sith Lord and a master of wielding a double-bladed lightsaber. He first appears in Star Wars: Episode I – The Phantom Menace (portrayed by Ray Park and voiced by Peter Serafinowicz), and later makes appearances in Star Wars: The Clone Wars and Star Wars Rebels, voiced by Samuel Witwer.</object>
   </triple>
</triples>
