<triples xmlns="http://marklogic.com/semantics">
   <triple>
      <subject>http://h2o.consulting/ns/star-wars#people-5</subject>
      <predicate>http://h2o.consulting/ns/star-wars#name</predicate>
      <object datatype="http://www.w3.org/2001/XMLSchema#string">Leia Organa</object>
   </triple>
   <triple>
      <subject>http://h2o.consulting/ns/star-wars#people-5</subject>
      <predicate>http://h2o.consulting/ns/star-wars#height</predicate>
      <object datatype="http://www.w3.org/2001/XMLSchema#string">150</object>
   </triple>
   <triple>
      <subject>http://h2o.consulting/ns/star-wars#people-5</subject>
      <predicate>http://h2o.consulting/ns/star-wars#mass</predicate>
      <object datatype="http://www.w3.org/2001/XMLSchema#string">49</object>
   </triple>
   <triple>
      <subject>http://h2o.consulting/ns/star-wars#people-5</subject>
      <predicate>http://h2o.consulting/ns/star-wars#hair_color</predicate>
      <object datatype="http://www.w3.org/2001/XMLSchema#string">brown</object>
   </triple>
   <triple>
      <subject>http://h2o.consulting/ns/star-wars#people-5</subject>
      <predicate>http://h2o.consulting/ns/star-wars#skin_color</predicate>
      <object datatype="http://www.w3.org/2001/XMLSchema#string">light</object>
   </triple>
   <triple>
      <subject>http://h2o.consulting/ns/star-wars#people-5</subject>
      <predicate>http://h2o.consulting/ns/star-wars#eye_color</predicate>
      <object datatype="http://www.w3.org/2001/XMLSchema#string">brown</object>
   </triple>
   <triple>
      <subject>http://h2o.consulting/ns/star-wars#people-5</subject>
      <predicate>http://h2o.consulting/ns/star-wars#birth_year</predicate>
      <object datatype="http://www.w3.org/2001/XMLSchema#string">19BBY</object>
   </triple>
   <triple>
      <subject>http://h2o.consulting/ns/star-wars#people-5</subject>
      <predicate>http://h2o.consulting/ns/star-wars#gender</predicate>
      <object datatype="http://www.w3.org/2001/XMLSchema#string">female</object>
   </triple>
   <triple>
      <subject>http://h2o.consulting/ns/star-wars#people-5</subject>
      <predicate>http://h2o.consulting/ns/star-wars#homeworld</predicate>
      <object>http://h2o.consulting/ns/star-wars#planet-2</object>
   </triple>
   <triple>
      <subject>http://h2o.consulting/ns/star-wars#people-5</subject>
      <predicate>http://h2o.consulting/ns/star-wars#film</predicate>
      <object>http://h2o.consulting/ns/star-wars#film-6</object>
   </triple>
   <triple>
      <subject>http://h2o.consulting/ns/star-wars#people-5</subject>
      <predicate>http://h2o.consulting/ns/star-wars#film</predicate>
      <object>http://h2o.consulting/ns/star-wars#film-3</object>
   </triple>
   <triple>
      <subject>http://h2o.consulting/ns/star-wars#people-5</subject>
      <predicate>http://h2o.consulting/ns/star-wars#film</predicate>
      <object>http://h2o.consulting/ns/star-wars#film-2</object>
   </triple>
   <triple>
      <subject>http://h2o.consulting/ns/star-wars#people-5</subject>
      <predicate>http://h2o.consulting/ns/star-wars#film</predicate>
      <object>http://h2o.consulting/ns/star-wars#film-1</object>
   </triple>
   <triple>
      <subject>http://h2o.consulting/ns/star-wars#people-5</subject>
      <predicate>http://h2o.consulting/ns/star-wars#film</predicate>
      <object>http://h2o.consulting/ns/star-wars#film-7</object>
   </triple>
   <triple>
      <subject>http://h2o.consulting/ns/star-wars#people-5</subject>
      <predicate>http://h2o.consulting/ns/star-wars#species</predicate>
      <object>http://h2o.consulting/ns/star-wars#species-1</object>
   </triple>
   <triple>
      <subject>http://h2o.consulting/ns/star-wars#people-5</subject>
      <predicate>http://h2o.consulting/ns/star-wars#vehicle</predicate>
      <object>http://h2o.consulting/ns/star-wars#vehicle-30</object>
   </triple>
   <triple>
      <subject>http://h2o.consulting/ns/star-wars#people-5</subject>
      <predicate>http://h2o.consulting/ns/star-wars#created</predicate>
      <object datatype="http://www.w3.org/2001/XMLSchema#dateTime">2014-12-10T15:20:09.791000Z</object>
   </triple>
   <triple>
      <subject>http://h2o.consulting/ns/star-wars#people-5</subject>
      <predicate>http://h2o.consulting/ns/star-wars#edited</predicate>
      <object datatype="http://www.w3.org/2001/XMLSchema#dateTime">2014-12-20T21:17:50.315000Z</object>
   </triple>
   <triple>
      <subject>http://h2o.consulting/ns/star-wars#people-5</subject>
      <predicate>http://h2o.consulting/ns/star-wars#url</predicate>
      <object datatype="http://www.w3.org/2001/XMLSchema#string">http://swapi.co/api/people/5/</object>
   </triple>
   <triple>
      <subject>http://h2o.consulting/ns/star-wars#people-5</subject>
      <predicate>http://h2o.consulting/ns/star-wars#desc</predicate>
      <object datatype="http://www.w3.org/2001/XMLSchema#string">Princess Leia Organa of Alderaan (also Senator Leia Organa or General Leia Organa) is a fictional character in the Star Wars franchise, portrayed in films by Carrie Fisher. Introduced in the original Star Wars film in 1977, Leia is princess of the planet Alderaan, a member of the Imperial Senate and an agent of the Rebel Alliance. She thwarts the sinister Sith Lord Darth Vader and helps bring about the destruction of the Empire's cataclysmic superweapon, the Death Star. In The Empire Strikes Back (1980), Leia commands a Rebel base and evades Vader as she falls in love with the smuggler, Han Solo. In Return of the Jedi (1983), Leia leads the operation to rescue Han from the crime lord Jabba the Hutt, and is revealed to be Vader's daughter and the twin sister of Luke Skywalker. The prequel film Revenge of the Sith (2005) establishes that the twins' mother is Senator (and former queen) Padmé Amidala of Naboo, who dies after childbirth. Leia is adopted by Senator Bail and Queen Breha Organa of Alderaan. In The Force Awakens (2015), Leia is the founder and General of the Resistance against the First Order and has a son with Han named Ben, who goes by the name Kylo Ren.</object>
   </triple>
   <triple>
      <subject>http://h2o.consulting/ns/star-wars#people-5</subject>
      <predicate>http://h2o.consulting/ns/star-wars#desc</predicate>
      <object datatype="http://www.w3.org/2001/XMLSchema#string">In the original Star Wars expanded universe (1977–2014) of novels, comics and video games, which are set in an alternate continuity, Leia continues her adventures with Han and Luke after Return of the Jedi, fighting Imperial resurgences and new threats to the galaxy. She becomes the Chief of State of the New Republic and a Jedi Master, and is the mother to three children by Han: Jaina, Jacen and Anakin Solo.</object>
   </triple>
   <triple>
      <subject>http://h2o.consulting/ns/star-wars#people-5</subject>
      <predicate>http://h2o.consulting/ns/star-wars#desc</predicate>
      <object datatype="http://www.w3.org/2001/XMLSchema#string">One of the more popular Star Wars characters, Leia has been called a 1980s icon, a feminist hero and model for other adventure heroines. She has appeared in many derivative works and merchandising, and has been referenced or parodied in several TV shows and films. Her "cinnamon buns" hairstyle from Star Wars (1977) and metal bikini from Return of the Jedi have become cultural icons.</object>
   </triple>
</triples>
