<triples xmlns="http://marklogic.com/semantics">
   <triple>
      <subject>http://h2o.consulting/ns/star-wars#people-58</subject>
      <predicate>http://h2o.consulting/ns/star-wars#name</predicate>
      <object datatype="http://www.w3.org/2001/XMLSchema#string">Plo Koon</object>
   </triple>
   <triple>
      <subject>http://h2o.consulting/ns/star-wars#people-58</subject>
      <predicate>http://h2o.consulting/ns/star-wars#height</predicate>
      <object datatype="http://www.w3.org/2001/XMLSchema#string">188</object>
   </triple>
   <triple>
      <subject>http://h2o.consulting/ns/star-wars#people-58</subject>
      <predicate>http://h2o.consulting/ns/star-wars#mass</predicate>
      <object datatype="http://www.w3.org/2001/XMLSchema#string">80</object>
   </triple>
   <triple>
      <subject>http://h2o.consulting/ns/star-wars#people-58</subject>
      <predicate>http://h2o.consulting/ns/star-wars#hair_color</predicate>
      <object datatype="http://www.w3.org/2001/XMLSchema#string">none</object>
   </triple>
   <triple>
      <subject>http://h2o.consulting/ns/star-wars#people-58</subject>
      <predicate>http://h2o.consulting/ns/star-wars#skin_color</predicate>
      <object datatype="http://www.w3.org/2001/XMLSchema#string">orange</object>
   </triple>
   <triple>
      <subject>http://h2o.consulting/ns/star-wars#people-58</subject>
      <predicate>http://h2o.consulting/ns/star-wars#eye_color</predicate>
      <object datatype="http://www.w3.org/2001/XMLSchema#string">black</object>
   </triple>
   <triple>
      <subject>http://h2o.consulting/ns/star-wars#people-58</subject>
      <predicate>http://h2o.consulting/ns/star-wars#birth_year</predicate>
      <object datatype="http://www.w3.org/2001/XMLSchema#string">22BBY</object>
   </triple>
   <triple>
      <subject>http://h2o.consulting/ns/star-wars#people-58</subject>
      <predicate>http://h2o.consulting/ns/star-wars#gender</predicate>
      <object datatype="http://www.w3.org/2001/XMLSchema#string">male</object>
   </triple>
   <triple>
      <subject>http://h2o.consulting/ns/star-wars#people-58</subject>
      <predicate>http://h2o.consulting/ns/star-wars#homeworld</predicate>
      <object>http://h2o.consulting/ns/star-wars#planet-49</object>
   </triple>
   <triple>
      <subject>http://h2o.consulting/ns/star-wars#people-58</subject>
      <predicate>http://h2o.consulting/ns/star-wars#film</predicate>
      <object>http://h2o.consulting/ns/star-wars#film-5</object>
   </triple>
   <triple>
      <subject>http://h2o.consulting/ns/star-wars#people-58</subject>
      <predicate>http://h2o.consulting/ns/star-wars#film</predicate>
      <object>http://h2o.consulting/ns/star-wars#film-4</object>
   </triple>
   <triple>
      <subject>http://h2o.consulting/ns/star-wars#people-58</subject>
      <predicate>http://h2o.consulting/ns/star-wars#film</predicate>
      <object>http://h2o.consulting/ns/star-wars#film-6</object>
   </triple>
   <triple>
      <subject>http://h2o.consulting/ns/star-wars#people-58</subject>
      <predicate>http://h2o.consulting/ns/star-wars#species</predicate>
      <object>http://h2o.consulting/ns/star-wars#species-26</object>
   </triple>
   <triple>
      <subject>http://h2o.consulting/ns/star-wars#people-58</subject>
      <predicate>http://h2o.consulting/ns/star-wars#starship</predicate>
      <object>http://h2o.consulting/ns/star-wars#starship-48</object>
   </triple>
   <triple>
      <subject>http://h2o.consulting/ns/star-wars#people-58</subject>
      <predicate>http://h2o.consulting/ns/star-wars#created</predicate>
      <object datatype="http://www.w3.org/2001/XMLSchema#dateTime">2014-12-20T10:49:19.859000Z</object>
   </triple>
   <triple>
      <subject>http://h2o.consulting/ns/star-wars#people-58</subject>
      <predicate>http://h2o.consulting/ns/star-wars#edited</predicate>
      <object datatype="http://www.w3.org/2001/XMLSchema#dateTime">2014-12-20T21:17:50.439000Z</object>
   </triple>
   <triple>
      <subject>http://h2o.consulting/ns/star-wars#people-58</subject>
      <predicate>http://h2o.consulting/ns/star-wars#url</predicate>
      <object datatype="http://www.w3.org/2001/XMLSchema#string">http://swapi.co/api/people/58/</object>
   </triple>
</triples>
