<triples xmlns="http://marklogic.com/semantics">
   <triple>
      <subject>http://h2o.consulting/ns/star-wars#people-62</subject>
      <predicate>http://h2o.consulting/ns/star-wars#name</predicate>
      <object datatype="http://www.w3.org/2001/XMLSchema#string">Cliegg Lars</object>
   </triple>
   <triple>
      <subject>http://h2o.consulting/ns/star-wars#people-62</subject>
      <predicate>http://h2o.consulting/ns/star-wars#height</predicate>
      <object datatype="http://www.w3.org/2001/XMLSchema#string">183</object>
   </triple>
   <triple>
      <subject>http://h2o.consulting/ns/star-wars#people-62</subject>
      <predicate>http://h2o.consulting/ns/star-wars#hair_color</predicate>
      <object datatype="http://www.w3.org/2001/XMLSchema#string">brown</object>
   </triple>
   <triple>
      <subject>http://h2o.consulting/ns/star-wars#people-62</subject>
      <predicate>http://h2o.consulting/ns/star-wars#skin_color</predicate>
      <object datatype="http://www.w3.org/2001/XMLSchema#string">fair</object>
   </triple>
   <triple>
      <subject>http://h2o.consulting/ns/star-wars#people-62</subject>
      <predicate>http://h2o.consulting/ns/star-wars#eye_color</predicate>
      <object datatype="http://www.w3.org/2001/XMLSchema#string">blue</object>
   </triple>
   <triple>
      <subject>http://h2o.consulting/ns/star-wars#people-62</subject>
      <predicate>http://h2o.consulting/ns/star-wars#birth_year</predicate>
      <object datatype="http://www.w3.org/2001/XMLSchema#string">82BBY</object>
   </triple>
   <triple>
      <subject>http://h2o.consulting/ns/star-wars#people-62</subject>
      <predicate>http://h2o.consulting/ns/star-wars#gender</predicate>
      <object datatype="http://www.w3.org/2001/XMLSchema#string">male</object>
   </triple>
   <triple>
      <subject>http://h2o.consulting/ns/star-wars#people-62</subject>
      <predicate>http://h2o.consulting/ns/star-wars#homeworld</predicate>
      <object>http://h2o.consulting/ns/star-wars#planet-1</object>
   </triple>
   <triple>
      <subject>http://h2o.consulting/ns/star-wars#people-62</subject>
      <predicate>http://h2o.consulting/ns/star-wars#film</predicate>
      <object>http://h2o.consulting/ns/star-wars#film-5</object>
   </triple>
   <triple>
      <subject>http://h2o.consulting/ns/star-wars#people-62</subject>
      <predicate>http://h2o.consulting/ns/star-wars#species</predicate>
      <object>http://h2o.consulting/ns/star-wars#species-1</object>
   </triple>
   <triple>
      <subject>http://h2o.consulting/ns/star-wars#people-62</subject>
      <predicate>http://h2o.consulting/ns/star-wars#created</predicate>
      <object datatype="http://www.w3.org/2001/XMLSchema#dateTime">2014-12-20T15:59:03.958000Z</object>
   </triple>
   <triple>
      <subject>http://h2o.consulting/ns/star-wars#people-62</subject>
      <predicate>http://h2o.consulting/ns/star-wars#edited</predicate>
      <object datatype="http://www.w3.org/2001/XMLSchema#dateTime">2014-12-20T21:17:50.451000Z</object>
   </triple>
   <triple>
      <subject>http://h2o.consulting/ns/star-wars#people-62</subject>
      <predicate>http://h2o.consulting/ns/star-wars#url</predicate>
      <object datatype="http://www.w3.org/2001/XMLSchema#string">http://swapi.co/api/people/62/</object>
   </triple>
</triples>
