<triples xmlns="http://marklogic.com/semantics">
   <triple>
      <subject>http://h2o.consulting/ns/star-wars#people-70</subject>
      <predicate>http://www.w3.org/1999/02/22-rdf-syntax-ns#type</predicate>
      <object>http://h2o.consulting/ns/star-wars#People</object>
   </triple>
   <triple>
      <subject>http://h2o.consulting/ns/star-wars#people-70</subject>
      <predicate>http://www.w3.org/2000/01/rdf-schema#label</predicate>
      <object datatype="http://www.w3.org/2001/XMLSchema#string">Zam Wesell</object>
   </triple>
   <triple>
      <subject>http://h2o.consulting/ns/star-wars#people-70</subject>
      <predicate>http://h2o.consulting/ns/star-wars#height</predicate>
      <object datatype="http://www.w3.org/2001/XMLSchema#string">168</object>
   </triple>
   <triple>
      <subject>http://h2o.consulting/ns/star-wars#people-70</subject>
      <predicate>http://h2o.consulting/ns/star-wars#mass</predicate>
      <object datatype="http://www.w3.org/2001/XMLSchema#string">55</object>
   </triple>
   <triple>
      <subject>http://h2o.consulting/ns/star-wars#people-70</subject>
      <predicate>http://h2o.consulting/ns/star-wars#hair_color</predicate>
      <object datatype="http://www.w3.org/2001/XMLSchema#string">blonde</object>
   </triple>
   <triple>
      <subject>http://h2o.consulting/ns/star-wars#people-70</subject>
      <predicate>http://h2o.consulting/ns/star-wars#skin_color</predicate>
      <object datatype="http://www.w3.org/2001/XMLSchema#string">fair, green, yellow</object>
   </triple>
   <triple>
      <subject>http://h2o.consulting/ns/star-wars#people-70</subject>
      <predicate>http://h2o.consulting/ns/star-wars#eye_color</predicate>
      <object datatype="http://www.w3.org/2001/XMLSchema#string">yellow</object>
   </triple>
   <triple>
      <subject>http://h2o.consulting/ns/star-wars#people-70</subject>
      <predicate>http://h2o.consulting/ns/star-wars#gender</predicate>
      <object datatype="http://www.w3.org/2001/XMLSchema#string">female</object>
   </triple>
   <triple>
      <subject>http://h2o.consulting/ns/star-wars#people-70</subject>
      <predicate>http://h2o.consulting/ns/star-wars#homeworld</predicate>
      <object>http://h2o.consulting/ns/star-wars#planet-54</object>
   </triple>
   <triple>
      <subject>http://h2o.consulting/ns/star-wars#people-70</subject>
      <predicate>http://h2o.consulting/ns/star-wars#film</predicate>
      <object>http://h2o.consulting/ns/star-wars#film-5</object>
   </triple>
   <triple>
      <subject>http://h2o.consulting/ns/star-wars#people-70</subject>
      <predicate>http://h2o.consulting/ns/star-wars#species</predicate>
      <object>http://h2o.consulting/ns/star-wars#species-30</object>
   </triple>
   <triple>
      <subject>http://h2o.consulting/ns/star-wars#people-70</subject>
      <predicate>http://h2o.consulting/ns/star-wars#vehicle</predicate>
      <object>http://h2o.consulting/ns/star-wars#vehicle-45</object>
   </triple>
   <triple>
      <subject>http://h2o.consulting/ns/star-wars#people-70</subject>
      <predicate>http://h2o.consulting/ns/star-wars#created</predicate>
      <object datatype="http://www.w3.org/2001/XMLSchema#dateTime">2014-12-20T16:57:44.471000Z</object>
   </triple>
   <triple>
      <subject>http://h2o.consulting/ns/star-wars#people-70</subject>
      <predicate>http://h2o.consulting/ns/star-wars#edited</predicate>
      <object datatype="http://www.w3.org/2001/XMLSchema#dateTime">2014-12-20T21:17:50.468000Z</object>
   </triple>
   <triple>
      <subject>http://h2o.consulting/ns/star-wars#people-70</subject>
      <predicate>http://h2o.consulting/ns/star-wars#url</predicate>
      <object datatype="http://www.w3.org/2001/XMLSchema#string">http://swapi.co/api/people/70/</object>
   </triple>
</triples>
