<triples xmlns="http://marklogic.com/semantics">
   <triple>
      <subject>http://h2o.consulting/ns/star-wars#people-73</subject>
      <predicate>http://h2o.consulting/ns/star-wars#name</predicate>
      <object datatype="http://www.w3.org/2001/XMLSchema#string">Taun We</object>
   </triple>
   <triple>
      <subject>http://h2o.consulting/ns/star-wars#people-73</subject>
      <predicate>http://h2o.consulting/ns/star-wars#height</predicate>
      <object datatype="http://www.w3.org/2001/XMLSchema#string">213</object>
   </triple>
   <triple>
      <subject>http://h2o.consulting/ns/star-wars#people-73</subject>
      <predicate>http://h2o.consulting/ns/star-wars#hair_color</predicate>
      <object datatype="http://www.w3.org/2001/XMLSchema#string">none</object>
   </triple>
   <triple>
      <subject>http://h2o.consulting/ns/star-wars#people-73</subject>
      <predicate>http://h2o.consulting/ns/star-wars#skin_color</predicate>
      <object datatype="http://www.w3.org/2001/XMLSchema#string">grey</object>
   </triple>
   <triple>
      <subject>http://h2o.consulting/ns/star-wars#people-73</subject>
      <predicate>http://h2o.consulting/ns/star-wars#eye_color</predicate>
      <object datatype="http://www.w3.org/2001/XMLSchema#string">black</object>
   </triple>
   <triple>
      <subject>http://h2o.consulting/ns/star-wars#people-73</subject>
      <predicate>http://h2o.consulting/ns/star-wars#gender</predicate>
      <object datatype="http://www.w3.org/2001/XMLSchema#string">female</object>
   </triple>
   <triple>
      <subject>http://h2o.consulting/ns/star-wars#people-73</subject>
      <predicate>http://h2o.consulting/ns/star-wars#homeworld</predicate>
      <object>http://h2o.consulting/ns/star-wars#planet-10</object>
   </triple>
   <triple>
      <subject>http://h2o.consulting/ns/star-wars#people-73</subject>
      <predicate>http://h2o.consulting/ns/star-wars#film</predicate>
      <object>http://h2o.consulting/ns/star-wars#film-5</object>
   </triple>
   <triple>
      <subject>http://h2o.consulting/ns/star-wars#people-73</subject>
      <predicate>http://h2o.consulting/ns/star-wars#species</predicate>
      <object>http://h2o.consulting/ns/star-wars#species-32</object>
   </triple>
   <triple>
      <subject>http://h2o.consulting/ns/star-wars#people-73</subject>
      <predicate>http://h2o.consulting/ns/star-wars#created</predicate>
      <object datatype="http://www.w3.org/2001/XMLSchema#dateTime">2014-12-20T17:31:21.195000Z</object>
   </triple>
   <triple>
      <subject>http://h2o.consulting/ns/star-wars#people-73</subject>
      <predicate>http://h2o.consulting/ns/star-wars#edited</predicate>
      <object datatype="http://www.w3.org/2001/XMLSchema#dateTime">2014-12-20T21:17:50.474000Z</object>
   </triple>
   <triple>
      <subject>http://h2o.consulting/ns/star-wars#people-73</subject>
      <predicate>http://h2o.consulting/ns/star-wars#url</predicate>
      <object datatype="http://www.w3.org/2001/XMLSchema#string">http://swapi.co/api/people/73/</object>
   </triple>
</triples>
