<triples xmlns="http://marklogic.com/semantics">
   <triple>
      <subject>http://h2o.consulting/ns/star-wars#people-9</subject>
      <predicate>http://www.w3.org/1999/02/22-rdf-syntax-ns#type</predicate>
      <object>http://h2o.consulting/ns/star-wars#People</object>
   </triple>
   <triple>
      <subject>http://h2o.consulting/ns/star-wars#people-9</subject>
      <predicate>http://www.w3.org/2000/01/rdf-schema#label</predicate>
      <object datatype="http://www.w3.org/2001/XMLSchema#string">Biggs Darklighter</object>
   </triple>
   <triple>
      <subject>http://h2o.consulting/ns/star-wars#people-9</subject>
      <predicate>http://h2o.consulting/ns/star-wars#height</predicate>
      <object datatype="http://www.w3.org/2001/XMLSchema#string">183</object>
   </triple>
   <triple>
      <subject>http://h2o.consulting/ns/star-wars#people-9</subject>
      <predicate>http://h2o.consulting/ns/star-wars#mass</predicate>
      <object datatype="http://www.w3.org/2001/XMLSchema#string">84</object>
   </triple>
   <triple>
      <subject>http://h2o.consulting/ns/star-wars#people-9</subject>
      <predicate>http://h2o.consulting/ns/star-wars#hair_color</predicate>
      <object datatype="http://www.w3.org/2001/XMLSchema#string">black</object>
   </triple>
   <triple>
      <subject>http://h2o.consulting/ns/star-wars#people-9</subject>
      <predicate>http://h2o.consulting/ns/star-wars#skin_color</predicate>
      <object datatype="http://www.w3.org/2001/XMLSchema#string">light</object>
   </triple>
   <triple>
      <subject>http://h2o.consulting/ns/star-wars#people-9</subject>
      <predicate>http://h2o.consulting/ns/star-wars#eye_color</predicate>
      <object datatype="http://www.w3.org/2001/XMLSchema#string">brown</object>
   </triple>
   <triple>
      <subject>http://h2o.consulting/ns/star-wars#people-9</subject>
      <predicate>http://h2o.consulting/ns/star-wars#birth_year</predicate>
      <object datatype="http://www.w3.org/2001/XMLSchema#string">24BBY</object>
   </triple>
   <triple>
      <subject>http://h2o.consulting/ns/star-wars#people-9</subject>
      <predicate>http://h2o.consulting/ns/star-wars#gender</predicate>
      <object datatype="http://www.w3.org/2001/XMLSchema#string">male</object>
   </triple>
   <triple>
      <subject>http://h2o.consulting/ns/star-wars#people-9</subject>
      <predicate>http://h2o.consulting/ns/star-wars#homeworld</predicate>
      <object>http://h2o.consulting/ns/star-wars#planet-1</object>
   </triple>
   <triple>
      <subject>http://h2o.consulting/ns/star-wars#people-9</subject>
      <predicate>http://h2o.consulting/ns/star-wars#film</predicate>
      <object>http://h2o.consulting/ns/star-wars#film-1</object>
   </triple>
   <triple>
      <subject>http://h2o.consulting/ns/star-wars#people-9</subject>
      <predicate>http://h2o.consulting/ns/star-wars#species</predicate>
      <object>http://h2o.consulting/ns/star-wars#species-1</object>
   </triple>
   <triple>
      <subject>http://h2o.consulting/ns/star-wars#people-9</subject>
      <predicate>http://h2o.consulting/ns/star-wars#starship</predicate>
      <object>http://h2o.consulting/ns/star-wars#starship-12</object>
   </triple>
   <triple>
      <subject>http://h2o.consulting/ns/star-wars#people-9</subject>
      <predicate>http://h2o.consulting/ns/star-wars#created</predicate>
      <object datatype="http://www.w3.org/2001/XMLSchema#dateTime">2014-12-10T15:59:50.509000Z</object>
   </triple>
   <triple>
      <subject>http://h2o.consulting/ns/star-wars#people-9</subject>
      <predicate>http://h2o.consulting/ns/star-wars#edited</predicate>
      <object datatype="http://www.w3.org/2001/XMLSchema#dateTime">2014-12-20T21:17:50.323000Z</object>
   </triple>
   <triple>
      <subject>http://h2o.consulting/ns/star-wars#people-9</subject>
      <predicate>http://h2o.consulting/ns/star-wars#url</predicate>
      <object datatype="http://www.w3.org/2001/XMLSchema#string">http://swapi.co/api/people/9/</object>
   </triple>
   <triple>
      <subject>http://h2o.consulting/ns/star-wars#people-9</subject>
      <predicate>http://h2o.consulting/ns/star-wars#desc</predicate>
      <object datatype="http://www.w3.org/2001/XMLSchema#string">Rogue Squadron is a starfighter squadron in the Star Wars franchise. Many surviving members of Red Squadron, the X-wing attack force that Luke Skywalker joins during the Battle of Yavin in Star Wars Episode IV: A New Hope (1977), later join Rogue Squadron. The squadron appears in The Empire Strikes Back (1980) as Rogue Group. In the 2016 film Rogue One, Rebel fighters on a suicide mission to steal the plans for the Death Star self-identify as "Rogue One", a possible precursor to Rogue Squadron.[1]</object>
   </triple>
   <triple>
      <subject>http://h2o.consulting/ns/star-wars#people-9</subject>
      <predicate>http://h2o.consulting/ns/star-wars#desc</predicate>
      <object datatype="http://www.w3.org/2001/XMLSchema#string">Rogue Squadron is prominently featured in the comic book series Star Wars: X-wing, the ten-volume novel series Star Wars: X-wing, and the video game series Star Wars: Rogue Squadron. The unit is depicted as consisting of "the best pilots and the best fighters".[2]</object>
   </triple>
</triples>
