{ "planet": {
   "name": "Kamino",
   "rotation_period": "27",
   "orbital_period": "463",
   "diameter": "19720",
   "climate": "temperate",
   "gravity": "1 standard",
   "terrain": "ocean",
   "surface_water": "100",
   "population": "1000000000",
   "residents": [
      "http://swapi.co/api/people/22/",
      "http://swapi.co/api/people/72/",
      "http://swapi.co/api/people/73/"
   ],
   "films": [
      "http://swapi.co/api/films/5/"
   ],
   "created": "2014-12-10T12:45:06.577000Z",
   "edited": "2014-12-20T20:58:18.434000Z",
   "url": "http://swapi.co/api/planets/10/"
}}
