{ "planet": {
   "name": "Utapau",
   "rotation_period": "27",
   "orbital_period": "351",
   "diameter": "12900",
   "climate": "temperate, arid, windy",
   "gravity": "1 standard",
   "terrain": "scrublands, savanna, canyons, sinkholes",
   "surface_water": "0.9",
   "population": "95000000",
   "residents": [
      "http://swapi.co/api/people/83/"
   ],
   "films": [
      "http://swapi.co/api/films/6/"
   ],
   "created": "2014-12-10T12:49:01.491000Z",
   "edited": "2014-12-20T20:58:18.439000Z",
   "url": "http://swapi.co/api/planets/12/"
}}
