{ "planet": {
   "name": "Corellia",
   "rotation_period": "25",
   "orbital_period": "329",
   "diameter": "11000",
   "climate": "temperate",
   "gravity": "1 standard",
   "terrain": "plains, urban, hills, forests",
   "surface_water": "70",
   "population": "3000000000",
   "residents": [
      "http://swapi.co/api/people/14/",
      "http://swapi.co/api/people/18/"
   ],
   "films": [],
   "created": "2014-12-10T16:49:12.453000Z",
   "edited": "2014-12-20T20:58:18.456000Z",
   "url": "http://swapi.co/api/planets/22/"
}}
