{ "planet": {
   "name": "Yavin IV",
   "rotation_period": "24",
   "orbital_period": "4818",
   "diameter": "10200",
   "climate": "temperate, tropical",
   "gravity": "1 standard",
   "terrain": "jungle, rainforests",
   "surface_water": "8",
   "population": "1000",
   "residents": [],
   "films": [
      "http://swapi.co/api/films/1/"
   ],
   "created": "2014-12-10T11:37:19.144000Z",
   "edited": "2014-12-20T20:58:18.421000Z",
   "url": "http://swapi.co/api/planets/3/",
   "desc": [
      "Yavin (also known as Yavin Prime) is a fictional planet in the Star Wars universe. It first appeared in the 1977 film Star Wars and is depicted as a large red gas giant with an extensive satellite system of moons. Within the Star Wars narrative, Yavin is noted as the hidden military base of the Rebel Alliance located on its fourth moon, known as Yavin IV.",
      "The climactic space battle at the end of the film, in which the Rebel Alliance destroys the Death Star, takes place in orbit around the planet Yavin. In Star Wars fandom and the Star Wars expanded universe, this event is especially significant as it is used to mark an epoch in the fictional Star Wars universe. Events in Star Wars stories are typically dated in terms of years BBY (Before the Battle of Yavin) or ABY (After the Battle of Yavin).[1][2]"
   ]
}}
