{ "planet": {
   "name": "Ryloth",
   "rotation_period": "30",
   "orbital_period": "305",
   "diameter": "10600",
   "climate": "temperate, arid, subartic",
   "gravity": "1",
   "terrain": "mountains, valleys, deserts, tundra",
   "surface_water": "5",
   "population": "1500000000",
   "residents": [
      "http://swapi.co/api/people/45/",
      "http://swapi.co/api/people/46/"
   ],
   "films": [],
   "created": "2014-12-20T09:46:25.740000Z",
   "edited": "2014-12-20T20:58:18.481000Z",
   "url": "http://swapi.co/api/planets/37/"
}}
