{ "planet": {
   "name": "Hoth",
   "rotation_period": "23",
   "orbital_period": "549",
   "diameter": "7200",
   "climate": "frozen",
   "gravity": "1.1 standard",
   "terrain": "tundra, ice caves, mountain ranges",
   "surface_water": "100",
   "residents": [],
   "films": [
      "http://swapi.co/api/films/2/"
   ],
   "created": "2014-12-10T11:39:13.934000Z",
   "edited": "2014-12-20T20:58:18.423000Z",
   "url": "http://swapi.co/api/planets/4/",
   "desc": [
      "Hoth is an ice planet in the Star Wars fictional universe. It first appeared in the 1980 film The Empire Strikes Back and has also been a setting in Star Wars books and video games."
   ]
}}
