{ "planet": {
   "name": "Dagobah",
   "rotation_period": "23",
   "orbital_period": "341",
   "diameter": "8900",
   "climate": "murky",
   "gravity": "N/A",
   "terrain": "swamp, jungles",
   "surface_water": "8",
   "residents": [],
   "films": [
      "http://swapi.co/api/films/6/",
      "http://swapi.co/api/films/3/",
      "http://swapi.co/api/films/2/"
   ],
   "created": "2014-12-10T11:42:22.590000Z",
   "edited": "2014-12-20T20:58:18.425000Z",
   "url": "http://swapi.co/api/planets/5/",
   "desc": [
      "Dagobah is a star system in the Star Wars films The Empire Strikes Back and Return of the Jedi. It also appears in a deleted scene from Revenge of the Sith. Yoda went into exile on Dagobah after a lightsaber battle with Darth Sidious.",
      "The planet shown in Dagobah, in the Sluis sector, is a world of murky swamps, steaming bayous, and petrified forests, resembling Earth during the Carboniferous Period."
   ]
}}
