{ "planet": {
   "name": "Bespin",
   "rotation_period": "12",
   "orbital_period": "5110",
   "diameter": "118000",
   "climate": "temperate",
   "gravity": "1.5 (surface), 1 standard (Cloud City)",
   "terrain": "gas giant",
   "surface_water": "0",
   "population": "6000000",
   "residents": [
      "http://swapi.co/api/people/26/"
   ],
   "films": [
      "http://swapi.co/api/films/2/"
   ],
   "created": "2014-12-10T11:43:55.240000Z",
   "edited": "2014-12-20T20:58:18.427000Z",
   "url": "http://swapi.co/api/planets/6/",
   "desc": [
      "Bespin is a fictional planet, a gas giant in Star Wars films and books. The planet was first seen in the 1980 feature film The Empire Strikes Back. Since its introduction, Bespin has gained more specific characteristics in the Star Wars expanded universe.",
      "In The Empire Strikes Back, Bespin's floating city Cloud City hovers suspended by an anti-gravity pod."
   ]
}}
