{ "planet": {
   "name": "Endor",
   "rotation_period": "18",
   "orbital_period": "402",
   "diameter": "4900",
   "climate": "temperate",
   "gravity": "0.85 standard",
   "terrain": "forests, mountains, lakes",
   "surface_water": "8",
   "population": "30000000",
   "residents": [
      "http://swapi.co/api/people/30/"
   ],
   "films": [
      "http://swapi.co/api/films/3/"
   ],
   "created": "2014-12-10T11:50:29.349000Z",
   "edited": "2014-12-20T20:58:18.429000Z",
   "url": "http://swapi.co/api/planets/7/",
   "desc": [
      "Endor is a planet in the Star Wars universe best known for its moon, known as the sanctuary moon, a forested world (moon) covered by giant trees."
   ]
}}
