<triples xmlns="http://marklogic.com/semantics">
   <triple>
      <subject>http://h2o.consulting/ns/star-wars#species-1</subject>
      <predicate>http://www.w3.org/1999/02/22-rdf-syntax-ns#type</predicate>
      <object>http://h2o.consulting/ns/star-wars#Species</object>
   </triple>
   <triple>
      <subject>http://h2o.consulting/ns/star-wars#species-1</subject>
      <predicate>http://www.w3.org/2000/01/rdf-schema#label</predicate>
      <object datatype="http://www.w3.org/2001/XMLSchema#string">Human</object>
   </triple>
   <triple>
      <subject>http://h2o.consulting/ns/star-wars#species-1</subject>
      <predicate>http://h2o.consulting/ns/star-wars#classification</predicate>
      <object datatype="http://www.w3.org/2001/XMLSchema#string">mammal</object>
   </triple>
   <triple>
      <subject>http://h2o.consulting/ns/star-wars#species-1</subject>
      <predicate>http://h2o.consulting/ns/star-wars#designation</predicate>
      <object datatype="http://www.w3.org/2001/XMLSchema#string">sentient</object>
   </triple>
   <triple>
      <subject>http://h2o.consulting/ns/star-wars#species-1</subject>
      <predicate>http://h2o.consulting/ns/star-wars#average_height</predicate>
      <object datatype="http://www.w3.org/2001/XMLSchema#integer">180</object>
   </triple>
   <triple>
      <subject>http://h2o.consulting/ns/star-wars#species-1</subject>
      <predicate>http://h2o.consulting/ns/star-wars#skin_colors</predicate>
      <object datatype="http://www.w3.org/2001/XMLSchema#string">caucasian, black, asian, hispanic</object>
   </triple>
   <triple>
      <subject>http://h2o.consulting/ns/star-wars#species-1</subject>
      <predicate>http://h2o.consulting/ns/star-wars#hair_colors</predicate>
      <object datatype="http://www.w3.org/2001/XMLSchema#string">blonde, brown, black, red</object>
   </triple>
   <triple>
      <subject>http://h2o.consulting/ns/star-wars#species-1</subject>
      <predicate>http://h2o.consulting/ns/star-wars#eye_colors</predicate>
      <object datatype="http://www.w3.org/2001/XMLSchema#string">brown, blue, green, hazel, grey, amber</object>
   </triple>
   <triple>
      <subject>http://h2o.consulting/ns/star-wars#species-1</subject>
      <predicate>http://h2o.consulting/ns/star-wars#average_lifespan</predicate>
      <object datatype="http://www.w3.org/2001/XMLSchema#integer">120</object>
   </triple>
   <triple>
      <subject>http://h2o.consulting/ns/star-wars#species-1</subject>
      <predicate>http://h2o.consulting/ns/star-wars#homeworld</predicate>
      <object>http://h2o.consulting/ns/star-wars#planet-9</object>
   </triple>
   <triple>
      <subject>http://h2o.consulting/ns/star-wars#species-1</subject>
      <predicate>http://h2o.consulting/ns/star-wars#language</predicate>
      <object datatype="http://www.w3.org/2001/XMLSchema#string">Galactic Basic</object>
   </triple>
   <triple>
      <subject>http://h2o.consulting/ns/star-wars#species-1</subject>
      <predicate>http://h2o.consulting/ns/star-wars#people</predicate>
      <object>http://h2o.consulting/ns/star-wars#people-1</object>
   </triple>
   <triple>
      <subject>http://h2o.consulting/ns/star-wars#species-1</subject>
      <predicate>http://h2o.consulting/ns/star-wars#people</predicate>
      <object>http://h2o.consulting/ns/star-wars#people-4</object>
   </triple>
   <triple>
      <subject>http://h2o.consulting/ns/star-wars#species-1</subject>
      <predicate>http://h2o.consulting/ns/star-wars#people</predicate>
      <object>http://h2o.consulting/ns/star-wars#people-5</object>
   </triple>
   <triple>
      <subject>http://h2o.consulting/ns/star-wars#species-1</subject>
      <predicate>http://h2o.consulting/ns/star-wars#people</predicate>
      <object>http://h2o.consulting/ns/star-wars#people-6</object>
   </triple>
   <triple>
      <subject>http://h2o.consulting/ns/star-wars#species-1</subject>
      <predicate>http://h2o.consulting/ns/star-wars#people</predicate>
      <object>http://h2o.consulting/ns/star-wars#people-7</object>
   </triple>
   <triple>
      <subject>http://h2o.consulting/ns/star-wars#species-1</subject>
      <predicate>http://h2o.consulting/ns/star-wars#people</predicate>
      <object>http://h2o.consulting/ns/star-wars#people-9</object>
   </triple>
   <triple>
      <subject>http://h2o.consulting/ns/star-wars#species-1</subject>
      <predicate>http://h2o.consulting/ns/star-wars#people</predicate>
      <object>http://h2o.consulting/ns/star-wars#people-10</object>
   </triple>
   <triple>
      <subject>http://h2o.consulting/ns/star-wars#species-1</subject>
      <predicate>http://h2o.consulting/ns/star-wars#people</predicate>
      <object>http://h2o.consulting/ns/star-wars#people-11</object>
   </triple>
   <triple>
      <subject>http://h2o.consulting/ns/star-wars#species-1</subject>
      <predicate>http://h2o.consulting/ns/star-wars#people</predicate>
      <object>http://h2o.consulting/ns/star-wars#people-12</object>
   </triple>
   <triple>
      <subject>http://h2o.consulting/ns/star-wars#species-1</subject>
      <predicate>http://h2o.consulting/ns/star-wars#people</predicate>
      <object>http://h2o.consulting/ns/star-wars#people-14</object>
   </triple>
   <triple>
      <subject>http://h2o.consulting/ns/star-wars#species-1</subject>
      <predicate>http://h2o.consulting/ns/star-wars#people</predicate>
      <object>http://h2o.consulting/ns/star-wars#people-18</object>
   </triple>
   <triple>
      <subject>http://h2o.consulting/ns/star-wars#species-1</subject>
      <predicate>http://h2o.consulting/ns/star-wars#people</predicate>
      <object>http://h2o.consulting/ns/star-wars#people-19</object>
   </triple>
   <triple>
      <subject>http://h2o.consulting/ns/star-wars#species-1</subject>
      <predicate>http://h2o.consulting/ns/star-wars#people</predicate>
      <object>http://h2o.consulting/ns/star-wars#people-21</object>
   </triple>
   <triple>
      <subject>http://h2o.consulting/ns/star-wars#species-1</subject>
      <predicate>http://h2o.consulting/ns/star-wars#people</predicate>
      <object>http://h2o.consulting/ns/star-wars#people-22</object>
   </triple>
   <triple>
      <subject>http://h2o.consulting/ns/star-wars#species-1</subject>
      <predicate>http://h2o.consulting/ns/star-wars#people</predicate>
      <object>http://h2o.consulting/ns/star-wars#people-25</object>
   </triple>
   <triple>
      <subject>http://h2o.consulting/ns/star-wars#species-1</subject>
      <predicate>http://h2o.consulting/ns/star-wars#people</predicate>
      <object>http://h2o.consulting/ns/star-wars#people-26</object>
   </triple>
   <triple>
      <subject>http://h2o.consulting/ns/star-wars#species-1</subject>
      <predicate>http://h2o.consulting/ns/star-wars#people</predicate>
      <object>http://h2o.consulting/ns/star-wars#people-28</object>
   </triple>
   <triple>
      <subject>http://h2o.consulting/ns/star-wars#species-1</subject>
      <predicate>http://h2o.consulting/ns/star-wars#people</predicate>
      <object>http://h2o.consulting/ns/star-wars#people-29</object>
   </triple>
   <triple>
      <subject>http://h2o.consulting/ns/star-wars#species-1</subject>
      <predicate>http://h2o.consulting/ns/star-wars#people</predicate>
      <object>http://h2o.consulting/ns/star-wars#people-32</object>
   </triple>
   <triple>
      <subject>http://h2o.consulting/ns/star-wars#species-1</subject>
      <predicate>http://h2o.consulting/ns/star-wars#people</predicate>
      <object>http://h2o.consulting/ns/star-wars#people-34</object>
   </triple>
   <triple>
      <subject>http://h2o.consulting/ns/star-wars#species-1</subject>
      <predicate>http://h2o.consulting/ns/star-wars#people</predicate>
      <object>http://h2o.consulting/ns/star-wars#people-43</object>
   </triple>
   <triple>
      <subject>http://h2o.consulting/ns/star-wars#species-1</subject>
      <predicate>http://h2o.consulting/ns/star-wars#people</predicate>
      <object>http://h2o.consulting/ns/star-wars#people-51</object>
   </triple>
   <triple>
      <subject>http://h2o.consulting/ns/star-wars#species-1</subject>
      <predicate>http://h2o.consulting/ns/star-wars#people</predicate>
      <object>http://h2o.consulting/ns/star-wars#people-60</object>
   </triple>
   <triple>
      <subject>http://h2o.consulting/ns/star-wars#species-1</subject>
      <predicate>http://h2o.consulting/ns/star-wars#people</predicate>
      <object>http://h2o.consulting/ns/star-wars#people-61</object>
   </triple>
   <triple>
      <subject>http://h2o.consulting/ns/star-wars#species-1</subject>
      <predicate>http://h2o.consulting/ns/star-wars#people</predicate>
      <object>http://h2o.consulting/ns/star-wars#people-62</object>
   </triple>
   <triple>
      <subject>http://h2o.consulting/ns/star-wars#species-1</subject>
      <predicate>http://h2o.consulting/ns/star-wars#people</predicate>
      <object>http://h2o.consulting/ns/star-wars#people-66</object>
   </triple>
   <triple>
      <subject>http://h2o.consulting/ns/star-wars#species-1</subject>
      <predicate>http://h2o.consulting/ns/star-wars#people</predicate>
      <object>http://h2o.consulting/ns/star-wars#people-67</object>
   </triple>
   <triple>
      <subject>http://h2o.consulting/ns/star-wars#species-1</subject>
      <predicate>http://h2o.consulting/ns/star-wars#people</predicate>
      <object>http://h2o.consulting/ns/star-wars#people-68</object>
   </triple>
   <triple>
      <subject>http://h2o.consulting/ns/star-wars#species-1</subject>
      <predicate>http://h2o.consulting/ns/star-wars#people</predicate>
      <object>http://h2o.consulting/ns/star-wars#people-69</object>
   </triple>
   <triple>
      <subject>http://h2o.consulting/ns/star-wars#species-1</subject>
      <predicate>http://h2o.consulting/ns/star-wars#people</predicate>
      <object>http://h2o.consulting/ns/star-wars#people-74</object>
   </triple>
   <triple>
      <subject>http://h2o.consulting/ns/star-wars#species-1</subject>
      <predicate>http://h2o.consulting/ns/star-wars#people</predicate>
      <object>http://h2o.consulting/ns/star-wars#people-81</object>
   </triple>
   <triple>
      <subject>http://h2o.consulting/ns/star-wars#species-1</subject>
      <predicate>http://h2o.consulting/ns/star-wars#people</predicate>
      <object>http://h2o.consulting/ns/star-wars#people-84</object>
   </triple>
   <triple>
      <subject>http://h2o.consulting/ns/star-wars#species-1</subject>
      <predicate>http://h2o.consulting/ns/star-wars#people</predicate>
      <object>http://h2o.consulting/ns/star-wars#people-85</object>
   </triple>
   <triple>
      <subject>http://h2o.consulting/ns/star-wars#species-1</subject>
      <predicate>http://h2o.consulting/ns/star-wars#people</predicate>
      <object>http://h2o.consulting/ns/star-wars#people-86</object>
   </triple>
   <triple>
      <subject>http://h2o.consulting/ns/star-wars#species-1</subject>
      <predicate>http://h2o.consulting/ns/star-wars#people</predicate>
      <object>http://h2o.consulting/ns/star-wars#people-35</object>
   </triple>
   <triple>
      <subject>http://h2o.consulting/ns/star-wars#species-1</subject>
      <predicate>http://h2o.consulting/ns/star-wars#film</predicate>
      <object>http://h2o.consulting/ns/star-wars#film-7</object>
   </triple>
   <triple>
      <subject>http://h2o.consulting/ns/star-wars#species-1</subject>
      <predicate>http://h2o.consulting/ns/star-wars#film</predicate>
      <object>http://h2o.consulting/ns/star-wars#film-5</object>
   </triple>
   <triple>
      <subject>http://h2o.consulting/ns/star-wars#species-1</subject>
      <predicate>http://h2o.consulting/ns/star-wars#film</predicate>
      <object>http://h2o.consulting/ns/star-wars#film-4</object>
   </triple>
   <triple>
      <subject>http://h2o.consulting/ns/star-wars#species-1</subject>
      <predicate>http://h2o.consulting/ns/star-wars#film</predicate>
      <object>http://h2o.consulting/ns/star-wars#film-6</object>
   </triple>
   <triple>
      <subject>http://h2o.consulting/ns/star-wars#species-1</subject>
      <predicate>http://h2o.consulting/ns/star-wars#film</predicate>
      <object>http://h2o.consulting/ns/star-wars#film-3</object>
   </triple>
   <triple>
      <subject>http://h2o.consulting/ns/star-wars#species-1</subject>
      <predicate>http://h2o.consulting/ns/star-wars#film</predicate>
      <object>http://h2o.consulting/ns/star-wars#film-2</object>
   </triple>
   <triple>
      <subject>http://h2o.consulting/ns/star-wars#species-1</subject>
      <predicate>http://h2o.consulting/ns/star-wars#film</predicate>
      <object>http://h2o.consulting/ns/star-wars#film-1</object>
   </triple>
   <triple>
      <subject>http://h2o.consulting/ns/star-wars#species-1</subject>
      <predicate>http://h2o.consulting/ns/star-wars#created</predicate>
      <object datatype="http://www.w3.org/2001/XMLSchema#dateTime">2014-12-10T13:52:11.567000Z</object>
   </triple>
   <triple>
      <subject>http://h2o.consulting/ns/star-wars#species-1</subject>
      <predicate>http://h2o.consulting/ns/star-wars#edited</predicate>
      <object datatype="http://www.w3.org/2001/XMLSchema#dateTime">2015-04-17T06:59:55.850671Z</object>
   </triple>
   <triple>
      <subject>http://h2o.consulting/ns/star-wars#species-1</subject>
      <predicate>http://h2o.consulting/ns/star-wars#url</predicate>
      <object datatype="http://www.w3.org/2001/XMLSchema#string">http://swapi.co/api/species/1/</object>
   </triple>
   <triple>
      <subject>http://h2o.consulting/ns/star-wars#species-1</subject>
      <predicate>http://h2o.consulting/ns/star-wars#desc</predicate>
      <object datatype="http://www.w3.org/2001/XMLSchema#string">Modern humans (Homo sapiens, primarily ssp. Homo sapiens sapiens) are the only extant members of the subtribe Hominina, a branch of the tribe Hominini belonging to the family of great apes. They are characterized by erect posture and bipedal locomotion; high manual dexterity and heavy tool use compared to other animals; and a general trend toward larger, more complex brains and societies.[3][4]</object>
   </triple>
   <triple>
      <subject>http://h2o.consulting/ns/star-wars#species-1</subject>
      <predicate>http://h2o.consulting/ns/star-wars#desc</predicate>
      <object datatype="http://www.w3.org/2001/XMLSchema#string">Early hominins—particularly the australopithecines, whose brains and anatomy are in many ways more similar to ancestral non-human apes—are less often referred to as "human" than hominins of the genus Homo.[5] Several of these hominins used fire, occupied much of Eurasia, and gave rise to anatomically modern Homo sapiens in Africa about 200,000 years ago.[6][7] They began to exhibit evidence of behavioral modernity around 50,000 years ago. In several waves of migration, anatomically modern humans ventured out of Africa and populated most of the world.[8]</object>
   </triple>
   <triple>
      <subject>http://h2o.consulting/ns/star-wars#species-1</subject>
      <predicate>http://h2o.consulting/ns/star-wars#desc</predicate>
      <object datatype="http://www.w3.org/2001/XMLSchema#string">The spread of humans and their large and increasing population has had a profound impact on large areas of the environment and millions of native species worldwide. Advantages that explain this evolutionary success include a relatively larger brain with a particularly well-developed neocortex, prefrontal cortex and temporal lobes, which enable high levels of abstract reasoning, language, problem solving, sociality, and culture through social learning. Humans use tools to a much higher degree than any other animal, are the only extant species known to build fires and cook their food, and are the only extant species to clothe themselves and create and use numerous other technologies and arts.</object>
   </triple>
   <triple>
      <subject>http://h2o.consulting/ns/star-wars#species-1</subject>
      <predicate>http://h2o.consulting/ns/star-wars#desc</predicate>
      <object datatype="http://www.w3.org/2001/XMLSchema#string">Humans are uniquely adept at using systems of symbolic communication (such as language and art) for self-expression and the exchange of ideas, and for organizing themselves into purposeful groups. Humans create complex social structures composed of many cooperating and competing groups, from families and kinship networks to political states. Social interactions between humans have established an extremely wide variety of values,[9] social norms, and rituals, which together form the basis of human society. Curiosity and the human desire to understand and influence the environment and to explain and manipulate phenomena (or events) has provided the foundation for developing science, philosophy, mythology, religion, anthropology, and numerous other fields of knowledge.</object>
   </triple>
   <triple>
      <subject>http://h2o.consulting/ns/star-wars#species-1</subject>
      <predicate>http://h2o.consulting/ns/star-wars#desc</predicate>
      <object datatype="http://www.w3.org/2001/XMLSchema#string">Though most of human existence has been sustained by hunting and gathering in band societies,[10] increasing numbers of human societies began to practice sedentary agriculture approximately some 10,000 years ago,[11] domesticating plants and animals, thus allowing for the growth of civilization. These human societies subsequently expanded in size, establishing various forms of government, religion, and culture around the world, unifying people within regions to form states and empires. The rapid advancement of scientific and medical understanding in the 19th and 20th centuries led to the development of fuel-driven technologies and increased lifespans, causing the human population to rise exponentially. Today the global human population is estimated by the United Nations to be near 7.6 billion.[12]</object>
   </triple>
</triples>
