<triples xmlns="http://marklogic.com/semantics">
   <triple>
      <subject>http://h2o.consulting/ns/star-wars#species-17</subject>
      <predicate>http://h2o.consulting/ns/star-wars#name</predicate>
      <object datatype="http://www.w3.org/2001/XMLSchema#string">Vulptereen</object>
   </triple>
   <triple>
      <subject>http://h2o.consulting/ns/star-wars#species-17</subject>
      <predicate>http://h2o.consulting/ns/star-wars#designation</predicate>
      <object datatype="http://www.w3.org/2001/XMLSchema#string">sentient</object>
   </triple>
   <triple>
      <subject>http://h2o.consulting/ns/star-wars#species-17</subject>
      <predicate>http://h2o.consulting/ns/star-wars#average_height</predicate>
      <object datatype="http://www.w3.org/2001/XMLSchema#integer">100</object>
   </triple>
   <triple>
      <subject>http://h2o.consulting/ns/star-wars#species-17</subject>
      <predicate>http://h2o.consulting/ns/star-wars#skin_colors</predicate>
      <object datatype="http://www.w3.org/2001/XMLSchema#string">grey</object>
   </triple>
   <triple>
      <subject>http://h2o.consulting/ns/star-wars#species-17</subject>
      <predicate>http://h2o.consulting/ns/star-wars#hair_colors</predicate>
      <object datatype="http://www.w3.org/2001/XMLSchema#string">none</object>
   </triple>
   <triple>
      <subject>http://h2o.consulting/ns/star-wars#species-17</subject>
      <predicate>http://h2o.consulting/ns/star-wars#eye_colors</predicate>
      <object datatype="http://www.w3.org/2001/XMLSchema#string">yellow</object>
   </triple>
   <triple>
      <subject>http://h2o.consulting/ns/star-wars#species-17</subject>
      <predicate>http://h2o.consulting/ns/star-wars#homeworld</predicate>
      <object>http://h2o.consulting/ns/star-wars#planet-39</object>
   </triple>
   <triple>
      <subject>http://h2o.consulting/ns/star-wars#species-17</subject>
      <predicate>http://h2o.consulting/ns/star-wars#language</predicate>
      <object datatype="http://www.w3.org/2001/XMLSchema#string">vulpterish</object>
   </triple>
   <triple>
      <subject>http://h2o.consulting/ns/star-wars#species-17</subject>
      <predicate>http://h2o.consulting/ns/star-wars#people</predicate>
      <object>http://h2o.consulting/ns/star-wars#people-48</object>
   </triple>
   <triple>
      <subject>http://h2o.consulting/ns/star-wars#species-17</subject>
      <predicate>http://h2o.consulting/ns/star-wars#film</predicate>
      <object>http://h2o.consulting/ns/star-wars#film-4</object>
   </triple>
   <triple>
      <subject>http://h2o.consulting/ns/star-wars#species-17</subject>
      <predicate>http://h2o.consulting/ns/star-wars#created</predicate>
      <object datatype="http://www.w3.org/2001/XMLSchema#dateTime">2014-12-20T09:57:33.128000Z</object>
   </triple>
   <triple>
      <subject>http://h2o.consulting/ns/star-wars#species-17</subject>
      <predicate>http://h2o.consulting/ns/star-wars#edited</predicate>
      <object datatype="http://www.w3.org/2001/XMLSchema#dateTime">2014-12-20T21:36:42.173000Z</object>
   </triple>
   <triple>
      <subject>http://h2o.consulting/ns/star-wars#species-17</subject>
      <predicate>http://h2o.consulting/ns/star-wars#url</predicate>
      <object datatype="http://www.w3.org/2001/XMLSchema#string">http://swapi.co/api/species/17/</object>
   </triple>
</triples>
