<triples xmlns="http://marklogic.com/semantics">
   <triple>
      <subject>http://h2o.consulting/ns/star-wars#species-23</subject>
      <predicate>http://www.w3.org/1999/02/22-rdf-syntax-ns#type</predicate>
      <object>http://h2o.consulting/ns/star-wars#Species</object>
   </triple>
   <triple>
      <subject>http://h2o.consulting/ns/star-wars#species-23</subject>
      <predicate>http://www.w3.org/2000/01/rdf-schema#label</predicate>
      <object datatype="http://www.w3.org/2001/XMLSchema#string">Tholothian</object>
   </triple>
   <triple>
      <subject>http://h2o.consulting/ns/star-wars#species-23</subject>
      <predicate>http://h2o.consulting/ns/star-wars#classification</predicate>
      <object datatype="http://www.w3.org/2001/XMLSchema#string">mammal</object>
   </triple>
   <triple>
      <subject>http://h2o.consulting/ns/star-wars#species-23</subject>
      <predicate>http://h2o.consulting/ns/star-wars#designation</predicate>
      <object datatype="http://www.w3.org/2001/XMLSchema#string">sentient</object>
   </triple>
   <triple>
      <subject>http://h2o.consulting/ns/star-wars#species-23</subject>
      <predicate>http://h2o.consulting/ns/star-wars#skin_colors</predicate>
      <object datatype="http://www.w3.org/2001/XMLSchema#string">dark</object>
   </triple>
   <triple>
      <subject>http://h2o.consulting/ns/star-wars#species-23</subject>
      <predicate>http://h2o.consulting/ns/star-wars#eye_colors</predicate>
      <object datatype="http://www.w3.org/2001/XMLSchema#string">blue, indigo</object>
   </triple>
   <triple>
      <subject>http://h2o.consulting/ns/star-wars#species-23</subject>
      <predicate>http://h2o.consulting/ns/star-wars#homeworld</predicate>
      <object>http://h2o.consulting/ns/star-wars#planet-46</object>
   </triple>
   <triple>
      <subject>http://h2o.consulting/ns/star-wars#species-23</subject>
      <predicate>http://h2o.consulting/ns/star-wars#people</predicate>
      <object>http://h2o.consulting/ns/star-wars#people-55</object>
   </triple>
   <triple>
      <subject>http://h2o.consulting/ns/star-wars#species-23</subject>
      <predicate>http://h2o.consulting/ns/star-wars#film</predicate>
      <object>http://h2o.consulting/ns/star-wars#film-4</object>
   </triple>
   <triple>
      <subject>http://h2o.consulting/ns/star-wars#species-23</subject>
      <predicate>http://h2o.consulting/ns/star-wars#film</predicate>
      <object>http://h2o.consulting/ns/star-wars#film-6</object>
   </triple>
   <triple>
      <subject>http://h2o.consulting/ns/star-wars#species-23</subject>
      <predicate>http://h2o.consulting/ns/star-wars#created</predicate>
      <object datatype="http://www.w3.org/2001/XMLSchema#dateTime">2014-12-20T10:29:13.798000Z</object>
   </triple>
   <triple>
      <subject>http://h2o.consulting/ns/star-wars#species-23</subject>
      <predicate>http://h2o.consulting/ns/star-wars#edited</predicate>
      <object datatype="http://www.w3.org/2001/XMLSchema#dateTime">2014-12-20T21:36:42.186000Z</object>
   </triple>
   <triple>
      <subject>http://h2o.consulting/ns/star-wars#species-23</subject>
      <predicate>http://h2o.consulting/ns/star-wars#url</predicate>
      <object datatype="http://www.w3.org/2001/XMLSchema#string">http://swapi.co/api/species/23/</object>
   </triple>
</triples>
