<triples xmlns="http://marklogic.com/semantics">
   <triple>
      <subject>http://h2o.consulting/ns/star-wars#species-30</subject>
      <predicate>http://www.w3.org/1999/02/22-rdf-syntax-ns#type</predicate>
      <object>http://h2o.consulting/ns/star-wars#Species</object>
   </triple>
   <triple>
      <subject>http://h2o.consulting/ns/star-wars#species-30</subject>
      <predicate>http://www.w3.org/2000/01/rdf-schema#label</predicate>
      <object datatype="http://www.w3.org/2001/XMLSchema#string">Clawdite</object>
   </triple>
   <triple>
      <subject>http://h2o.consulting/ns/star-wars#species-30</subject>
      <predicate>http://h2o.consulting/ns/star-wars#classification</predicate>
      <object datatype="http://www.w3.org/2001/XMLSchema#string">reptilian</object>
   </triple>
   <triple>
      <subject>http://h2o.consulting/ns/star-wars#species-30</subject>
      <predicate>http://h2o.consulting/ns/star-wars#designation</predicate>
      <object datatype="http://www.w3.org/2001/XMLSchema#string">sentient</object>
   </triple>
   <triple>
      <subject>http://h2o.consulting/ns/star-wars#species-30</subject>
      <predicate>http://h2o.consulting/ns/star-wars#average_height</predicate>
      <object datatype="http://www.w3.org/2001/XMLSchema#integer">180</object>
   </triple>
   <triple>
      <subject>http://h2o.consulting/ns/star-wars#species-30</subject>
      <predicate>http://h2o.consulting/ns/star-wars#skin_colors</predicate>
      <object datatype="http://www.w3.org/2001/XMLSchema#string">green, yellow</object>
   </triple>
   <triple>
      <subject>http://h2o.consulting/ns/star-wars#species-30</subject>
      <predicate>http://h2o.consulting/ns/star-wars#hair_colors</predicate>
      <object datatype="http://www.w3.org/2001/XMLSchema#string">none</object>
   </triple>
   <triple>
      <subject>http://h2o.consulting/ns/star-wars#species-30</subject>
      <predicate>http://h2o.consulting/ns/star-wars#eye_colors</predicate>
      <object datatype="http://www.w3.org/2001/XMLSchema#string">yellow</object>
   </triple>
   <triple>
      <subject>http://h2o.consulting/ns/star-wars#species-30</subject>
      <predicate>http://h2o.consulting/ns/star-wars#average_lifespan</predicate>
      <object datatype="http://www.w3.org/2001/XMLSchema#integer">70</object>
   </triple>
   <triple>
      <subject>http://h2o.consulting/ns/star-wars#species-30</subject>
      <predicate>http://h2o.consulting/ns/star-wars#homeworld</predicate>
      <object>http://h2o.consulting/ns/star-wars#planet-54</object>
   </triple>
   <triple>
      <subject>http://h2o.consulting/ns/star-wars#species-30</subject>
      <predicate>http://h2o.consulting/ns/star-wars#language</predicate>
      <object datatype="http://www.w3.org/2001/XMLSchema#string">Clawdite</object>
   </triple>
   <triple>
      <subject>http://h2o.consulting/ns/star-wars#species-30</subject>
      <predicate>http://h2o.consulting/ns/star-wars#people</predicate>
      <object>http://h2o.consulting/ns/star-wars#people-70</object>
   </triple>
   <triple>
      <subject>http://h2o.consulting/ns/star-wars#species-30</subject>
      <predicate>http://h2o.consulting/ns/star-wars#film</predicate>
      <object>http://h2o.consulting/ns/star-wars#film-5</object>
   </triple>
   <triple>
      <subject>http://h2o.consulting/ns/star-wars#species-30</subject>
      <predicate>http://h2o.consulting/ns/star-wars#film</predicate>
      <object>http://h2o.consulting/ns/star-wars#film-6</object>
   </triple>
   <triple>
      <subject>http://h2o.consulting/ns/star-wars#species-30</subject>
      <predicate>http://h2o.consulting/ns/star-wars#created</predicate>
      <object datatype="http://www.w3.org/2001/XMLSchema#dateTime">2014-12-20T16:57:46.171000Z</object>
   </triple>
   <triple>
      <subject>http://h2o.consulting/ns/star-wars#species-30</subject>
      <predicate>http://h2o.consulting/ns/star-wars#edited</predicate>
      <object datatype="http://www.w3.org/2001/XMLSchema#dateTime">2014-12-20T21:36:42.199000Z</object>
   </triple>
   <triple>
      <subject>http://h2o.consulting/ns/star-wars#species-30</subject>
      <predicate>http://h2o.consulting/ns/star-wars#url</predicate>
      <object datatype="http://www.w3.org/2001/XMLSchema#string">http://swapi.co/api/species/30/</object>
   </triple>
</triples>
