<triples xmlns="http://marklogic.com/semantics">
   <triple>
      <subject>http://h2o.consulting/ns/star-wars#species-36</subject>
      <predicate>http://h2o.consulting/ns/star-wars#name</predicate>
      <object datatype="http://www.w3.org/2001/XMLSchema#string">Kaleesh</object>
   </triple>
   <triple>
      <subject>http://h2o.consulting/ns/star-wars#species-36</subject>
      <predicate>http://h2o.consulting/ns/star-wars#classification</predicate>
      <object datatype="http://www.w3.org/2001/XMLSchema#string">reptile</object>
   </triple>
   <triple>
      <subject>http://h2o.consulting/ns/star-wars#species-36</subject>
      <predicate>http://h2o.consulting/ns/star-wars#designation</predicate>
      <object datatype="http://www.w3.org/2001/XMLSchema#string">sentient</object>
   </triple>
   <triple>
      <subject>http://h2o.consulting/ns/star-wars#species-36</subject>
      <predicate>http://h2o.consulting/ns/star-wars#average_height</predicate>
      <object datatype="http://www.w3.org/2001/XMLSchema#integer">170</object>
   </triple>
   <triple>
      <subject>http://h2o.consulting/ns/star-wars#species-36</subject>
      <predicate>http://h2o.consulting/ns/star-wars#skin_colors</predicate>
      <object datatype="http://www.w3.org/2001/XMLSchema#string">brown, orange, tan</object>
   </triple>
   <triple>
      <subject>http://h2o.consulting/ns/star-wars#species-36</subject>
      <predicate>http://h2o.consulting/ns/star-wars#hair_colors</predicate>
      <object datatype="http://www.w3.org/2001/XMLSchema#string">none</object>
   </triple>
   <triple>
      <subject>http://h2o.consulting/ns/star-wars#species-36</subject>
      <predicate>http://h2o.consulting/ns/star-wars#eye_colors</predicate>
      <object datatype="http://www.w3.org/2001/XMLSchema#string">yellow</object>
   </triple>
   <triple>
      <subject>http://h2o.consulting/ns/star-wars#species-36</subject>
      <predicate>http://h2o.consulting/ns/star-wars#average_lifespan</predicate>
      <object datatype="http://www.w3.org/2001/XMLSchema#integer">80</object>
   </triple>
   <triple>
      <subject>http://h2o.consulting/ns/star-wars#species-36</subject>
      <predicate>http://h2o.consulting/ns/star-wars#homeworld</predicate>
      <object>http://h2o.consulting/ns/star-wars#planet-59</object>
   </triple>
   <triple>
      <subject>http://h2o.consulting/ns/star-wars#species-36</subject>
      <predicate>http://h2o.consulting/ns/star-wars#language</predicate>
      <object datatype="http://www.w3.org/2001/XMLSchema#string">Kaleesh</object>
   </triple>
   <triple>
      <subject>http://h2o.consulting/ns/star-wars#species-36</subject>
      <predicate>http://h2o.consulting/ns/star-wars#people</predicate>
      <object>http://h2o.consulting/ns/star-wars#people-79</object>
   </triple>
   <triple>
      <subject>http://h2o.consulting/ns/star-wars#species-36</subject>
      <predicate>http://h2o.consulting/ns/star-wars#film</predicate>
      <object>http://h2o.consulting/ns/star-wars#film-6</object>
   </triple>
   <triple>
      <subject>http://h2o.consulting/ns/star-wars#species-36</subject>
      <predicate>http://h2o.consulting/ns/star-wars#created</predicate>
      <object datatype="http://www.w3.org/2001/XMLSchema#dateTime">2014-12-20T19:45:42.537000Z</object>
   </triple>
   <triple>
      <subject>http://h2o.consulting/ns/star-wars#species-36</subject>
      <predicate>http://h2o.consulting/ns/star-wars#edited</predicate>
      <object datatype="http://www.w3.org/2001/XMLSchema#dateTime">2014-12-20T21:36:42.210000Z</object>
   </triple>
   <triple>
      <subject>http://h2o.consulting/ns/star-wars#species-36</subject>
      <predicate>http://h2o.consulting/ns/star-wars#url</predicate>
      <object datatype="http://www.w3.org/2001/XMLSchema#string">http://swapi.co/api/species/36/</object>
   </triple>
</triples>
