<triples xmlns="http://marklogic.com/semantics">
   <triple>
      <subject>http://h2o.consulting/ns/star-wars#species-6</subject>
      <predicate>http://h2o.consulting/ns/star-wars#name</predicate>
      <object datatype="http://www.w3.org/2001/XMLSchema#string">Yoda's species</object>
   </triple>
   <triple>
      <subject>http://h2o.consulting/ns/star-wars#species-6</subject>
      <predicate>http://h2o.consulting/ns/star-wars#classification</predicate>
      <object datatype="http://www.w3.org/2001/XMLSchema#string">mammal</object>
   </triple>
   <triple>
      <subject>http://h2o.consulting/ns/star-wars#species-6</subject>
      <predicate>http://h2o.consulting/ns/star-wars#designation</predicate>
      <object datatype="http://www.w3.org/2001/XMLSchema#string">sentient</object>
   </triple>
   <triple>
      <subject>http://h2o.consulting/ns/star-wars#species-6</subject>
      <predicate>http://h2o.consulting/ns/star-wars#average_height</predicate>
      <object datatype="http://www.w3.org/2001/XMLSchema#integer">66</object>
   </triple>
   <triple>
      <subject>http://h2o.consulting/ns/star-wars#species-6</subject>
      <predicate>http://h2o.consulting/ns/star-wars#skin_colors</predicate>
      <object datatype="http://www.w3.org/2001/XMLSchema#string">green, yellow</object>
   </triple>
   <triple>
      <subject>http://h2o.consulting/ns/star-wars#species-6</subject>
      <predicate>http://h2o.consulting/ns/star-wars#hair_colors</predicate>
      <object datatype="http://www.w3.org/2001/XMLSchema#string">brown, white</object>
   </triple>
   <triple>
      <subject>http://h2o.consulting/ns/star-wars#species-6</subject>
      <predicate>http://h2o.consulting/ns/star-wars#eye_colors</predicate>
      <object datatype="http://www.w3.org/2001/XMLSchema#string">brown, green, yellow</object>
   </triple>
   <triple>
      <subject>http://h2o.consulting/ns/star-wars#species-6</subject>
      <predicate>http://h2o.consulting/ns/star-wars#average_lifespan</predicate>
      <object datatype="http://www.w3.org/2001/XMLSchema#integer">900</object>
   </triple>
   <triple>
      <subject>http://h2o.consulting/ns/star-wars#species-6</subject>
      <predicate>http://h2o.consulting/ns/star-wars#homeworld</predicate>
      <object>http://h2o.consulting/ns/star-wars#planet-28</object>
   </triple>
   <triple>
      <subject>http://h2o.consulting/ns/star-wars#species-6</subject>
      <predicate>http://h2o.consulting/ns/star-wars#language</predicate>
      <object datatype="http://www.w3.org/2001/XMLSchema#string">Galactic basic</object>
   </triple>
   <triple>
      <subject>http://h2o.consulting/ns/star-wars#species-6</subject>
      <predicate>http://h2o.consulting/ns/star-wars#people</predicate>
      <object>http://h2o.consulting/ns/star-wars#people-20</object>
   </triple>
   <triple>
      <subject>http://h2o.consulting/ns/star-wars#species-6</subject>
      <predicate>http://h2o.consulting/ns/star-wars#film</predicate>
      <object>http://h2o.consulting/ns/star-wars#film-5</object>
   </triple>
   <triple>
      <subject>http://h2o.consulting/ns/star-wars#species-6</subject>
      <predicate>http://h2o.consulting/ns/star-wars#film</predicate>
      <object>http://h2o.consulting/ns/star-wars#film-4</object>
   </triple>
   <triple>
      <subject>http://h2o.consulting/ns/star-wars#species-6</subject>
      <predicate>http://h2o.consulting/ns/star-wars#film</predicate>
      <object>http://h2o.consulting/ns/star-wars#film-6</object>
   </triple>
   <triple>
      <subject>http://h2o.consulting/ns/star-wars#species-6</subject>
      <predicate>http://h2o.consulting/ns/star-wars#film</predicate>
      <object>http://h2o.consulting/ns/star-wars#film-3</object>
   </triple>
   <triple>
      <subject>http://h2o.consulting/ns/star-wars#species-6</subject>
      <predicate>http://h2o.consulting/ns/star-wars#film</predicate>
      <object>http://h2o.consulting/ns/star-wars#film-2</object>
   </triple>
   <triple>
      <subject>http://h2o.consulting/ns/star-wars#species-6</subject>
      <predicate>http://h2o.consulting/ns/star-wars#created</predicate>
      <object datatype="http://www.w3.org/2001/XMLSchema#dateTime">2014-12-15T12:27:22.877000Z</object>
   </triple>
   <triple>
      <subject>http://h2o.consulting/ns/star-wars#species-6</subject>
      <predicate>http://h2o.consulting/ns/star-wars#edited</predicate>
      <object datatype="http://www.w3.org/2001/XMLSchema#dateTime">2014-12-20T21:36:42.148000Z</object>
   </triple>
   <triple>
      <subject>http://h2o.consulting/ns/star-wars#species-6</subject>
      <predicate>http://h2o.consulting/ns/star-wars#url</predicate>
      <object datatype="http://www.w3.org/2001/XMLSchema#string">http://swapi.co/api/species/6/</object>
   </triple>
</triples>
