{ "film": {
   "title": "Revenge of the Sith",
   "episode_id": 3,
   "opening_crawl": "War! The Republic is crumbling
under attacks by the ruthless
Sith Lord, Count Dooku.
There are heroes on both sides.
Evil is everywhere.

In a stunning move, the
fiendish droid leader, General
Grievous, has swept into the
Republic capital and kidnapped
Chancellor Palpatine, leader of
the Galactic Senate.

As the Separatist Droid Army
attempts to flee the besieged
capital with their valuable
hostage, two Jedi Knights lead a
desperate mission to rescue the
captive Chancellor....",
   "director": "George Lucas",
   "producer": "Rick McCallum",
   "release_date": "2005-05-19",
   "characters": [
      "http://swapi.co/api/people/1/",
      "http://swapi.co/api/people/2/",
      "http://swapi.co/api/people/3/",
      "http://swapi.co/api/people/4/",
      "http://swapi.co/api/people/5/",
      "http://swapi.co/api/people/6/",
      "http://swapi.co/api/people/7/",
      "http://swapi.co/api/people/10/",
      "http://swapi.co/api/people/11/",
      "http://swapi.co/api/people/12/",
      "http://swapi.co/api/people/13/",
      "http://swapi.co/api/people/20/",
      "http://swapi.co/api/people/21/",
      "http://swapi.co/api/people/33/",
      "http://swapi.co/api/people/46/",
      "http://swapi.co/api/people/51/",
      "http://swapi.co/api/people/52/",
      "http://swapi.co/api/people/53/",
      "http://swapi.co/api/people/54/",
      "http://swapi.co/api/people/55/",
      "http://swapi.co/api/people/56/",
      "http://swapi.co/api/people/58/",
      "http://swapi.co/api/people/63/",
      "http://swapi.co/api/people/64/",
      "http://swapi.co/api/people/67/",
      "http://swapi.co/api/people/68/",
      "http://swapi.co/api/people/75/",
      "http://swapi.co/api/people/78/",
      "http://swapi.co/api/people/79/",
      "http://swapi.co/api/people/80/",
      "http://swapi.co/api/people/81/",
      "http://swapi.co/api/people/82/",
      "http://swapi.co/api/people/83/",
      "http://swapi.co/api/people/35/"
   ],
   "planets": [
      "http://swapi.co/api/planets/2/",
      "http://swapi.co/api/planets/5/",
      "http://swapi.co/api/planets/8/",
      "http://swapi.co/api/planets/9/",
      "http://swapi.co/api/planets/12/",
      "http://swapi.co/api/planets/13/",
      "http://swapi.co/api/planets/14/",
      "http://swapi.co/api/planets/15/",
      "http://swapi.co/api/planets/16/",
      "http://swapi.co/api/planets/17/",
      "http://swapi.co/api/planets/18/",
      "http://swapi.co/api/planets/19/",
      "http://swapi.co/api/planets/1/"
   ],
   "starships": [
      "http://swapi.co/api/starships/48/",
      "http://swapi.co/api/starships/59/",
      "http://swapi.co/api/starships/61/",
      "http://swapi.co/api/starships/32/",
      "http://swapi.co/api/starships/63/",
      "http://swapi.co/api/starships/64/",
      "http://swapi.co/api/starships/65/",
      "http://swapi.co/api/starships/66/",
      "http://swapi.co/api/starships/68/",
      "http://swapi.co/api/starships/74/",
      "http://swapi.co/api/starships/75/",
      "http://swapi.co/api/starships/2/"
   ],
   "vehicles": [
      "http://swapi.co/api/vehicles/33/",
      "http://swapi.co/api/vehicles/50/",
      "http://swapi.co/api/vehicles/60/",
      "http://swapi.co/api/vehicles/62/",
      "http://swapi.co/api/vehicles/67/",
      "http://swapi.co/api/vehicles/69/",
      "http://swapi.co/api/vehicles/70/",
      "http://swapi.co/api/vehicles/71/",
      "http://swapi.co/api/vehicles/72/",
      "http://swapi.co/api/vehicles/73/",
      "http://swapi.co/api/vehicles/76/",
      "http://swapi.co/api/vehicles/53/",
      "http://swapi.co/api/vehicles/56/"
   ],
   "species": [
      "http://swapi.co/api/species/19/",
      "http://swapi.co/api/species/33/",
      "http://swapi.co/api/species/2/",
      "http://swapi.co/api/species/3/",
      "http://swapi.co/api/species/36/",
      "http://swapi.co/api/species/37/",
      "http://swapi.co/api/species/6/",
      "http://swapi.co/api/species/1/",
      "http://swapi.co/api/species/34/",
      "http://swapi.co/api/species/15/",
      "http://swapi.co/api/species/35/",
      "http://swapi.co/api/species/20/",
      "http://swapi.co/api/species/23/",
      "http://swapi.co/api/species/24/",
      "http://swapi.co/api/species/25/",
      "http://swapi.co/api/species/26/",
      "http://swapi.co/api/species/27/",
      "http://swapi.co/api/species/28/",
      "http://swapi.co/api/species/29/",
      "http://swapi.co/api/species/30/"
   ],
   "created": "2014-12-20T18:49:38.403000Z",
   "edited": "2015-04-11T09:45:44.862122Z",
   "url": "http://swapi.co/api/films/6/",
   "desc": [
      "Star Wars: Episode III – Revenge of the Sith is a 2005 American epic space opera film written and directed by George Lucas. It is the sixth entry of the Star Wars film series and stars Ewan McGregor, Natalie Portman, Hayden Christensen, Ian McDiarmid, Samuel L. Jackson, Christopher Lee, Anthony Daniels, Kenny Baker, and Frank Oz. A sequel to The Phantom Menace (1999) and Attack of the Clones (2002), the film is the third and final installment of the Star Wars prequel trilogy.",
      "The film begins three years after the onset of the Clone Wars. The Jedi Knights are spread across the galaxy, leading a massive war against the Separatists. The Jedi Council dispatches Jedi Master Obi-Wan Kenobi to eliminate the notorious General Grievous, leader of the Separatist Army. Meanwhile, Jedi Knight Anakin Skywalker grows close to Palpatine, the Supreme Chancellor of the Galactic Republic and, unknown to the public, a Sith Lord. Their deepening friendship threatens the Jedi Order, the Republic, and Anakin himself.",
      "Lucas began writing the script before production of Attack of the Clones ended. Production of Revenge of the Sith started in September 2003, and filming took place in Australia with additional locations in Thailand, Switzerland, China, Italy and the United Kingdom. Revenge of the Sith premiered on May 15, 2005, at the Cannes Film Festival, then released worldwide on May 19, 2005. The film received generally positive reviews from critics, especially in contrast to the less positive reviews of the previous two prequels, including praise for its storyline, action scenes, John Williams' musical score, visual effects, and performances from Ewan McGregor, Ian McDiarmid, Frank Oz, and Jimmy Smits. It is the final film in the Star Wars franchise to be distributed by 20th Century Fox before The Walt Disney Company's acquisition of Lucasfilm in 2012.",
      "Revenge of the Sith broke several box office records during its opening week and went on to earn over $848 million worldwide,[4] making it, at the time, the third-highest-grossing film in the Star Wars franchise, unadjusted for inflation. It was the highest-grossing film of 2005 in the U.S. and the second-highest-grossing film of 2005 behind Harry Potter and the Goblet of Fire.[4] The film also holds the record for the highest opening day gross on a Thursday, making $50,013,859.00.[5] The Star Wars saga continued with the release of The Force Awakens, the first installment of the sequel trilogy, in 2015.[6][7]"
   ]
}}
