{ "film": {
   "title": "The Force Awakens",
   "episode_id": 7,
   "opening_crawl": "Luke Skywalker has vanished.
In his absence, the sinister
FIRST ORDER has risen from
the ashes of the Empire
and will not rest until
Skywalker, the last Jedi,
has been destroyed.
 
With the support of the
REPUBLIC, General Leia Organa
leads a brave RESISTANCE.
She is desperate to find her
brother Luke and gain his
help in restoring peace and
justice to the galaxy.
 
Leia has sent her most daring
pilot on a secret mission
to Jakku, where an old ally
has discovered a clue to
Luke's whereabouts....",
   "director": "J. J. Abrams",
   "producer": "Kathleen Kennedy, J. J. Abrams, Bryan Burk",
   "release_date": "2015-12-11",
   "characters": [
      "http://swapi.co/api/people/1/",
      "http://swapi.co/api/people/3/",
      "http://swapi.co/api/people/5/",
      "http://swapi.co/api/people/13/",
      "http://swapi.co/api/people/14/",
      "http://swapi.co/api/people/27/",
      "http://swapi.co/api/people/84/",
      "http://swapi.co/api/people/85/",
      "http://swapi.co/api/people/86/",
      "http://swapi.co/api/people/87/",
      "http://swapi.co/api/people/88/"
   ],
   "planets": [
      "http://swapi.co/api/planets/61/"
   ],
   "starships": [
      "http://swapi.co/api/starships/77/",
      "http://swapi.co/api/starships/10/"
   ],
   "vehicles": [],
   "species": [
      "http://swapi.co/api/species/3/",
      "http://swapi.co/api/species/2/",
      "http://swapi.co/api/species/1/"
   ],
   "created": "2015-04-17T06:51:30.504780Z",
   "edited": "2015-12-17T14:31:47.617768Z",
   "url": "http://swapi.co/api/films/7/",
   "desc": [
      "Star Wars: The Force Awakens (also known as Star Wars: Episode VII – The Force Awakens) is a 2015 American epic space opera film co-written, co-produced and directed by J. J. Abrams. The sequel to 1983's Return of the Jedi, The Force Awakens is the first installment of the Star Wars sequel trilogy. It stars Harrison Ford, Mark Hamill, Carrie Fisher, Adam Driver, Daisy Ridley, John Boyega, Oscar Isaac, Lupita Nyong'o, Andy Serkis, Domhnall Gleeson, Anthony Daniels, Peter Mayhew, and Max von Sydow. Produced by Lucasfilm Ltd. and Abrams' production company Bad Robot Productions and distributed worldwide by Walt Disney Studios Motion Pictures, The Force Awakens was the first Star Wars film not produced by franchise creator George Lucas. Set 30 years after Return of the Jedi, it follows Rey, Finn and Poe Dameron's search for Luke Skywalker and their fight alongside the Resistance, led by veterans of the Rebel Alliance, against Kylo Ren and the First Order, a successor to the Galactic Empire.",
      "The Force Awakens was announced after The Walt Disney Company's acquisition of Lucasfilm in October 2012. It was produced by Abrams, his longtime collaborator Bryan Burk, and Lucasfilm president Kathleen Kennedy. Abrams and Lawrence Kasdan, co-writer of the original trilogy films The Empire Strikes Back (1980) and Return of the Jedi (1983), rewrote an initial script by Michael Arndt. John Williams, composer for the previous six films, returned to compose the film's score. Lucas served as creative consultant during the film's early production. Filming began in April 2014 in Abu Dhabi and Iceland, with principal photography also taking place in Ireland and Pinewood Studios in the United Kingdom, and concluded in November 2014. It is the first live-action Star Wars film since Revenge of the Sith (2005).",
      "Star Wars: The Force Awakens was widely anticipated, and Disney backed the film with extensive marketing campaigns. It premiered in Los Angeles on December 14, 2015, four days before its wide release. The film received positive reviews, with its ensemble cast, direction, musical score, visual effects, and action sequences receiving particular praise, though it received some criticism for being derivative of the original trilogy. The film broke various box office records and became, unadjusted for inflation, the highest-grossing installment in the franchise, the highest-grossing film in North America, and the third-highest-grossing film of all time, with a worldwide gross of over $2 billion and a net profit of over $780 million.[6][7] It received five Academy Award nominations and four British Academy Film Award nominations, where it won Best Special Visual Effects. Two sequels, The Last Jedi and Episode IX, are scheduled for release in 2017 and 2019, respectively."
   ]
}}
