<starship xmlns="http://h2o.consulting/ns/star-wars">
   <name>J-type diplomatic barge</name>
   <model>J-type diplomatic barge</model>
   <manufacturer>Theed Palace Space Vessel Engineering Corps, Nubia Star Drives</manufacturer>
   <cost_in_credits>2000000</cost_in_credits>
   <length>39</length>
   <max_atmosphering_speed>2000</max_atmosphering_speed>
   <crew>5</crew>
   <passengers>10</passengers>
   <consumables>1 year</consumables>
   <hyperdrive_rating>0.7</hyperdrive_rating>
   <starship_class>Diplomatic barge</starship_class>
   <films>http://swapi.co/api/films/5/</films>
   <created>2014-12-20T11:05:51.237000Z</created>
   <edited>2014-12-22T17:35:45.124386Z</edited>
   <url>http://swapi.co/api/starships/43/</url>
</starship>
