<starship>
   <name>Sentinel-class landing craft</name>
   <model>Sentinel-class landing craft</model>
   <manufacturer>Sienar Fleet Systems, Cyngus Spaceworks</manufacturer>
   <cost_in_credits>240000</cost_in_credits>
   <length>38</length>
   <max_atmosphering_speed>1000</max_atmosphering_speed>
   <crew>5</crew>
   <passengers>75</passengers>
   <cargo_capacity>180000</cargo_capacity>
   <consumables>1 month</consumables>
   <hyperdrive_rating>1.0</hyperdrive_rating>
   <MGLT>70</MGLT>
   <starship_class>landing craft</starship_class>
   <films>http://swapi.co/api/films/1/</films>
   <created>2014-12-10T15:48:00.586000Z</created>
   <edited>2014-12-22T17:35:44.431407Z</edited>
   <url>http://swapi.co/api/starships/5/</url>
</starship>
