<starship>
   <name>Belbullab-22 starfighter</name>
   <model>Belbullab-22 starfighter</model>
   <manufacturer>Feethan Ottraw Scalable Assemblies</manufacturer>
   <cost_in_credits>168000</cost_in_credits>
   <length>6.71</length>
   <max_atmosphering_speed>1100</max_atmosphering_speed>
   <crew>1</crew>
   <passengers>0</passengers>
   <cargo_capacity>140</cargo_capacity>
   <consumables>7 days</consumables>
   <hyperdrive_rating>6</hyperdrive_rating>
   <starship_class>starfighter</starship_class>
   <pilots>http://swapi.co/api/people/10/</pilots>
   <pilots>http://swapi.co/api/people/79/</pilots>
   <films>http://swapi.co/api/films/6/</films>
   <created>2014-12-20T20:38:05.031000Z</created>
   <edited>2014-12-22T17:35:45.381900Z</edited>
   <url>http://swapi.co/api/starships/74/</url>
</starship>
